{
  "meta": {
    "version": 1,
    "exportedAt": "2026-06-16T04:55:34.470Z",
    "config": {
      "cols": 14,
      "rows": 24,
      "spacing": 25
    }
  },
  "initialState": {
    "totalLines": 48,
    "solvable": true,
    "lines": [
      {
        "index": 0,
        "label": "48",
        "round": "1-7",
        "flyDir": "down",
        "headCol": 5,
        "headRow": 19,
        "tailCol": 4,
        "tailRow": 16,
        "stepCount": 8,
        "path": "right×1 → down×1 → right×2 → down×1 → left×2 → down×1",
        "disposed": false
      },
      {
        "index": 1,
        "label": "47",
        "round": "1-7",
        "flyDir": "up",
        "headCol": 7,
        "headRow": 12,
        "tailCol": 7,
        "tailRow": 13,
        "stepCount": 1,
        "path": "up×1",
        "disposed": false
      },
      {
        "index": 2,
        "label": "46",
        "round": "1-7",
        "flyDir": "up",
        "headCol": 9,
        "headRow": 9,
        "tailCol": 9,
        "tailRow": 11,
        "stepCount": 2,
        "path": "up×2",
        "disposed": false
      },
      {
        "index": 3,
        "label": "45",
        "round": "1-7",
        "flyDir": "up",
        "headCol": 8,
        "headRow": 12,
        "tailCol": 9,
        "tailRow": 12,
        "stepCount": 3,
        "path": "down×1 → left×1 → up×1",
        "disposed": false
      },
      {
        "index": 4,
        "label": "44",
        "round": "1-7",
        "flyDir": "down",
        "headCol": 3,
        "headRow": 18,
        "tailCol": 4,
        "tailRow": 18,
        "stepCount": 3,
        "path": "up×1 → left×1 → down×1",
        "disposed": false
      },
      {
        "index": 5,
        "label": "43",
        "round": "1-7",
        "flyDir": "left",
        "headCol": 5,
        "headRow": 14,
        "tailCol": 5,
        "tailRow": 15,
        "stepCount": 11,
        "path": "right×2 → down×1 → right×1 → up×1 → right×1 → up×1 → left×4",
        "disposed": false
      },
      {
        "index": 6,
        "label": "42",
        "round": "1-7",
        "flyDir": "right",
        "headCol": 11,
        "headRow": 13,
        "tailCol": 10,
        "tailRow": 12,
        "stepCount": 2,
        "path": "down×1 → right×1",
        "disposed": false
      },
      {
        "index": 7,
        "label": "41",
        "round": "1-7",
        "flyDir": "down",
        "headCol": 8,
        "headRow": 22,
        "tailCol": 7,
        "tailRow": 19,
        "stepCount": 4,
        "path": "down×2 → right×1 → down×1",
        "disposed": false
      },
      {
        "index": 8,
        "label": "40",
        "round": "1-7",
        "flyDir": "right",
        "headCol": 10,
        "headRow": 19,
        "tailCol": 9,
        "tailRow": 18,
        "stepCount": 6,
        "path": "up×1 → left×1 → down×2 → right×2",
        "disposed": false
      },
      {
        "index": 9,
        "label": "39",
        "round": "1-7",
        "flyDir": "up",
        "headCol": 2,
        "headRow": 10,
        "tailCol": 5,
        "tailRow": 8,
        "stepCount": 7,
        "path": "down×2 → left×2 → down×1 → left×1 → up×1",
        "disposed": false
      },
      {
        "index": 10,
        "label": "38",
        "round": "1-7",
        "flyDir": "left",
        "headCol": 1,
        "headRow": 16,
        "tailCol": 3,
        "tailRow": 16,
        "stepCount": 2,
        "path": "left×2",
        "disposed": false
      },
      {
        "index": 11,
        "label": "37",
        "round": "1-7",
        "flyDir": "up",
        "headCol": 6,
        "headRow": 11,
        "tailCol": 5,
        "tailRow": 11,
        "stepCount": 11,
        "path": "left×1 → down×1 → left×2 → down×1 → right×3 → up×1 → right×1 → up×1",
        "disposed": false
      },
      {
        "index": 12,
        "label": "36",
        "round": "1-6",
        "flyDir": "left",
        "headCol": 8,
        "headRow": 7,
        "tailCol": 7,
        "tailRow": 4,
        "stepCount": 8,
        "path": "down×2 → right×1 → up×1 → right×1 → down×2 → left×1",
        "disposed": false
      },
      {
        "index": 13,
        "label": "35",
        "round": "1-6",
        "flyDir": "down",
        "headCol": 10,
        "headRow": 3,
        "tailCol": 11,
        "tailRow": 2,
        "stepCount": 2,
        "path": "left×1 → down×1",
        "disposed": false
      },
      {
        "index": 14,
        "label": "34",
        "round": "1-6",
        "flyDir": "right",
        "headCol": 12,
        "headRow": 6,
        "tailCol": 11,
        "tailRow": 8,
        "stepCount": 3,
        "path": "up×2 → right×1",
        "disposed": false
      },
      {
        "index": 15,
        "label": "33",
        "round": "1-6",
        "flyDir": "down",
        "headCol": 10,
        "headRow": 8,
        "tailCol": 10,
        "tailRow": 5,
        "stepCount": 3,
        "path": "down×3",
        "disposed": false
      },
      {
        "index": 16,
        "label": "32",
        "round": "1-6",
        "flyDir": "left",
        "headCol": 9,
        "headRow": 0,
        "tailCol": 10,
        "tailRow": 1,
        "stepCount": 2,
        "path": "up×1 → left×1",
        "disposed": false
      },
      {
        "index": 17,
        "label": "31",
        "round": "1-6",
        "flyDir": "up",
        "headCol": 9,
        "headRow": 3,
        "tailCol": 9,
        "tailRow": 4,
        "stepCount": 1,
        "path": "up×1",
        "disposed": false
      },
      {
        "index": 18,
        "label": "30",
        "round": "1-5",
        "flyDir": "right",
        "headCol": 4,
        "headRow": 21,
        "tailCol": 3,
        "tailRow": 20,
        "stepCount": 2,
        "path": "down×1 → right×1",
        "disposed": false
      },
      {
        "index": 19,
        "label": "29",
        "round": "1-4",
        "flyDir": "up",
        "headCol": 5,
        "headRow": 2,
        "tailCol": 5,
        "tailRow": 3,
        "stepCount": 1,
        "path": "up×1",
        "disposed": false
      },
      {
        "index": 20,
        "label": "28",
        "round": "1-3",
        "flyDir": "left",
        "headCol": 2,
        "headRow": 4,
        "tailCol": 3,
        "tailRow": 4,
        "stepCount": 1,
        "path": "left×1",
        "disposed": false
      },
      {
        "index": 21,
        "label": "27",
        "round": "1-2",
        "flyDir": "left",
        "headCol": 2,
        "headRow": 8,
        "tailCol": 3,
        "tailRow": 8,
        "stepCount": 1,
        "path": "left×1",
        "disposed": false
      },
      {
        "index": 22,
        "label": "26",
        "round": "1-1",
        "flyDir": "up",
        "headCol": 11,
        "headRow": 15,
        "tailCol": 11,
        "tailRow": 16,
        "stepCount": 1,
        "path": "up×1",
        "disposed": false
      },
      {
        "index": 23,
        "label": "25",
        "round": "1",
        "flyDir": "left",
        "headCol": 0,
        "headRow": 8,
        "tailCol": 0,
        "tailRow": 7,
        "stepCount": 3,
        "path": "right×1 → down×1 → left×1",
        "disposed": false
      },
      {
        "index": 24,
        "label": "24",
        "round": "1",
        "flyDir": "right",
        "headCol": 13,
        "headRow": 15,
        "tailCol": 12,
        "tailRow": 15,
        "stepCount": 1,
        "path": "right×1",
        "disposed": false
      },
      {
        "index": 25,
        "label": "23",
        "round": "1",
        "flyDir": "up",
        "headCol": 7,
        "headRow": 0,
        "tailCol": 6,
        "tailRow": 0,
        "stepCount": 5,
        "path": "down×2 → right×1 → up×2",
        "disposed": false
      },
      {
        "index": 26,
        "label": "22",
        "round": "1",
        "flyDir": "left",
        "headCol": 0,
        "headRow": 14,
        "tailCol": 0,
        "tailRow": 16,
        "stepCount": 10,
        "path": "up×1 → right×4 → up×1 → left×4",
        "disposed": false
      },
      {
        "index": 27,
        "label": "21",
        "round": "1",
        "flyDir": "left",
        "headCol": 0,
        "headRow": 4,
        "tailCol": 0,
        "tailRow": 5,
        "stepCount": 3,
        "path": "right×1 → up×1 → left×1",
        "disposed": false
      },
      {
        "index": 28,
        "label": "20",
        "round": "1",
        "flyDir": "right",
        "headCol": 13,
        "headRow": 16,
        "tailCol": 10,
        "tailRow": 17,
        "stepCount": 6,
        "path": "down×1 → right×1 → up×1 → right×1 → up×1 → right×1",
        "disposed": false
      },
      {
        "index": 29,
        "label": "19",
        "round": "1",
        "flyDir": "left",
        "headCol": 0,
        "headRow": 6,
        "tailCol": 2,
        "tailRow": 5,
        "stepCount": 7,
        "path": "right×1 → down×2 → left×1 → up×1 → left×2",
        "disposed": false
      },
      {
        "index": 30,
        "label": "18",
        "round": "1",
        "flyDir": "right",
        "headCol": 13,
        "headRow": 11,
        "tailCol": 13,
        "tailRow": 10,
        "stepCount": 11,
        "path": "up×1 → left×3 → down×2 → right×1 → up×1 → right×1 → down×1 → right×1",
        "disposed": false
      },
      {
        "index": 31,
        "label": "17",
        "round": "1",
        "flyDir": "up",
        "headCol": 8,
        "headRow": 0,
        "tailCol": 9,
        "tailRow": 8,
        "stepCount": 25,
        "path": "left×1 → down×3 → left×1 → up×1 → left×1 → up×2 → right×1 → up×1 → left×1 → up×2 → left×1 → up×1 → right×1 → up×1 → right×2 → up×1 → right×1 → up×1 → left×1 → up×1",
        "disposed": false
      },
      {
        "index": 32,
        "label": "16",
        "round": "1",
        "flyDir": "right",
        "headCol": 13,
        "headRow": 13,
        "tailCol": 9,
        "tailRow": 16,
        "stepCount": 7,
        "path": "right×1 → up×2 → right×2 → up×1 → right×1",
        "disposed": false
      },
      {
        "index": 33,
        "label": "15",
        "round": "1",
        "flyDir": "down",
        "headCol": 4,
        "headRow": 23,
        "tailCol": 2,
        "tailRow": 22,
        "stepCount": 7,
        "path": "left×1 → down×1 → right×2 → up×1 → right×1 → down×1",
        "disposed": false
      },
      {
        "index": 34,
        "label": "14",
        "round": "1",
        "flyDir": "down",
        "headCol": 6,
        "headRow": 23,
        "tailCol": 8,
        "tailRow": 23,
        "stepCount": 4,
        "path": "left×1 → up×1 → left×1 → down×1",
        "disposed": false
      },
      {
        "index": 35,
        "label": "13",
        "round": "1",
        "flyDir": "left",
        "headCol": 0,
        "headRow": 10,
        "tailCol": 0,
        "tailRow": 13,
        "stepCount": 7,
        "path": "right×1 → up×1 → left×1 → up×1 → right×1 → up×1 → left×1",
        "disposed": false
      },
      {
        "index": 36,
        "label": "12",
        "round": "1",
        "flyDir": "left",
        "headCol": 0,
        "headRow": 18,
        "tailCol": 0,
        "tailRow": 17,
        "stepCount": 5,
        "path": "right×2 → down×1 → left×2",
        "disposed": false
      },
      {
        "index": 37,
        "label": "11",
        "round": "1",
        "flyDir": "down",
        "headCol": 5,
        "headRow": 23,
        "tailCol": 2,
        "tailRow": 19,
        "stepCount": 9,
        "path": "right×2 → down×1 → right×2 → down×1 → left×1 → down×2",
        "disposed": false
      },
      {
        "index": 38,
        "label": "10",
        "round": "1",
        "flyDir": "up",
        "headCol": 13,
        "headRow": 0,
        "tailCol": 11,
        "tailRow": 1,
        "stepCount": 7,
        "path": "up×1 → right×1 → down×2 → right×1 → up×2",
        "disposed": false
      },
      {
        "index": 39,
        "label": "9",
        "round": "1",
        "flyDir": "right",
        "headCol": 13,
        "headRow": 12,
        "tailCol": 11,
        "tailRow": 12,
        "stepCount": 2,
        "path": "right×2",
        "disposed": false
      },
      {
        "index": 40,
        "label": "8",
        "round": "1",
        "flyDir": "up",
        "headCol": 2,
        "headRow": 0,
        "tailCol": 4,
        "tailRow": 0,
        "stepCount": 6,
        "path": "left×1 → down×2 → left×1 → up×2",
        "disposed": false
      },
      {
        "index": 41,
        "label": "7",
        "round": "1",
        "flyDir": "right",
        "headCol": 13,
        "headRow": 23,
        "tailCol": 13,
        "tailRow": 19,
        "stepCount": 24,
        "path": "up×1 → left×1 → down×1 → left×1 → down×1 → right×2 → down×2 → left×1 → up×1 → left×2 → up×1 → left×1 → down×3 → right×1 → up×1 → right×1 → down×1 → right×2",
        "disposed": false
      },
      {
        "index": 42,
        "label": "6",
        "round": "1",
        "flyDir": "up",
        "headCol": 0,
        "headRow": 0,
        "tailCol": 0,
        "tailRow": 3,
        "stepCount": 3,
        "path": "up×3",
        "disposed": false
      },
      {
        "index": 43,
        "label": "5",
        "round": "1",
        "flyDir": "up",
        "headCol": 1,
        "headRow": 0,
        "tailCol": 0,
        "tailRow": 9,
        "stepCount": 18,
        "path": "right×4 → up×2 → right×1 → up×1 → left×1 → up×3 → left×3 → up×3",
        "disposed": false
      },
      {
        "index": 44,
        "label": "4",
        "round": "1",
        "flyDir": "right",
        "headCol": 13,
        "headRow": 8,
        "tailCol": 11,
        "tailRow": 5,
        "stepCount": 7,
        "path": "right×2 → down×2 → left×1 → down×1 → right×1",
        "disposed": false
      },
      {
        "index": 45,
        "label": "3",
        "round": "1",
        "flyDir": "right",
        "headCol": 13,
        "headRow": 3,
        "tailCol": 10,
        "tailRow": 4,
        "stepCount": 4,
        "path": "right×2 → up×1 → right×1",
        "disposed": false
      },
      {
        "index": 46,
        "label": "2",
        "round": "1",
        "flyDir": "down",
        "headCol": 0,
        "headRow": 23,
        "tailCol": 2,
        "tailRow": 20,
        "stepCount": 9,
        "path": "down×1 → left×1 → up×2 → left×1 → down×4",
        "disposed": false
      },
      {
        "index": 47,
        "label": "1",
        "round": "1",
        "flyDir": "up",
        "headCol": 5,
        "headRow": 0,
        "tailCol": 4,
        "tailRow": 2,
        "stepCount": 3,
        "path": "up×1 → right×1 → up×1",
        "disposed": false
      }
    ],
    "dependencies": {
      "0": 37,
      "1": 31,
      "2": 31,
      "3": 31,
      "4": 37,
      "5": 26,
      "6": 32,
      "7": 34,
      "8": 41,
      "9": 43,
      "10": 26,
      "11": 31,
      "12": 31,
      "13": 45,
      "14": 44,
      "15": 30,
      "16": 31,
      "17": 31,
      "18": 37,
      "19": 47,
      "20": 27,
      "21": 23,
      "22": 32,
      "23": null,
      "24": null,
      "25": null,
      "26": null,
      "27": null,
      "28": null,
      "29": null,
      "30": null,
      "31": null,
      "32": null,
      "33": null,
      "34": null,
      "35": null,
      "36": null,
      "37": null,
      "38": null,
      "39": null,
      "40": null,
      "41": null,
      "42": null,
      "43": null,
      "44": null,
      "45": null,
      "46": null,
      "47": null
    },
    "cycles": []
  },
  "summary": {
    "phase": "mid-execution",
    "totalEvents": 578,
    "clicks": 60,
    "advances": 424,
    "retreats": 34,
    "collisions": 19,
    "disposals": 41,
    "linesInBounds": 7,
    "linesOutOfBounds": 0,
    "linesDisposed": 41
  },
  "batches": [
    {
      "round": "1",
      "region": "全棋盘",
      "regionSize": 336,
      "count": 25,
      "labels": "[1-25]",
      "cells": []
    },
    {
      "round": "1-1",
      "region": "空区(2格)",
      "regionSize": 2,
      "count": 1,
      "labels": "[26-26]",
      "cells": [
        [
          11,
          15
        ],
        [
          11,
          16
        ]
      ]
    },
    {
      "round": "1-2",
      "region": "空区(2格)",
      "regionSize": 2,
      "count": 1,
      "labels": "[27-27]",
      "cells": [
        [
          2,
          8
        ],
        [
          3,
          8
        ]
      ]
    },
    {
      "round": "1-3",
      "region": "空区(2格)",
      "regionSize": 2,
      "count": 1,
      "labels": "[28-28]",
      "cells": [
        [
          2,
          4
        ],
        [
          3,
          4
        ]
      ]
    },
    {
      "round": "1-4",
      "region": "空区(2格)",
      "regionSize": 2,
      "count": 1,
      "labels": "[29-29]",
      "cells": [
        [
          5,
          2
        ],
        [
          5,
          3
        ]
      ]
    },
    {
      "round": "1-5",
      "region": "空区(3格)",
      "regionSize": 3,
      "count": 1,
      "labels": "[30-30]",
      "cells": [
        [
          3,
          20
        ],
        [
          3,
          21
        ],
        [
          4,
          21
        ]
      ]
    },
    {
      "round": "1-6",
      "region": "空区(27格)",
      "regionSize": 27,
      "count": 6,
      "labels": "[31-36]",
      "cells": [
        [
          9,
          0
        ],
        [
          10,
          0
        ],
        [
          10,
          1
        ],
        [
          10,
          2
        ],
        [
          11,
          2
        ],
        [
          10,
          3
        ],
        [
          11,
          3
        ],
        [
          9,
          3
        ],
        [
          9,
          4
        ],
        [
          8,
          4
        ],
        [
          9,
          5
        ],
        [
          7,
          4
        ],
        [
          8,
          5
        ],
        [
          10,
          5
        ],
        [
          9,
          6
        ],
        [
          7,
          5
        ],
        [
          8,
          6
        ],
        [
          10,
          6
        ],
        [
          9,
          7
        ],
        [
          7,
          6
        ],
        [
          8,
          7
        ],
        [
          11,
          6
        ],
        [
          10,
          7
        ],
        [
          12,
          6
        ],
        [
          11,
          7
        ],
        [
          10,
          8
        ],
        [
          11,
          8
        ]
      ]
    },
    {
      "round": "1-7",
      "region": "空区(76格)",
      "regionSize": 76,
      "count": 12,
      "labels": "[37-48]",
      "cells": [
        [
          5,
          8
        ],
        [
          5,
          9
        ],
        [
          5,
          10
        ],
        [
          4,
          10
        ],
        [
          5,
          11
        ],
        [
          3,
          10
        ],
        [
          4,
          11
        ],
        [
          6,
          11
        ],
        [
          5,
          12
        ],
        [
          2,
          10
        ],
        [
          3,
          11
        ],
        [
          4,
          12
        ],
        [
          6,
          12
        ],
        [
          5,
          13
        ],
        [
          2,
          11
        ],
        [
          3,
          12
        ],
        [
          4,
          13
        ],
        [
          7,
          12
        ],
        [
          6,
          13
        ],
        [
          5,
          14
        ],
        [
          2,
          12
        ],
        [
          3,
          13
        ],
        [
          8,
          12
        ],
        [
          7,
          13
        ],
        [
          6,
          14
        ],
        [
          5,
          15
        ],
        [
          2,
          13
        ],
        [
          9,
          12
        ],
        [
          8,
          13
        ],
        [
          7,
          14
        ],
        [
          6,
          15
        ],
        [
          5,
          16
        ],
        [
          10,
          12
        ],
        [
          9,
          13
        ],
        [
          9,
          11
        ],
        [
          8,
          14
        ],
        [
          7,
          15
        ],
        [
          6,
          16
        ],
        [
          4,
          16
        ],
        [
          5,
          17
        ],
        [
          10,
          13
        ],
        [
          9,
          14
        ],
        [
          9,
          10
        ],
        [
          8,
          15
        ],
        [
          7,
          16
        ],
        [
          6,
          17
        ],
        [
          3,
          16
        ],
        [
          4,
          17
        ],
        [
          5,
          18
        ],
        [
          11,
          13
        ],
        [
          9,
          15
        ],
        [
          9,
          9
        ],
        [
          8,
          16
        ],
        [
          7,
          17
        ],
        [
          6,
          18
        ],
        [
          2,
          16
        ],
        [
          3,
          17
        ],
        [
          4,
          18
        ],
        [
          5,
          19
        ],
        [
          8,
          17
        ],
        [
          7,
          18
        ],
        [
          6,
          19
        ],
        [
          1,
          16
        ],
        [
          3,
          18
        ],
        [
          9,
          17
        ],
        [
          8,
          18
        ],
        [
          7,
          19
        ],
        [
          9,
          18
        ],
        [
          8,
          19
        ],
        [
          7,
          20
        ],
        [
          9,
          19
        ],
        [
          8,
          20
        ],
        [
          7,
          21
        ],
        [
          10,
          19
        ],
        [
          8,
          21
        ],
        [
          8,
          22
        ]
      ]
    }
  ],
  "events": [
    {
      "seq": 1,
      "type": "click",
      "label": "1",
      "ts": 1731,
      "detail": {}
    },
    {
      "seq": 2,
      "type": "advance",
      "label": "1",
      "ts": 1732,
      "detail": {
        "headBefore": [
          5,
          0
        ],
        "headAfter": [
          5,
          -1
        ],
        "tailBefore": [
          4,
          2
        ],
        "tailAfter": [
          4,
          1
        ],
        "dir": "up"
      }
    },
    {
      "seq": 3,
      "type": "advance",
      "label": "1",
      "ts": 1788,
      "detail": {
        "headBefore": [
          5,
          -1
        ],
        "headAfter": [
          5,
          -2
        ],
        "tailBefore": [
          4,
          1
        ],
        "tailAfter": [
          5,
          1
        ],
        "dir": "up"
      }
    },
    {
      "seq": 4,
      "type": "advance",
      "label": "1",
      "ts": 1839,
      "detail": {
        "headBefore": [
          5,
          -2
        ],
        "headAfter": [
          5,
          -3
        ],
        "tailBefore": [
          5,
          1
        ],
        "tailAfter": [
          5,
          0
        ],
        "dir": "up"
      }
    },
    {
      "seq": 5,
      "type": "advance",
      "label": "1",
      "ts": 1888,
      "detail": {
        "headBefore": [
          5,
          -3
        ],
        "headAfter": [
          5,
          -4
        ],
        "tailBefore": [
          5,
          0
        ],
        "tailAfter": [
          5,
          -1
        ],
        "dir": "up"
      }
    },
    {
      "seq": 6,
      "type": "dispose",
      "label": "1",
      "ts": 1888,
      "detail": {}
    },
    {
      "seq": 7,
      "type": "click",
      "label": "2",
      "ts": 2222,
      "detail": {}
    },
    {
      "seq": 8,
      "type": "advance",
      "label": "2",
      "ts": 2223,
      "detail": {
        "headBefore": [
          0,
          23
        ],
        "headAfter": [
          0,
          24
        ],
        "tailBefore": [
          2,
          20
        ],
        "tailAfter": [
          2,
          21
        ],
        "dir": "down"
      }
    },
    {
      "seq": 9,
      "type": "advance",
      "label": "2",
      "ts": 2272,
      "detail": {
        "headBefore": [
          0,
          24
        ],
        "headAfter": [
          0,
          25
        ],
        "tailBefore": [
          2,
          21
        ],
        "tailAfter": [
          1,
          21
        ],
        "dir": "down"
      }
    },
    {
      "seq": 10,
      "type": "advance",
      "label": "2",
      "ts": 2323,
      "detail": {
        "headBefore": [
          0,
          25
        ],
        "headAfter": [
          0,
          26
        ],
        "tailBefore": [
          1,
          21
        ],
        "tailAfter": [
          1,
          20
        ],
        "dir": "down"
      }
    },
    {
      "seq": 11,
      "type": "advance",
      "label": "2",
      "ts": 2372,
      "detail": {
        "headBefore": [
          0,
          26
        ],
        "headAfter": [
          0,
          27
        ],
        "tailBefore": [
          1,
          20
        ],
        "tailAfter": [
          1,
          19
        ],
        "dir": "down"
      }
    },
    {
      "seq": 12,
      "type": "advance",
      "label": "2",
      "ts": 2439,
      "detail": {
        "headBefore": [
          0,
          27
        ],
        "headAfter": [
          0,
          28
        ],
        "tailBefore": [
          1,
          19
        ],
        "tailAfter": [
          0,
          19
        ],
        "dir": "down"
      }
    },
    {
      "seq": 13,
      "type": "advance",
      "label": "2",
      "ts": 2489,
      "detail": {
        "headBefore": [
          0,
          28
        ],
        "headAfter": [
          0,
          29
        ],
        "tailBefore": [
          0,
          19
        ],
        "tailAfter": [
          0,
          20
        ],
        "dir": "down"
      }
    },
    {
      "seq": 14,
      "type": "advance",
      "label": "2",
      "ts": 2539,
      "detail": {
        "headBefore": [
          0,
          29
        ],
        "headAfter": [
          0,
          30
        ],
        "tailBefore": [
          0,
          20
        ],
        "tailAfter": [
          0,
          21
        ],
        "dir": "down"
      }
    },
    {
      "seq": 15,
      "type": "advance",
      "label": "2",
      "ts": 2589,
      "detail": {
        "headBefore": [
          0,
          30
        ],
        "headAfter": [
          0,
          31
        ],
        "tailBefore": [
          0,
          21
        ],
        "tailAfter": [
          0,
          22
        ],
        "dir": "down"
      }
    },
    {
      "seq": 16,
      "type": "advance",
      "label": "2",
      "ts": 2639,
      "detail": {
        "headBefore": [
          0,
          31
        ],
        "headAfter": [
          0,
          32
        ],
        "tailBefore": [
          0,
          22
        ],
        "tailAfter": [
          0,
          23
        ],
        "dir": "down"
      }
    },
    {
      "seq": 17,
      "type": "advance",
      "label": "2",
      "ts": 2689,
      "detail": {
        "headBefore": [
          0,
          32
        ],
        "headAfter": [
          0,
          33
        ],
        "tailBefore": [
          0,
          23
        ],
        "tailAfter": [
          0,
          24
        ],
        "dir": "down"
      }
    },
    {
      "seq": 18,
      "type": "dispose",
      "label": "2",
      "ts": 2689,
      "detail": {}
    },
    {
      "seq": 19,
      "type": "click",
      "label": "3",
      "ts": 2722,
      "detail": {}
    },
    {
      "seq": 20,
      "type": "advance",
      "label": "3",
      "ts": 2723,
      "detail": {
        "headBefore": [
          13,
          3
        ],
        "headAfter": [
          14,
          3
        ],
        "tailBefore": [
          10,
          4
        ],
        "tailAfter": [
          11,
          4
        ],
        "dir": "right"
      }
    },
    {
      "seq": 21,
      "type": "advance",
      "label": "3",
      "ts": 2772,
      "detail": {
        "headBefore": [
          14,
          3
        ],
        "headAfter": [
          15,
          3
        ],
        "tailBefore": [
          11,
          4
        ],
        "tailAfter": [
          12,
          4
        ],
        "dir": "right"
      }
    },
    {
      "seq": 22,
      "type": "advance",
      "label": "3",
      "ts": 2823,
      "detail": {
        "headBefore": [
          15,
          3
        ],
        "headAfter": [
          16,
          3
        ],
        "tailBefore": [
          12,
          4
        ],
        "tailAfter": [
          12,
          3
        ],
        "dir": "right"
      }
    },
    {
      "seq": 23,
      "type": "advance",
      "label": "3",
      "ts": 2873,
      "detail": {
        "headBefore": [
          16,
          3
        ],
        "headAfter": [
          17,
          3
        ],
        "tailBefore": [
          12,
          3
        ],
        "tailAfter": [
          13,
          3
        ],
        "dir": "right"
      }
    },
    {
      "seq": 24,
      "type": "advance",
      "label": "3",
      "ts": 2923,
      "detail": {
        "headBefore": [
          17,
          3
        ],
        "headAfter": [
          18,
          3
        ],
        "tailBefore": [
          13,
          3
        ],
        "tailAfter": [
          14,
          3
        ],
        "dir": "right"
      }
    },
    {
      "seq": 25,
      "type": "dispose",
      "label": "3",
      "ts": 2923,
      "detail": {}
    },
    {
      "seq": 26,
      "type": "click",
      "label": "4",
      "ts": 3222,
      "detail": {}
    },
    {
      "seq": 27,
      "type": "advance",
      "label": "4",
      "ts": 3223,
      "detail": {
        "headBefore": [
          13,
          8
        ],
        "headAfter": [
          14,
          8
        ],
        "tailBefore": [
          11,
          5
        ],
        "tailAfter": [
          12,
          5
        ],
        "dir": "right"
      }
    },
    {
      "seq": 28,
      "type": "advance",
      "label": "4",
      "ts": 3273,
      "detail": {
        "headBefore": [
          14,
          8
        ],
        "headAfter": [
          15,
          8
        ],
        "tailBefore": [
          12,
          5
        ],
        "tailAfter": [
          13,
          5
        ],
        "dir": "right"
      }
    },
    {
      "seq": 29,
      "type": "advance",
      "label": "4",
      "ts": 3323,
      "detail": {
        "headBefore": [
          15,
          8
        ],
        "headAfter": [
          16,
          8
        ],
        "tailBefore": [
          13,
          5
        ],
        "tailAfter": [
          13,
          6
        ],
        "dir": "right"
      }
    },
    {
      "seq": 30,
      "type": "advance",
      "label": "4",
      "ts": 3373,
      "detail": {
        "headBefore": [
          16,
          8
        ],
        "headAfter": [
          17,
          8
        ],
        "tailBefore": [
          13,
          6
        ],
        "tailAfter": [
          13,
          7
        ],
        "dir": "right"
      }
    },
    {
      "seq": 31,
      "type": "advance",
      "label": "4",
      "ts": 3423,
      "detail": {
        "headBefore": [
          17,
          8
        ],
        "headAfter": [
          18,
          8
        ],
        "tailBefore": [
          13,
          7
        ],
        "tailAfter": [
          12,
          7
        ],
        "dir": "right"
      }
    },
    {
      "seq": 32,
      "type": "advance",
      "label": "4",
      "ts": 3474,
      "detail": {
        "headBefore": [
          18,
          8
        ],
        "headAfter": [
          19,
          8
        ],
        "tailBefore": [
          12,
          7
        ],
        "tailAfter": [
          12,
          8
        ],
        "dir": "right"
      }
    },
    {
      "seq": 33,
      "type": "advance",
      "label": "4",
      "ts": 3523,
      "detail": {
        "headBefore": [
          19,
          8
        ],
        "headAfter": [
          20,
          8
        ],
        "tailBefore": [
          12,
          8
        ],
        "tailAfter": [
          13,
          8
        ],
        "dir": "right"
      }
    },
    {
      "seq": 34,
      "type": "advance",
      "label": "4",
      "ts": 3574,
      "detail": {
        "headBefore": [
          20,
          8
        ],
        "headAfter": [
          21,
          8
        ],
        "tailBefore": [
          13,
          8
        ],
        "tailAfter": [
          14,
          8
        ],
        "dir": "right"
      }
    },
    {
      "seq": 35,
      "type": "dispose",
      "label": "4",
      "ts": 3574,
      "detail": {}
    },
    {
      "seq": 36,
      "type": "click",
      "label": "5",
      "ts": 3723,
      "detail": {}
    },
    {
      "seq": 37,
      "type": "advance",
      "label": "5",
      "ts": 3724,
      "detail": {
        "headBefore": [
          1,
          0
        ],
        "headAfter": [
          1,
          -1
        ],
        "tailBefore": [
          0,
          9
        ],
        "tailAfter": [
          1,
          9
        ],
        "dir": "up"
      }
    },
    {
      "seq": 38,
      "type": "advance",
      "label": "5",
      "ts": 3774,
      "detail": {
        "headBefore": [
          1,
          -1
        ],
        "headAfter": [
          1,
          -2
        ],
        "tailBefore": [
          1,
          9
        ],
        "tailAfter": [
          2,
          9
        ],
        "dir": "up"
      }
    },
    {
      "seq": 39,
      "type": "advance",
      "label": "5",
      "ts": 3824,
      "detail": {
        "headBefore": [
          1,
          -2
        ],
        "headAfter": [
          1,
          -3
        ],
        "tailBefore": [
          2,
          9
        ],
        "tailAfter": [
          3,
          9
        ],
        "dir": "up"
      }
    },
    {
      "seq": 40,
      "type": "advance",
      "label": "5",
      "ts": 3874,
      "detail": {
        "headBefore": [
          1,
          -3
        ],
        "headAfter": [
          1,
          -4
        ],
        "tailBefore": [
          3,
          9
        ],
        "tailAfter": [
          4,
          9
        ],
        "dir": "up"
      }
    },
    {
      "seq": 41,
      "type": "advance",
      "label": "5",
      "ts": 3923,
      "detail": {
        "headBefore": [
          1,
          -4
        ],
        "headAfter": [
          1,
          -5
        ],
        "tailBefore": [
          4,
          9
        ],
        "tailAfter": [
          4,
          8
        ],
        "dir": "up"
      }
    },
    {
      "seq": 42,
      "type": "advance",
      "label": "5",
      "ts": 3974,
      "detail": {
        "headBefore": [
          1,
          -5
        ],
        "headAfter": [
          1,
          -6
        ],
        "tailBefore": [
          4,
          8
        ],
        "tailAfter": [
          4,
          7
        ],
        "dir": "up"
      }
    },
    {
      "seq": 43,
      "type": "advance",
      "label": "5",
      "ts": 4024,
      "detail": {
        "headBefore": [
          1,
          -6
        ],
        "headAfter": [
          1,
          -7
        ],
        "tailBefore": [
          4,
          7
        ],
        "tailAfter": [
          5,
          7
        ],
        "dir": "up"
      }
    },
    {
      "seq": 44,
      "type": "advance",
      "label": "5",
      "ts": 4074,
      "detail": {
        "headBefore": [
          1,
          -7
        ],
        "headAfter": [
          1,
          -8
        ],
        "tailBefore": [
          5,
          7
        ],
        "tailAfter": [
          5,
          6
        ],
        "dir": "up"
      }
    },
    {
      "seq": 45,
      "type": "advance",
      "label": "5",
      "ts": 4124,
      "detail": {
        "headBefore": [
          1,
          -8
        ],
        "headAfter": [
          1,
          -9
        ],
        "tailBefore": [
          5,
          6
        ],
        "tailAfter": [
          4,
          6
        ],
        "dir": "up"
      }
    },
    {
      "seq": 46,
      "type": "advance",
      "label": "5",
      "ts": 4174,
      "detail": {
        "headBefore": [
          1,
          -9
        ],
        "headAfter": [
          1,
          -10
        ],
        "tailBefore": [
          4,
          6
        ],
        "tailAfter": [
          4,
          5
        ],
        "dir": "up"
      }
    },
    {
      "seq": 47,
      "type": "click",
      "label": "6",
      "ts": 4223,
      "detail": {}
    },
    {
      "seq": 48,
      "type": "advance",
      "label": "6",
      "ts": 4224,
      "detail": {
        "headBefore": [
          0,
          0
        ],
        "headAfter": [
          0,
          -1
        ],
        "tailBefore": [
          0,
          3
        ],
        "tailAfter": [
          0,
          2
        ],
        "dir": "up"
      }
    },
    {
      "seq": 49,
      "type": "advance",
      "label": "5",
      "ts": 4224,
      "detail": {
        "headBefore": [
          1,
          -10
        ],
        "headAfter": [
          1,
          -11
        ],
        "tailBefore": [
          4,
          5
        ],
        "tailAfter": [
          4,
          4
        ],
        "dir": "up"
      }
    },
    {
      "seq": 50,
      "type": "advance",
      "label": "6",
      "ts": 4274,
      "detail": {
        "headBefore": [
          0,
          -1
        ],
        "headAfter": [
          0,
          -2
        ],
        "tailBefore": [
          0,
          2
        ],
        "tailAfter": [
          0,
          1
        ],
        "dir": "up"
      }
    },
    {
      "seq": 51,
      "type": "advance",
      "label": "5",
      "ts": 4274,
      "detail": {
        "headBefore": [
          1,
          -11
        ],
        "headAfter": [
          1,
          -12
        ],
        "tailBefore": [
          4,
          4
        ],
        "tailAfter": [
          4,
          3
        ],
        "dir": "up"
      }
    },
    {
      "seq": 52,
      "type": "advance",
      "label": "6",
      "ts": 4324,
      "detail": {
        "headBefore": [
          0,
          -2
        ],
        "headAfter": [
          0,
          -3
        ],
        "tailBefore": [
          0,
          1
        ],
        "tailAfter": [
          0,
          0
        ],
        "dir": "up"
      }
    },
    {
      "seq": 53,
      "type": "advance",
      "label": "5",
      "ts": 4325,
      "detail": {
        "headBefore": [
          1,
          -12
        ],
        "headAfter": [
          1,
          -13
        ],
        "tailBefore": [
          4,
          3
        ],
        "tailAfter": [
          3,
          3
        ],
        "dir": "up"
      }
    },
    {
      "seq": 54,
      "type": "advance",
      "label": "6",
      "ts": 4374,
      "detail": {
        "headBefore": [
          0,
          -3
        ],
        "headAfter": [
          0,
          -4
        ],
        "tailBefore": [
          0,
          0
        ],
        "tailAfter": [
          0,
          -1
        ],
        "dir": "up"
      }
    },
    {
      "seq": 55,
      "type": "dispose",
      "label": "6",
      "ts": 4374,
      "detail": {}
    },
    {
      "seq": 56,
      "type": "advance",
      "label": "5",
      "ts": 4375,
      "detail": {
        "headBefore": [
          1,
          -13
        ],
        "headAfter": [
          1,
          -14
        ],
        "tailBefore": [
          3,
          3
        ],
        "tailAfter": [
          2,
          3
        ],
        "dir": "up"
      }
    },
    {
      "seq": 57,
      "type": "advance",
      "label": "5",
      "ts": 4424,
      "detail": {
        "headBefore": [
          1,
          -14
        ],
        "headAfter": [
          1,
          -15
        ],
        "tailBefore": [
          2,
          3
        ],
        "tailAfter": [
          1,
          3
        ],
        "dir": "up"
      }
    },
    {
      "seq": 58,
      "type": "advance",
      "label": "5",
      "ts": 4474,
      "detail": {
        "headBefore": [
          1,
          -15
        ],
        "headAfter": [
          1,
          -16
        ],
        "tailBefore": [
          1,
          3
        ],
        "tailAfter": [
          1,
          2
        ],
        "dir": "up"
      }
    },
    {
      "seq": 59,
      "type": "advance",
      "label": "5",
      "ts": 4525,
      "detail": {
        "headBefore": [
          1,
          -16
        ],
        "headAfter": [
          1,
          -17
        ],
        "tailBefore": [
          1,
          2
        ],
        "tailAfter": [
          1,
          1
        ],
        "dir": "up"
      }
    },
    {
      "seq": 60,
      "type": "advance",
      "label": "5",
      "ts": 4574,
      "detail": {
        "headBefore": [
          1,
          -17
        ],
        "headAfter": [
          1,
          -18
        ],
        "tailBefore": [
          1,
          1
        ],
        "tailAfter": [
          1,
          0
        ],
        "dir": "up"
      }
    },
    {
      "seq": 61,
      "type": "advance",
      "label": "5",
      "ts": 4624,
      "detail": {
        "headBefore": [
          1,
          -18
        ],
        "headAfter": [
          1,
          -19
        ],
        "tailBefore": [
          1,
          0
        ],
        "tailAfter": [
          1,
          -1
        ],
        "dir": "up"
      }
    },
    {
      "seq": 62,
      "type": "dispose",
      "label": "5",
      "ts": 4624,
      "detail": {}
    },
    {
      "seq": 63,
      "type": "click",
      "label": "7",
      "ts": 4724,
      "detail": {}
    },
    {
      "seq": 64,
      "type": "advance",
      "label": "7",
      "ts": 4725,
      "detail": {
        "headBefore": [
          13,
          23
        ],
        "headAfter": [
          14,
          23
        ],
        "tailBefore": [
          13,
          19
        ],
        "tailAfter": [
          13,
          18
        ],
        "dir": "right"
      }
    },
    {
      "seq": 65,
      "type": "advance",
      "label": "7",
      "ts": 4791,
      "detail": {
        "headBefore": [
          14,
          23
        ],
        "headAfter": [
          15,
          23
        ],
        "tailBefore": [
          13,
          18
        ],
        "tailAfter": [
          12,
          18
        ],
        "dir": "right"
      }
    },
    {
      "seq": 66,
      "type": "advance",
      "label": "7",
      "ts": 4841,
      "detail": {
        "headBefore": [
          15,
          23
        ],
        "headAfter": [
          16,
          23
        ],
        "tailBefore": [
          12,
          18
        ],
        "tailAfter": [
          12,
          19
        ],
        "dir": "right"
      }
    },
    {
      "seq": 67,
      "type": "advance",
      "label": "7",
      "ts": 4908,
      "detail": {
        "headBefore": [
          16,
          23
        ],
        "headAfter": [
          17,
          23
        ],
        "tailBefore": [
          12,
          19
        ],
        "tailAfter": [
          11,
          19
        ],
        "dir": "right"
      }
    },
    {
      "seq": 68,
      "type": "advance",
      "label": "7",
      "ts": 4958,
      "detail": {
        "headBefore": [
          17,
          23
        ],
        "headAfter": [
          18,
          23
        ],
        "tailBefore": [
          11,
          19
        ],
        "tailAfter": [
          11,
          20
        ],
        "dir": "right"
      }
    },
    {
      "seq": 69,
      "type": "advance",
      "label": "7",
      "ts": 5007,
      "detail": {
        "headBefore": [
          18,
          23
        ],
        "headAfter": [
          19,
          23
        ],
        "tailBefore": [
          11,
          20
        ],
        "tailAfter": [
          12,
          20
        ],
        "dir": "right"
      }
    },
    {
      "seq": 70,
      "type": "advance",
      "label": "7",
      "ts": 5058,
      "detail": {
        "headBefore": [
          19,
          23
        ],
        "headAfter": [
          20,
          23
        ],
        "tailBefore": [
          12,
          20
        ],
        "tailAfter": [
          13,
          20
        ],
        "dir": "right"
      }
    },
    {
      "seq": 71,
      "type": "advance",
      "label": "7",
      "ts": 5108,
      "detail": {
        "headBefore": [
          20,
          23
        ],
        "headAfter": [
          21,
          23
        ],
        "tailBefore": [
          13,
          20
        ],
        "tailAfter": [
          13,
          21
        ],
        "dir": "right"
      }
    },
    {
      "seq": 72,
      "type": "advance",
      "label": "7",
      "ts": 5158,
      "detail": {
        "headBefore": [
          21,
          23
        ],
        "headAfter": [
          22,
          23
        ],
        "tailBefore": [
          13,
          21
        ],
        "tailAfter": [
          13,
          22
        ],
        "dir": "right"
      }
    },
    {
      "seq": 73,
      "type": "advance",
      "label": "7",
      "ts": 5208,
      "detail": {
        "headBefore": [
          22,
          23
        ],
        "headAfter": [
          23,
          23
        ],
        "tailBefore": [
          13,
          22
        ],
        "tailAfter": [
          12,
          22
        ],
        "dir": "right"
      }
    },
    {
      "seq": 74,
      "type": "click",
      "label": "8",
      "ts": 5224,
      "detail": {}
    },
    {
      "seq": 75,
      "type": "advance",
      "label": "8",
      "ts": 5225,
      "detail": {
        "headBefore": [
          2,
          0
        ],
        "headAfter": [
          2,
          -1
        ],
        "tailBefore": [
          4,
          0
        ],
        "tailAfter": [
          3,
          0
        ],
        "dir": "up"
      }
    },
    {
      "seq": 76,
      "type": "advance",
      "label": "7",
      "ts": 5258,
      "detail": {
        "headBefore": [
          23,
          23
        ],
        "headAfter": [
          24,
          23
        ],
        "tailBefore": [
          12,
          22
        ],
        "tailAfter": [
          12,
          21
        ],
        "dir": "right"
      }
    },
    {
      "seq": 77,
      "type": "advance",
      "label": "8",
      "ts": 5274,
      "detail": {
        "headBefore": [
          2,
          -1
        ],
        "headAfter": [
          2,
          -2
        ],
        "tailBefore": [
          3,
          0
        ],
        "tailAfter": [
          3,
          1
        ],
        "dir": "up"
      }
    },
    {
      "seq": 78,
      "type": "advance",
      "label": "7",
      "ts": 5308,
      "detail": {
        "headBefore": [
          24,
          23
        ],
        "headAfter": [
          25,
          23
        ],
        "tailBefore": [
          12,
          21
        ],
        "tailAfter": [
          11,
          21
        ],
        "dir": "right"
      }
    },
    {
      "seq": 79,
      "type": "advance",
      "label": "8",
      "ts": 5325,
      "detail": {
        "headBefore": [
          2,
          -2
        ],
        "headAfter": [
          2,
          -3
        ],
        "tailBefore": [
          3,
          1
        ],
        "tailAfter": [
          3,
          2
        ],
        "dir": "up"
      }
    },
    {
      "seq": 80,
      "type": "advance",
      "label": "7",
      "ts": 5358,
      "detail": {
        "headBefore": [
          25,
          23
        ],
        "headAfter": [
          26,
          23
        ],
        "tailBefore": [
          11,
          21
        ],
        "tailAfter": [
          10,
          21
        ],
        "dir": "right"
      }
    },
    {
      "seq": 81,
      "type": "advance",
      "label": "8",
      "ts": 5374,
      "detail": {
        "headBefore": [
          2,
          -3
        ],
        "headAfter": [
          2,
          -4
        ],
        "tailBefore": [
          3,
          2
        ],
        "tailAfter": [
          2,
          2
        ],
        "dir": "up"
      }
    },
    {
      "seq": 82,
      "type": "advance",
      "label": "7",
      "ts": 5408,
      "detail": {
        "headBefore": [
          26,
          23
        ],
        "headAfter": [
          27,
          23
        ],
        "tailBefore": [
          10,
          21
        ],
        "tailAfter": [
          10,
          20
        ],
        "dir": "right"
      }
    },
    {
      "seq": 83,
      "type": "advance",
      "label": "8",
      "ts": 5425,
      "detail": {
        "headBefore": [
          2,
          -4
        ],
        "headAfter": [
          2,
          -5
        ],
        "tailBefore": [
          2,
          2
        ],
        "tailAfter": [
          2,
          1
        ],
        "dir": "up"
      }
    },
    {
      "seq": 84,
      "type": "advance",
      "label": "7",
      "ts": 5458,
      "detail": {
        "headBefore": [
          27,
          23
        ],
        "headAfter": [
          28,
          23
        ],
        "tailBefore": [
          10,
          20
        ],
        "tailAfter": [
          9,
          20
        ],
        "dir": "right"
      }
    },
    {
      "seq": 85,
      "type": "advance",
      "label": "8",
      "ts": 5475,
      "detail": {
        "headBefore": [
          2,
          -5
        ],
        "headAfter": [
          2,
          -6
        ],
        "tailBefore": [
          2,
          1
        ],
        "tailAfter": [
          2,
          0
        ],
        "dir": "up"
      }
    },
    {
      "seq": 86,
      "type": "advance",
      "label": "7",
      "ts": 5508,
      "detail": {
        "headBefore": [
          28,
          23
        ],
        "headAfter": [
          29,
          23
        ],
        "tailBefore": [
          9,
          20
        ],
        "tailAfter": [
          9,
          21
        ],
        "dir": "right"
      }
    },
    {
      "seq": 87,
      "type": "advance",
      "label": "8",
      "ts": 5524,
      "detail": {
        "headBefore": [
          2,
          -6
        ],
        "headAfter": [
          2,
          -7
        ],
        "tailBefore": [
          2,
          0
        ],
        "tailAfter": [
          2,
          -1
        ],
        "dir": "up"
      }
    },
    {
      "seq": 88,
      "type": "dispose",
      "label": "8",
      "ts": 5524,
      "detail": {}
    },
    {
      "seq": 89,
      "type": "advance",
      "label": "7",
      "ts": 5558,
      "detail": {
        "headBefore": [
          29,
          23
        ],
        "headAfter": [
          30,
          23
        ],
        "tailBefore": [
          9,
          21
        ],
        "tailAfter": [
          9,
          22
        ],
        "dir": "right"
      }
    },
    {
      "seq": 90,
      "type": "advance",
      "label": "7",
      "ts": 5608,
      "detail": {
        "headBefore": [
          30,
          23
        ],
        "headAfter": [
          31,
          23
        ],
        "tailBefore": [
          9,
          22
        ],
        "tailAfter": [
          9,
          23
        ],
        "dir": "right"
      }
    },
    {
      "seq": 91,
      "type": "advance",
      "label": "7",
      "ts": 5659,
      "detail": {
        "headBefore": [
          31,
          23
        ],
        "headAfter": [
          32,
          23
        ],
        "tailBefore": [
          9,
          23
        ],
        "tailAfter": [
          10,
          23
        ],
        "dir": "right"
      }
    },
    {
      "seq": 92,
      "type": "advance",
      "label": "7",
      "ts": 5709,
      "detail": {
        "headBefore": [
          32,
          23
        ],
        "headAfter": [
          33,
          23
        ],
        "tailBefore": [
          10,
          23
        ],
        "tailAfter": [
          10,
          22
        ],
        "dir": "right"
      }
    },
    {
      "seq": 93,
      "type": "click",
      "label": "9",
      "ts": 5724,
      "detail": {}
    },
    {
      "seq": 94,
      "type": "advance",
      "label": "9",
      "ts": 5725,
      "detail": {
        "headBefore": [
          13,
          12
        ],
        "headAfter": [
          14,
          12
        ],
        "tailBefore": [
          11,
          12
        ],
        "tailAfter": [
          12,
          12
        ],
        "dir": "right"
      }
    },
    {
      "seq": 95,
      "type": "advance",
      "label": "7",
      "ts": 5775,
      "detail": {
        "headBefore": [
          33,
          23
        ],
        "headAfter": [
          34,
          23
        ],
        "tailBefore": [
          10,
          22
        ],
        "tailAfter": [
          11,
          22
        ],
        "dir": "right"
      }
    },
    {
      "seq": 96,
      "type": "advance",
      "label": "9",
      "ts": 5792,
      "detail": {
        "headBefore": [
          14,
          12
        ],
        "headAfter": [
          15,
          12
        ],
        "tailBefore": [
          12,
          12
        ],
        "tailAfter": [
          13,
          12
        ],
        "dir": "right"
      }
    },
    {
      "seq": 97,
      "type": "advance",
      "label": "7",
      "ts": 5825,
      "detail": {
        "headBefore": [
          34,
          23
        ],
        "headAfter": [
          35,
          23
        ],
        "tailBefore": [
          11,
          22
        ],
        "tailAfter": [
          11,
          23
        ],
        "dir": "right"
      }
    },
    {
      "seq": 98,
      "type": "advance",
      "label": "9",
      "ts": 5842,
      "detail": {
        "headBefore": [
          15,
          12
        ],
        "headAfter": [
          16,
          12
        ],
        "tailBefore": [
          13,
          12
        ],
        "tailAfter": [
          14,
          12
        ],
        "dir": "right"
      }
    },
    {
      "seq": 99,
      "type": "dispose",
      "label": "9",
      "ts": 5842,
      "detail": {}
    },
    {
      "seq": 100,
      "type": "advance",
      "label": "7",
      "ts": 5875,
      "detail": {
        "headBefore": [
          35,
          23
        ],
        "headAfter": [
          36,
          23
        ],
        "tailBefore": [
          11,
          23
        ],
        "tailAfter": [
          12,
          23
        ],
        "dir": "right"
      }
    },
    {
      "seq": 101,
      "type": "advance",
      "label": "7",
      "ts": 5925,
      "detail": {
        "headBefore": [
          36,
          23
        ],
        "headAfter": [
          37,
          23
        ],
        "tailBefore": [
          12,
          23
        ],
        "tailAfter": [
          13,
          23
        ],
        "dir": "right"
      }
    },
    {
      "seq": 102,
      "type": "advance",
      "label": "7",
      "ts": 5975,
      "detail": {
        "headBefore": [
          37,
          23
        ],
        "headAfter": [
          38,
          23
        ],
        "tailBefore": [
          13,
          23
        ],
        "tailAfter": [
          14,
          23
        ],
        "dir": "right"
      }
    },
    {
      "seq": 103,
      "type": "dispose",
      "label": "7",
      "ts": 5975,
      "detail": {}
    },
    {
      "seq": 104,
      "type": "click",
      "label": "10",
      "ts": 6225,
      "detail": {}
    },
    {
      "seq": 105,
      "type": "advance",
      "label": "10",
      "ts": 6225,
      "detail": {
        "headBefore": [
          13,
          0
        ],
        "headAfter": [
          13,
          -1
        ],
        "tailBefore": [
          11,
          1
        ],
        "tailAfter": [
          11,
          0
        ],
        "dir": "up"
      }
    },
    {
      "seq": 106,
      "type": "advance",
      "label": "10",
      "ts": 6275,
      "detail": {
        "headBefore": [
          13,
          -1
        ],
        "headAfter": [
          13,
          -2
        ],
        "tailBefore": [
          11,
          0
        ],
        "tailAfter": [
          12,
          0
        ],
        "dir": "up"
      }
    },
    {
      "seq": 107,
      "type": "advance",
      "label": "10",
      "ts": 6325,
      "detail": {
        "headBefore": [
          13,
          -2
        ],
        "headAfter": [
          13,
          -3
        ],
        "tailBefore": [
          12,
          0
        ],
        "tailAfter": [
          12,
          1
        ],
        "dir": "up"
      }
    },
    {
      "seq": 108,
      "type": "advance",
      "label": "10",
      "ts": 6376,
      "detail": {
        "headBefore": [
          13,
          -3
        ],
        "headAfter": [
          13,
          -4
        ],
        "tailBefore": [
          12,
          1
        ],
        "tailAfter": [
          12,
          2
        ],
        "dir": "up"
      }
    },
    {
      "seq": 109,
      "type": "advance",
      "label": "10",
      "ts": 6425,
      "detail": {
        "headBefore": [
          13,
          -4
        ],
        "headAfter": [
          13,
          -5
        ],
        "tailBefore": [
          12,
          2
        ],
        "tailAfter": [
          13,
          2
        ],
        "dir": "up"
      }
    },
    {
      "seq": 110,
      "type": "advance",
      "label": "10",
      "ts": 6475,
      "detail": {
        "headBefore": [
          13,
          -5
        ],
        "headAfter": [
          13,
          -6
        ],
        "tailBefore": [
          13,
          2
        ],
        "tailAfter": [
          13,
          1
        ],
        "dir": "up"
      }
    },
    {
      "seq": 111,
      "type": "advance",
      "label": "10",
      "ts": 6526,
      "detail": {
        "headBefore": [
          13,
          -6
        ],
        "headAfter": [
          13,
          -7
        ],
        "tailBefore": [
          13,
          1
        ],
        "tailAfter": [
          13,
          0
        ],
        "dir": "up"
      }
    },
    {
      "seq": 112,
      "type": "advance",
      "label": "10",
      "ts": 6576,
      "detail": {
        "headBefore": [
          13,
          -7
        ],
        "headAfter": [
          13,
          -8
        ],
        "tailBefore": [
          13,
          0
        ],
        "tailAfter": [
          13,
          -1
        ],
        "dir": "up"
      }
    },
    {
      "seq": 113,
      "type": "dispose",
      "label": "10",
      "ts": 6576,
      "detail": {}
    },
    {
      "seq": 114,
      "type": "click",
      "label": "11",
      "ts": 6725,
      "detail": {}
    },
    {
      "seq": 115,
      "type": "advance",
      "label": "11",
      "ts": 6725,
      "detail": {
        "headBefore": [
          5,
          23
        ],
        "headAfter": [
          5,
          24
        ],
        "tailBefore": [
          2,
          19
        ],
        "tailAfter": [
          3,
          19
        ],
        "dir": "down"
      }
    },
    {
      "seq": 116,
      "type": "advance",
      "label": "11",
      "ts": 6776,
      "detail": {
        "headBefore": [
          5,
          24
        ],
        "headAfter": [
          5,
          25
        ],
        "tailBefore": [
          3,
          19
        ],
        "tailAfter": [
          4,
          19
        ],
        "dir": "down"
      }
    },
    {
      "seq": 117,
      "type": "advance",
      "label": "11",
      "ts": 6826,
      "detail": {
        "headBefore": [
          5,
          25
        ],
        "headAfter": [
          5,
          26
        ],
        "tailBefore": [
          4,
          19
        ],
        "tailAfter": [
          4,
          20
        ],
        "dir": "down"
      }
    },
    {
      "seq": 118,
      "type": "advance",
      "label": "11",
      "ts": 6893,
      "detail": {
        "headBefore": [
          5,
          26
        ],
        "headAfter": [
          5,
          27
        ],
        "tailBefore": [
          4,
          20
        ],
        "tailAfter": [
          5,
          20
        ],
        "dir": "down"
      }
    },
    {
      "seq": 119,
      "type": "advance",
      "label": "11",
      "ts": 6943,
      "detail": {
        "headBefore": [
          5,
          27
        ],
        "headAfter": [
          5,
          28
        ],
        "tailBefore": [
          5,
          20
        ],
        "tailAfter": [
          6,
          20
        ],
        "dir": "down"
      }
    },
    {
      "seq": 120,
      "type": "advance",
      "label": "11",
      "ts": 6992,
      "detail": {
        "headBefore": [
          5,
          28
        ],
        "headAfter": [
          5,
          29
        ],
        "tailBefore": [
          6,
          20
        ],
        "tailAfter": [
          6,
          21
        ],
        "dir": "down"
      }
    },
    {
      "seq": 121,
      "type": "advance",
      "label": "11",
      "ts": 7042,
      "detail": {
        "headBefore": [
          5,
          29
        ],
        "headAfter": [
          5,
          30
        ],
        "tailBefore": [
          6,
          21
        ],
        "tailAfter": [
          5,
          21
        ],
        "dir": "down"
      }
    },
    {
      "seq": 122,
      "type": "advance",
      "label": "11",
      "ts": 7093,
      "detail": {
        "headBefore": [
          5,
          30
        ],
        "headAfter": [
          5,
          31
        ],
        "tailBefore": [
          5,
          21
        ],
        "tailAfter": [
          5,
          22
        ],
        "dir": "down"
      }
    },
    {
      "seq": 123,
      "type": "advance",
      "label": "11",
      "ts": 7143,
      "detail": {
        "headBefore": [
          5,
          31
        ],
        "headAfter": [
          5,
          32
        ],
        "tailBefore": [
          5,
          22
        ],
        "tailAfter": [
          5,
          23
        ],
        "dir": "down"
      }
    },
    {
      "seq": 124,
      "type": "advance",
      "label": "11",
      "ts": 7193,
      "detail": {
        "headBefore": [
          5,
          32
        ],
        "headAfter": [
          5,
          33
        ],
        "tailBefore": [
          5,
          23
        ],
        "tailAfter": [
          5,
          24
        ],
        "dir": "down"
      }
    },
    {
      "seq": 125,
      "type": "dispose",
      "label": "11",
      "ts": 7193,
      "detail": {}
    },
    {
      "seq": 126,
      "type": "click",
      "label": "12",
      "ts": 7225,
      "detail": {}
    },
    {
      "seq": 127,
      "type": "advance",
      "label": "12",
      "ts": 7226,
      "detail": {
        "headBefore": [
          0,
          18
        ],
        "headAfter": [
          -1,
          18
        ],
        "tailBefore": [
          0,
          17
        ],
        "tailAfter": [
          1,
          17
        ],
        "dir": "left"
      }
    },
    {
      "seq": 128,
      "type": "advance",
      "label": "12",
      "ts": 7276,
      "detail": {
        "headBefore": [
          -1,
          18
        ],
        "headAfter": [
          -2,
          18
        ],
        "tailBefore": [
          1,
          17
        ],
        "tailAfter": [
          2,
          17
        ],
        "dir": "left"
      }
    },
    {
      "seq": 129,
      "type": "advance",
      "label": "12",
      "ts": 7326,
      "detail": {
        "headBefore": [
          -2,
          18
        ],
        "headAfter": [
          -3,
          18
        ],
        "tailBefore": [
          2,
          17
        ],
        "tailAfter": [
          2,
          18
        ],
        "dir": "left"
      }
    },
    {
      "seq": 130,
      "type": "advance",
      "label": "12",
      "ts": 7376,
      "detail": {
        "headBefore": [
          -3,
          18
        ],
        "headAfter": [
          -4,
          18
        ],
        "tailBefore": [
          2,
          18
        ],
        "tailAfter": [
          1,
          18
        ],
        "dir": "left"
      }
    },
    {
      "seq": 131,
      "type": "advance",
      "label": "12",
      "ts": 7426,
      "detail": {
        "headBefore": [
          -4,
          18
        ],
        "headAfter": [
          -5,
          18
        ],
        "tailBefore": [
          1,
          18
        ],
        "tailAfter": [
          0,
          18
        ],
        "dir": "left"
      }
    },
    {
      "seq": 132,
      "type": "advance",
      "label": "12",
      "ts": 7493,
      "detail": {
        "headBefore": [
          -5,
          18
        ],
        "headAfter": [
          -6,
          18
        ],
        "tailBefore": [
          0,
          18
        ],
        "tailAfter": [
          -1,
          18
        ],
        "dir": "left"
      }
    },
    {
      "seq": 133,
      "type": "dispose",
      "label": "12",
      "ts": 7493,
      "detail": {}
    },
    {
      "seq": 134,
      "type": "click",
      "label": "13",
      "ts": 7726,
      "detail": {}
    },
    {
      "seq": 135,
      "type": "advance",
      "label": "13",
      "ts": 7726,
      "detail": {
        "headBefore": [
          0,
          10
        ],
        "headAfter": [
          -1,
          10
        ],
        "tailBefore": [
          0,
          13
        ],
        "tailAfter": [
          1,
          13
        ],
        "dir": "left"
      }
    },
    {
      "seq": 136,
      "type": "advance",
      "label": "13",
      "ts": 7777,
      "detail": {
        "headBefore": [
          -1,
          10
        ],
        "headAfter": [
          -2,
          10
        ],
        "tailBefore": [
          1,
          13
        ],
        "tailAfter": [
          1,
          12
        ],
        "dir": "left"
      }
    },
    {
      "seq": 137,
      "type": "advance",
      "label": "13",
      "ts": 7826,
      "detail": {
        "headBefore": [
          -2,
          10
        ],
        "headAfter": [
          -3,
          10
        ],
        "tailBefore": [
          1,
          12
        ],
        "tailAfter": [
          0,
          12
        ],
        "dir": "left"
      }
    },
    {
      "seq": 138,
      "type": "advance",
      "label": "13",
      "ts": 7877,
      "detail": {
        "headBefore": [
          -3,
          10
        ],
        "headAfter": [
          -4,
          10
        ],
        "tailBefore": [
          0,
          12
        ],
        "tailAfter": [
          0,
          11
        ],
        "dir": "left"
      }
    },
    {
      "seq": 139,
      "type": "advance",
      "label": "13",
      "ts": 7926,
      "detail": {
        "headBefore": [
          -4,
          10
        ],
        "headAfter": [
          -5,
          10
        ],
        "tailBefore": [
          0,
          11
        ],
        "tailAfter": [
          1,
          11
        ],
        "dir": "left"
      }
    },
    {
      "seq": 140,
      "type": "advance",
      "label": "13",
      "ts": 7977,
      "detail": {
        "headBefore": [
          -5,
          10
        ],
        "headAfter": [
          -6,
          10
        ],
        "tailBefore": [
          1,
          11
        ],
        "tailAfter": [
          1,
          10
        ],
        "dir": "left"
      }
    },
    {
      "seq": 141,
      "type": "advance",
      "label": "13",
      "ts": 8026,
      "detail": {
        "headBefore": [
          -6,
          10
        ],
        "headAfter": [
          -7,
          10
        ],
        "tailBefore": [
          1,
          10
        ],
        "tailAfter": [
          0,
          10
        ],
        "dir": "left"
      }
    },
    {
      "seq": 142,
      "type": "advance",
      "label": "13",
      "ts": 8077,
      "detail": {
        "headBefore": [
          -7,
          10
        ],
        "headAfter": [
          -8,
          10
        ],
        "tailBefore": [
          0,
          10
        ],
        "tailAfter": [
          -1,
          10
        ],
        "dir": "left"
      }
    },
    {
      "seq": 143,
      "type": "dispose",
      "label": "13",
      "ts": 8077,
      "detail": {}
    },
    {
      "seq": 144,
      "type": "click",
      "label": "14",
      "ts": 8226,
      "detail": {}
    },
    {
      "seq": 145,
      "type": "advance",
      "label": "14",
      "ts": 8227,
      "detail": {
        "headBefore": [
          6,
          23
        ],
        "headAfter": [
          6,
          24
        ],
        "tailBefore": [
          8,
          23
        ],
        "tailAfter": [
          7,
          23
        ],
        "dir": "down"
      }
    },
    {
      "seq": 146,
      "type": "advance",
      "label": "14",
      "ts": 8277,
      "detail": {
        "headBefore": [
          6,
          24
        ],
        "headAfter": [
          6,
          25
        ],
        "tailBefore": [
          7,
          23
        ],
        "tailAfter": [
          7,
          22
        ],
        "dir": "down"
      }
    },
    {
      "seq": 147,
      "type": "advance",
      "label": "14",
      "ts": 8327,
      "detail": {
        "headBefore": [
          6,
          25
        ],
        "headAfter": [
          6,
          26
        ],
        "tailBefore": [
          7,
          22
        ],
        "tailAfter": [
          6,
          22
        ],
        "dir": "down"
      }
    },
    {
      "seq": 148,
      "type": "advance",
      "label": "14",
      "ts": 8377,
      "detail": {
        "headBefore": [
          6,
          26
        ],
        "headAfter": [
          6,
          27
        ],
        "tailBefore": [
          6,
          22
        ],
        "tailAfter": [
          6,
          23
        ],
        "dir": "down"
      }
    },
    {
      "seq": 149,
      "type": "advance",
      "label": "14",
      "ts": 8427,
      "detail": {
        "headBefore": [
          6,
          27
        ],
        "headAfter": [
          6,
          28
        ],
        "tailBefore": [
          6,
          23
        ],
        "tailAfter": [
          6,
          24
        ],
        "dir": "down"
      }
    },
    {
      "seq": 150,
      "type": "dispose",
      "label": "14",
      "ts": 8427,
      "detail": {}
    },
    {
      "seq": 151,
      "type": "click",
      "label": "15",
      "ts": 8726,
      "detail": {}
    },
    {
      "seq": 152,
      "type": "advance",
      "label": "15",
      "ts": 8727,
      "detail": {
        "headBefore": [
          4,
          23
        ],
        "headAfter": [
          4,
          24
        ],
        "tailBefore": [
          2,
          22
        ],
        "tailAfter": [
          1,
          22
        ],
        "dir": "down"
      }
    },
    {
      "seq": 153,
      "type": "advance",
      "label": "15",
      "ts": 8777,
      "detail": {
        "headBefore": [
          4,
          24
        ],
        "headAfter": [
          4,
          25
        ],
        "tailBefore": [
          1,
          22
        ],
        "tailAfter": [
          1,
          23
        ],
        "dir": "down"
      }
    },
    {
      "seq": 154,
      "type": "advance",
      "label": "15",
      "ts": 8827,
      "detail": {
        "headBefore": [
          4,
          25
        ],
        "headAfter": [
          4,
          26
        ],
        "tailBefore": [
          1,
          23
        ],
        "tailAfter": [
          2,
          23
        ],
        "dir": "down"
      }
    },
    {
      "seq": 155,
      "type": "advance",
      "label": "15",
      "ts": 8877,
      "detail": {
        "headBefore": [
          4,
          26
        ],
        "headAfter": [
          4,
          27
        ],
        "tailBefore": [
          2,
          23
        ],
        "tailAfter": [
          3,
          23
        ],
        "dir": "down"
      }
    },
    {
      "seq": 156,
      "type": "advance",
      "label": "15",
      "ts": 8927,
      "detail": {
        "headBefore": [
          4,
          27
        ],
        "headAfter": [
          4,
          28
        ],
        "tailBefore": [
          3,
          23
        ],
        "tailAfter": [
          3,
          22
        ],
        "dir": "down"
      }
    },
    {
      "seq": 157,
      "type": "advance",
      "label": "15",
      "ts": 8977,
      "detail": {
        "headBefore": [
          4,
          28
        ],
        "headAfter": [
          4,
          29
        ],
        "tailBefore": [
          3,
          22
        ],
        "tailAfter": [
          4,
          22
        ],
        "dir": "down"
      }
    },
    {
      "seq": 158,
      "type": "advance",
      "label": "15",
      "ts": 9027,
      "detail": {
        "headBefore": [
          4,
          29
        ],
        "headAfter": [
          4,
          30
        ],
        "tailBefore": [
          4,
          22
        ],
        "tailAfter": [
          4,
          23
        ],
        "dir": "down"
      }
    },
    {
      "seq": 159,
      "type": "advance",
      "label": "15",
      "ts": 9077,
      "detail": {
        "headBefore": [
          4,
          30
        ],
        "headAfter": [
          4,
          31
        ],
        "tailBefore": [
          4,
          23
        ],
        "tailAfter": [
          4,
          24
        ],
        "dir": "down"
      }
    },
    {
      "seq": 160,
      "type": "dispose",
      "label": "15",
      "ts": 9077,
      "detail": {}
    },
    {
      "seq": 161,
      "type": "click",
      "label": "16",
      "ts": 9227,
      "detail": {}
    },
    {
      "seq": 162,
      "type": "advance",
      "label": "16",
      "ts": 9228,
      "detail": {
        "headBefore": [
          13,
          13
        ],
        "headAfter": [
          14,
          13
        ],
        "tailBefore": [
          9,
          16
        ],
        "tailAfter": [
          10,
          16
        ],
        "dir": "right"
      }
    },
    {
      "seq": 163,
      "type": "advance",
      "label": "16",
      "ts": 9278,
      "detail": {
        "headBefore": [
          14,
          13
        ],
        "headAfter": [
          15,
          13
        ],
        "tailBefore": [
          10,
          16
        ],
        "tailAfter": [
          10,
          15
        ],
        "dir": "right"
      }
    },
    {
      "seq": 164,
      "type": "advance",
      "label": "16",
      "ts": 9328,
      "detail": {
        "headBefore": [
          15,
          13
        ],
        "headAfter": [
          16,
          13
        ],
        "tailBefore": [
          10,
          15
        ],
        "tailAfter": [
          10,
          14
        ],
        "dir": "right"
      }
    },
    {
      "seq": 165,
      "type": "advance",
      "label": "16",
      "ts": 9378,
      "detail": {
        "headBefore": [
          16,
          13
        ],
        "headAfter": [
          17,
          13
        ],
        "tailBefore": [
          10,
          14
        ],
        "tailAfter": [
          11,
          14
        ],
        "dir": "right"
      }
    },
    {
      "seq": 166,
      "type": "advance",
      "label": "16",
      "ts": 9427,
      "detail": {
        "headBefore": [
          17,
          13
        ],
        "headAfter": [
          18,
          13
        ],
        "tailBefore": [
          11,
          14
        ],
        "tailAfter": [
          12,
          14
        ],
        "dir": "right"
      }
    },
    {
      "seq": 167,
      "type": "advance",
      "label": "16",
      "ts": 9478,
      "detail": {
        "headBefore": [
          18,
          13
        ],
        "headAfter": [
          19,
          13
        ],
        "tailBefore": [
          12,
          14
        ],
        "tailAfter": [
          12,
          13
        ],
        "dir": "right"
      }
    },
    {
      "seq": 168,
      "type": "advance",
      "label": "16",
      "ts": 9528,
      "detail": {
        "headBefore": [
          19,
          13
        ],
        "headAfter": [
          20,
          13
        ],
        "tailBefore": [
          12,
          13
        ],
        "tailAfter": [
          13,
          13
        ],
        "dir": "right"
      }
    },
    {
      "seq": 169,
      "type": "advance",
      "label": "16",
      "ts": 9578,
      "detail": {
        "headBefore": [
          20,
          13
        ],
        "headAfter": [
          21,
          13
        ],
        "tailBefore": [
          13,
          13
        ],
        "tailAfter": [
          14,
          13
        ],
        "dir": "right"
      }
    },
    {
      "seq": 170,
      "type": "dispose",
      "label": "16",
      "ts": 9578,
      "detail": {}
    },
    {
      "seq": 171,
      "type": "click",
      "label": "17",
      "ts": 9727,
      "detail": {}
    },
    {
      "seq": 172,
      "type": "advance",
      "label": "17",
      "ts": 9728,
      "detail": {
        "headBefore": [
          8,
          0
        ],
        "headAfter": [
          8,
          -1
        ],
        "tailBefore": [
          9,
          8
        ],
        "tailAfter": [
          8,
          8
        ],
        "dir": "up"
      }
    },
    {
      "seq": 173,
      "type": "advance",
      "label": "17",
      "ts": 9778,
      "detail": {
        "headBefore": [
          8,
          -1
        ],
        "headAfter": [
          8,
          -2
        ],
        "tailBefore": [
          8,
          8
        ],
        "tailAfter": [
          8,
          9
        ],
        "dir": "up"
      }
    },
    {
      "seq": 174,
      "type": "advance",
      "label": "17",
      "ts": 9829,
      "detail": {
        "headBefore": [
          8,
          -2
        ],
        "headAfter": [
          8,
          -3
        ],
        "tailBefore": [
          8,
          9
        ],
        "tailAfter": [
          8,
          10
        ],
        "dir": "up"
      }
    },
    {
      "seq": 175,
      "type": "advance",
      "label": "17",
      "ts": 9878,
      "detail": {
        "headBefore": [
          8,
          -3
        ],
        "headAfter": [
          8,
          -4
        ],
        "tailBefore": [
          8,
          10
        ],
        "tailAfter": [
          8,
          11
        ],
        "dir": "up"
      }
    },
    {
      "seq": 176,
      "type": "advance",
      "label": "17",
      "ts": 9928,
      "detail": {
        "headBefore": [
          8,
          -4
        ],
        "headAfter": [
          8,
          -5
        ],
        "tailBefore": [
          8,
          11
        ],
        "tailAfter": [
          7,
          11
        ],
        "dir": "up"
      }
    },
    {
      "seq": 177,
      "type": "advance",
      "label": "17",
      "ts": 9978,
      "detail": {
        "headBefore": [
          8,
          -5
        ],
        "headAfter": [
          8,
          -6
        ],
        "tailBefore": [
          7,
          11
        ],
        "tailAfter": [
          7,
          10
        ],
        "dir": "up"
      }
    },
    {
      "seq": 178,
      "type": "advance",
      "label": "17",
      "ts": 10029,
      "detail": {
        "headBefore": [
          8,
          -6
        ],
        "headAfter": [
          8,
          -7
        ],
        "tailBefore": [
          7,
          10
        ],
        "tailAfter": [
          6,
          10
        ],
        "dir": "up"
      }
    },
    {
      "seq": 179,
      "type": "advance",
      "label": "17",
      "ts": 10078,
      "detail": {
        "headBefore": [
          8,
          -7
        ],
        "headAfter": [
          8,
          -8
        ],
        "tailBefore": [
          6,
          10
        ],
        "tailAfter": [
          6,
          9
        ],
        "dir": "up"
      }
    },
    {
      "seq": 180,
      "type": "advance",
      "label": "17",
      "ts": 10129,
      "detail": {
        "headBefore": [
          8,
          -8
        ],
        "headAfter": [
          8,
          -9
        ],
        "tailBefore": [
          6,
          9
        ],
        "tailAfter": [
          6,
          8
        ],
        "dir": "up"
      }
    },
    {
      "seq": 181,
      "type": "advance",
      "label": "17",
      "ts": 10178,
      "detail": {
        "headBefore": [
          8,
          -9
        ],
        "headAfter": [
          8,
          -10
        ],
        "tailBefore": [
          6,
          8
        ],
        "tailAfter": [
          7,
          8
        ],
        "dir": "up"
      }
    },
    {
      "seq": 182,
      "type": "click",
      "label": "18",
      "ts": 10228,
      "detail": {}
    },
    {
      "seq": 183,
      "type": "advance",
      "label": "18",
      "ts": 10229,
      "detail": {
        "headBefore": [
          13,
          11
        ],
        "headAfter": [
          14,
          11
        ],
        "tailBefore": [
          13,
          10
        ],
        "tailAfter": [
          13,
          9
        ],
        "dir": "right"
      }
    },
    {
      "seq": 184,
      "type": "advance",
      "label": "17",
      "ts": 10229,
      "detail": {
        "headBefore": [
          8,
          -10
        ],
        "headAfter": [
          8,
          -11
        ],
        "tailBefore": [
          7,
          8
        ],
        "tailAfter": [
          7,
          7
        ],
        "dir": "up"
      }
    },
    {
      "seq": 185,
      "type": "advance",
      "label": "18",
      "ts": 10278,
      "detail": {
        "headBefore": [
          14,
          11
        ],
        "headAfter": [
          15,
          11
        ],
        "tailBefore": [
          13,
          9
        ],
        "tailAfter": [
          12,
          9
        ],
        "dir": "right"
      }
    },
    {
      "seq": 186,
      "type": "advance",
      "label": "17",
      "ts": 10279,
      "detail": {
        "headBefore": [
          8,
          -11
        ],
        "headAfter": [
          8,
          -12
        ],
        "tailBefore": [
          7,
          7
        ],
        "tailAfter": [
          6,
          7
        ],
        "dir": "up"
      }
    },
    {
      "seq": 187,
      "type": "advance",
      "label": "18",
      "ts": 10329,
      "detail": {
        "headBefore": [
          15,
          11
        ],
        "headAfter": [
          16,
          11
        ],
        "tailBefore": [
          12,
          9
        ],
        "tailAfter": [
          11,
          9
        ],
        "dir": "right"
      }
    },
    {
      "seq": 188,
      "type": "advance",
      "label": "17",
      "ts": 10329,
      "detail": {
        "headBefore": [
          8,
          -12
        ],
        "headAfter": [
          8,
          -13
        ],
        "tailBefore": [
          6,
          7
        ],
        "tailAfter": [
          6,
          6
        ],
        "dir": "up"
      }
    },
    {
      "seq": 189,
      "type": "advance",
      "label": "18",
      "ts": 10379,
      "detail": {
        "headBefore": [
          16,
          11
        ],
        "headAfter": [
          17,
          11
        ],
        "tailBefore": [
          11,
          9
        ],
        "tailAfter": [
          10,
          9
        ],
        "dir": "right"
      }
    },
    {
      "seq": 190,
      "type": "advance",
      "label": "17",
      "ts": 10379,
      "detail": {
        "headBefore": [
          8,
          -13
        ],
        "headAfter": [
          8,
          -14
        ],
        "tailBefore": [
          6,
          6
        ],
        "tailAfter": [
          6,
          5
        ],
        "dir": "up"
      }
    },
    {
      "seq": 191,
      "type": "advance",
      "label": "18",
      "ts": 10429,
      "detail": {
        "headBefore": [
          17,
          11
        ],
        "headAfter": [
          18,
          11
        ],
        "tailBefore": [
          10,
          9
        ],
        "tailAfter": [
          10,
          10
        ],
        "dir": "right"
      }
    },
    {
      "seq": 192,
      "type": "advance",
      "label": "17",
      "ts": 10430,
      "detail": {
        "headBefore": [
          8,
          -14
        ],
        "headAfter": [
          8,
          -15
        ],
        "tailBefore": [
          6,
          5
        ],
        "tailAfter": [
          5,
          5
        ],
        "dir": "up"
      }
    },
    {
      "seq": 193,
      "type": "advance",
      "label": "18",
      "ts": 10479,
      "detail": {
        "headBefore": [
          18,
          11
        ],
        "headAfter": [
          19,
          11
        ],
        "tailBefore": [
          10,
          10
        ],
        "tailAfter": [
          10,
          11
        ],
        "dir": "right"
      }
    },
    {
      "seq": 194,
      "type": "advance",
      "label": "17",
      "ts": 10480,
      "detail": {
        "headBefore": [
          8,
          -15
        ],
        "headAfter": [
          8,
          -16
        ],
        "tailBefore": [
          5,
          5
        ],
        "tailAfter": [
          5,
          4
        ],
        "dir": "up"
      }
    },
    {
      "seq": 195,
      "type": "advance",
      "label": "18",
      "ts": 10528,
      "detail": {
        "headBefore": [
          19,
          11
        ],
        "headAfter": [
          20,
          11
        ],
        "tailBefore": [
          10,
          11
        ],
        "tailAfter": [
          11,
          11
        ],
        "dir": "right"
      }
    },
    {
      "seq": 196,
      "type": "advance",
      "label": "17",
      "ts": 10529,
      "detail": {
        "headBefore": [
          8,
          -16
        ],
        "headAfter": [
          8,
          -17
        ],
        "tailBefore": [
          5,
          4
        ],
        "tailAfter": [
          6,
          4
        ],
        "dir": "up"
      }
    },
    {
      "seq": 197,
      "type": "advance",
      "label": "18",
      "ts": 10579,
      "detail": {
        "headBefore": [
          20,
          11
        ],
        "headAfter": [
          21,
          11
        ],
        "tailBefore": [
          11,
          11
        ],
        "tailAfter": [
          11,
          10
        ],
        "dir": "right"
      }
    },
    {
      "seq": 198,
      "type": "advance",
      "label": "17",
      "ts": 10579,
      "detail": {
        "headBefore": [
          8,
          -17
        ],
        "headAfter": [
          8,
          -18
        ],
        "tailBefore": [
          6,
          4
        ],
        "tailAfter": [
          6,
          3
        ],
        "dir": "up"
      }
    },
    {
      "seq": 199,
      "type": "advance",
      "label": "18",
      "ts": 10629,
      "detail": {
        "headBefore": [
          21,
          11
        ],
        "headAfter": [
          22,
          11
        ],
        "tailBefore": [
          11,
          10
        ],
        "tailAfter": [
          12,
          10
        ],
        "dir": "right"
      }
    },
    {
      "seq": 200,
      "type": "advance",
      "label": "17",
      "ts": 10629,
      "detail": {
        "headBefore": [
          8,
          -18
        ],
        "headAfter": [
          8,
          -19
        ],
        "tailBefore": [
          6,
          3
        ],
        "tailAfter": [
          7,
          3
        ],
        "dir": "up"
      }
    },
    {
      "seq": 201,
      "type": "advance",
      "label": "18",
      "ts": 10679,
      "detail": {
        "headBefore": [
          22,
          11
        ],
        "headAfter": [
          23,
          11
        ],
        "tailBefore": [
          12,
          10
        ],
        "tailAfter": [
          12,
          11
        ],
        "dir": "right"
      }
    },
    {
      "seq": 202,
      "type": "advance",
      "label": "17",
      "ts": 10679,
      "detail": {
        "headBefore": [
          8,
          -19
        ],
        "headAfter": [
          8,
          -20
        ],
        "tailBefore": [
          7,
          3
        ],
        "tailAfter": [
          8,
          3
        ],
        "dir": "up"
      }
    },
    {
      "seq": 203,
      "type": "click",
      "label": "19",
      "ts": 10728,
      "detail": {}
    },
    {
      "seq": 204,
      "type": "advance",
      "label": "19",
      "ts": 10729,
      "detail": {
        "headBefore": [
          0,
          6
        ],
        "headAfter": [
          -1,
          6
        ],
        "tailBefore": [
          2,
          5
        ],
        "tailAfter": [
          3,
          5
        ],
        "dir": "left"
      }
    },
    {
      "seq": 205,
      "type": "advance",
      "label": "18",
      "ts": 10729,
      "detail": {
        "headBefore": [
          23,
          11
        ],
        "headAfter": [
          24,
          11
        ],
        "tailBefore": [
          12,
          11
        ],
        "tailAfter": [
          13,
          11
        ],
        "dir": "right"
      }
    },
    {
      "seq": 206,
      "type": "advance",
      "label": "17",
      "ts": 10730,
      "detail": {
        "headBefore": [
          8,
          -20
        ],
        "headAfter": [
          8,
          -21
        ],
        "tailBefore": [
          8,
          3
        ],
        "tailAfter": [
          8,
          2
        ],
        "dir": "up"
      }
    },
    {
      "seq": 207,
      "type": "advance",
      "label": "19",
      "ts": 10779,
      "detail": {
        "headBefore": [
          -1,
          6
        ],
        "headAfter": [
          -2,
          6
        ],
        "tailBefore": [
          3,
          5
        ],
        "tailAfter": [
          3,
          6
        ],
        "dir": "left"
      }
    },
    {
      "seq": 208,
      "type": "advance",
      "label": "18",
      "ts": 10779,
      "detail": {
        "headBefore": [
          24,
          11
        ],
        "headAfter": [
          25,
          11
        ],
        "tailBefore": [
          13,
          11
        ],
        "tailAfter": [
          14,
          11
        ],
        "dir": "right"
      }
    },
    {
      "seq": 209,
      "type": "dispose",
      "label": "18",
      "ts": 10779,
      "detail": {}
    },
    {
      "seq": 210,
      "type": "advance",
      "label": "17",
      "ts": 10780,
      "detail": {
        "headBefore": [
          8,
          -21
        ],
        "headAfter": [
          8,
          -22
        ],
        "tailBefore": [
          8,
          2
        ],
        "tailAfter": [
          9,
          2
        ],
        "dir": "up"
      }
    },
    {
      "seq": 211,
      "type": "advance",
      "label": "19",
      "ts": 10829,
      "detail": {
        "headBefore": [
          -2,
          6
        ],
        "headAfter": [
          -3,
          6
        ],
        "tailBefore": [
          3,
          6
        ],
        "tailAfter": [
          3,
          7
        ],
        "dir": "left"
      }
    },
    {
      "seq": 212,
      "type": "advance",
      "label": "17",
      "ts": 10829,
      "detail": {
        "headBefore": [
          8,
          -22
        ],
        "headAfter": [
          8,
          -23
        ],
        "tailBefore": [
          9,
          2
        ],
        "tailAfter": [
          9,
          1
        ],
        "dir": "up"
      }
    },
    {
      "seq": 213,
      "type": "advance",
      "label": "19",
      "ts": 10879,
      "detail": {
        "headBefore": [
          -3,
          6
        ],
        "headAfter": [
          -4,
          6
        ],
        "tailBefore": [
          3,
          7
        ],
        "tailAfter": [
          2,
          7
        ],
        "dir": "left"
      }
    },
    {
      "seq": 214,
      "type": "advance",
      "label": "17",
      "ts": 10880,
      "detail": {
        "headBefore": [
          8,
          -23
        ],
        "headAfter": [
          8,
          -24
        ],
        "tailBefore": [
          9,
          1
        ],
        "tailAfter": [
          8,
          1
        ],
        "dir": "up"
      }
    },
    {
      "seq": 215,
      "type": "advance",
      "label": "19",
      "ts": 10929,
      "detail": {
        "headBefore": [
          -4,
          6
        ],
        "headAfter": [
          -5,
          6
        ],
        "tailBefore": [
          2,
          7
        ],
        "tailAfter": [
          2,
          6
        ],
        "dir": "left"
      }
    },
    {
      "seq": 216,
      "type": "advance",
      "label": "17",
      "ts": 10929,
      "detail": {
        "headBefore": [
          8,
          -24
        ],
        "headAfter": [
          8,
          -25
        ],
        "tailBefore": [
          8,
          1
        ],
        "tailAfter": [
          8,
          0
        ],
        "dir": "up"
      }
    },
    {
      "seq": 217,
      "type": "advance",
      "label": "19",
      "ts": 10979,
      "detail": {
        "headBefore": [
          -5,
          6
        ],
        "headAfter": [
          -6,
          6
        ],
        "tailBefore": [
          2,
          6
        ],
        "tailAfter": [
          1,
          6
        ],
        "dir": "left"
      }
    },
    {
      "seq": 218,
      "type": "advance",
      "label": "17",
      "ts": 10979,
      "detail": {
        "headBefore": [
          8,
          -25
        ],
        "headAfter": [
          8,
          -26
        ],
        "tailBefore": [
          8,
          0
        ],
        "tailAfter": [
          8,
          -1
        ],
        "dir": "up"
      }
    },
    {
      "seq": 219,
      "type": "dispose",
      "label": "17",
      "ts": 10979,
      "detail": {}
    },
    {
      "seq": 220,
      "type": "advance",
      "label": "19",
      "ts": 11029,
      "detail": {
        "headBefore": [
          -6,
          6
        ],
        "headAfter": [
          -7,
          6
        ],
        "tailBefore": [
          1,
          6
        ],
        "tailAfter": [
          0,
          6
        ],
        "dir": "left"
      }
    },
    {
      "seq": 221,
      "type": "advance",
      "label": "19",
      "ts": 11079,
      "detail": {
        "headBefore": [
          -7,
          6
        ],
        "headAfter": [
          -8,
          6
        ],
        "tailBefore": [
          0,
          6
        ],
        "tailAfter": [
          -1,
          6
        ],
        "dir": "left"
      }
    },
    {
      "seq": 222,
      "type": "dispose",
      "label": "19",
      "ts": 11079,
      "detail": {}
    },
    {
      "seq": 223,
      "type": "click",
      "label": "20",
      "ts": 11229,
      "detail": {}
    },
    {
      "seq": 224,
      "type": "advance",
      "label": "20",
      "ts": 11229,
      "detail": {
        "headBefore": [
          13,
          16
        ],
        "headAfter": [
          14,
          16
        ],
        "tailBefore": [
          10,
          17
        ],
        "tailAfter": [
          10,
          18
        ],
        "dir": "right"
      }
    },
    {
      "seq": 225,
      "type": "advance",
      "label": "20",
      "ts": 11279,
      "detail": {
        "headBefore": [
          14,
          16
        ],
        "headAfter": [
          15,
          16
        ],
        "tailBefore": [
          10,
          18
        ],
        "tailAfter": [
          11,
          18
        ],
        "dir": "right"
      }
    },
    {
      "seq": 226,
      "type": "advance",
      "label": "20",
      "ts": 11329,
      "detail": {
        "headBefore": [
          15,
          16
        ],
        "headAfter": [
          16,
          16
        ],
        "tailBefore": [
          11,
          18
        ],
        "tailAfter": [
          11,
          17
        ],
        "dir": "right"
      }
    },
    {
      "seq": 227,
      "type": "advance",
      "label": "20",
      "ts": 11379,
      "detail": {
        "headBefore": [
          16,
          16
        ],
        "headAfter": [
          17,
          16
        ],
        "tailBefore": [
          11,
          17
        ],
        "tailAfter": [
          12,
          17
        ],
        "dir": "right"
      }
    },
    {
      "seq": 228,
      "type": "advance",
      "label": "20",
      "ts": 11429,
      "detail": {
        "headBefore": [
          17,
          16
        ],
        "headAfter": [
          18,
          16
        ],
        "tailBefore": [
          12,
          17
        ],
        "tailAfter": [
          12,
          16
        ],
        "dir": "right"
      }
    },
    {
      "seq": 229,
      "type": "advance",
      "label": "20",
      "ts": 11479,
      "detail": {
        "headBefore": [
          18,
          16
        ],
        "headAfter": [
          19,
          16
        ],
        "tailBefore": [
          12,
          16
        ],
        "tailAfter": [
          13,
          16
        ],
        "dir": "right"
      }
    },
    {
      "seq": 230,
      "type": "advance",
      "label": "20",
      "ts": 11530,
      "detail": {
        "headBefore": [
          19,
          16
        ],
        "headAfter": [
          20,
          16
        ],
        "tailBefore": [
          13,
          16
        ],
        "tailAfter": [
          14,
          16
        ],
        "dir": "right"
      }
    },
    {
      "seq": 231,
      "type": "dispose",
      "label": "20",
      "ts": 11530,
      "detail": {}
    },
    {
      "seq": 232,
      "type": "click",
      "label": "21",
      "ts": 11729,
      "detail": {}
    },
    {
      "seq": 233,
      "type": "advance",
      "label": "21",
      "ts": 11730,
      "detail": {
        "headBefore": [
          0,
          4
        ],
        "headAfter": [
          -1,
          4
        ],
        "tailBefore": [
          0,
          5
        ],
        "tailAfter": [
          1,
          5
        ],
        "dir": "left"
      }
    },
    {
      "seq": 234,
      "type": "advance",
      "label": "21",
      "ts": 11780,
      "detail": {
        "headBefore": [
          -1,
          4
        ],
        "headAfter": [
          -2,
          4
        ],
        "tailBefore": [
          1,
          5
        ],
        "tailAfter": [
          1,
          4
        ],
        "dir": "left"
      }
    },
    {
      "seq": 235,
      "type": "advance",
      "label": "21",
      "ts": 11830,
      "detail": {
        "headBefore": [
          -2,
          4
        ],
        "headAfter": [
          -3,
          4
        ],
        "tailBefore": [
          1,
          4
        ],
        "tailAfter": [
          0,
          4
        ],
        "dir": "left"
      }
    },
    {
      "seq": 236,
      "type": "advance",
      "label": "21",
      "ts": 11880,
      "detail": {
        "headBefore": [
          -3,
          4
        ],
        "headAfter": [
          -4,
          4
        ],
        "tailBefore": [
          0,
          4
        ],
        "tailAfter": [
          -1,
          4
        ],
        "dir": "left"
      }
    },
    {
      "seq": 237,
      "type": "dispose",
      "label": "21",
      "ts": 11880,
      "detail": {}
    },
    {
      "seq": 238,
      "type": "click",
      "label": "22",
      "ts": 12229,
      "detail": {}
    },
    {
      "seq": 239,
      "type": "advance",
      "label": "22",
      "ts": 12230,
      "detail": {
        "headBefore": [
          0,
          14
        ],
        "headAfter": [
          -1,
          14
        ],
        "tailBefore": [
          0,
          16
        ],
        "tailAfter": [
          0,
          15
        ],
        "dir": "left"
      }
    },
    {
      "seq": 240,
      "type": "advance",
      "label": "22",
      "ts": 12280,
      "detail": {
        "headBefore": [
          -1,
          14
        ],
        "headAfter": [
          -2,
          14
        ],
        "tailBefore": [
          0,
          15
        ],
        "tailAfter": [
          1,
          15
        ],
        "dir": "left"
      }
    },
    {
      "seq": 241,
      "type": "advance",
      "label": "22",
      "ts": 12330,
      "detail": {
        "headBefore": [
          -2,
          14
        ],
        "headAfter": [
          -3,
          14
        ],
        "tailBefore": [
          1,
          15
        ],
        "tailAfter": [
          2,
          15
        ],
        "dir": "left"
      }
    },
    {
      "seq": 242,
      "type": "advance",
      "label": "22",
      "ts": 12380,
      "detail": {
        "headBefore": [
          -3,
          14
        ],
        "headAfter": [
          -4,
          14
        ],
        "tailBefore": [
          2,
          15
        ],
        "tailAfter": [
          3,
          15
        ],
        "dir": "left"
      }
    },
    {
      "seq": 243,
      "type": "advance",
      "label": "22",
      "ts": 12431,
      "detail": {
        "headBefore": [
          -4,
          14
        ],
        "headAfter": [
          -5,
          14
        ],
        "tailBefore": [
          3,
          15
        ],
        "tailAfter": [
          4,
          15
        ],
        "dir": "left"
      }
    },
    {
      "seq": 244,
      "type": "advance",
      "label": "22",
      "ts": 12481,
      "detail": {
        "headBefore": [
          -5,
          14
        ],
        "headAfter": [
          -6,
          14
        ],
        "tailBefore": [
          4,
          15
        ],
        "tailAfter": [
          4,
          14
        ],
        "dir": "left"
      }
    },
    {
      "seq": 245,
      "type": "advance",
      "label": "22",
      "ts": 12530,
      "detail": {
        "headBefore": [
          -6,
          14
        ],
        "headAfter": [
          -7,
          14
        ],
        "tailBefore": [
          4,
          14
        ],
        "tailAfter": [
          3,
          14
        ],
        "dir": "left"
      }
    },
    {
      "seq": 246,
      "type": "advance",
      "label": "22",
      "ts": 12580,
      "detail": {
        "headBefore": [
          -7,
          14
        ],
        "headAfter": [
          -8,
          14
        ],
        "tailBefore": [
          3,
          14
        ],
        "tailAfter": [
          2,
          14
        ],
        "dir": "left"
      }
    },
    {
      "seq": 247,
      "type": "advance",
      "label": "22",
      "ts": 12631,
      "detail": {
        "headBefore": [
          -8,
          14
        ],
        "headAfter": [
          -9,
          14
        ],
        "tailBefore": [
          2,
          14
        ],
        "tailAfter": [
          1,
          14
        ],
        "dir": "left"
      }
    },
    {
      "seq": 248,
      "type": "advance",
      "label": "22",
      "ts": 12681,
      "detail": {
        "headBefore": [
          -9,
          14
        ],
        "headAfter": [
          -10,
          14
        ],
        "tailBefore": [
          1,
          14
        ],
        "tailAfter": [
          0,
          14
        ],
        "dir": "left"
      }
    },
    {
      "seq": 249,
      "type": "click",
      "label": "23",
      "ts": 12730,
      "detail": {}
    },
    {
      "seq": 250,
      "type": "advance",
      "label": "23",
      "ts": 12730,
      "detail": {
        "headBefore": [
          7,
          0
        ],
        "headAfter": [
          7,
          -1
        ],
        "tailBefore": [
          6,
          0
        ],
        "tailAfter": [
          6,
          1
        ],
        "dir": "up"
      }
    },
    {
      "seq": 251,
      "type": "advance",
      "label": "22",
      "ts": 12731,
      "detail": {
        "headBefore": [
          -10,
          14
        ],
        "headAfter": [
          -11,
          14
        ],
        "tailBefore": [
          0,
          14
        ],
        "tailAfter": [
          -1,
          14
        ],
        "dir": "left"
      }
    },
    {
      "seq": 252,
      "type": "dispose",
      "label": "22",
      "ts": 12731,
      "detail": {}
    },
    {
      "seq": 253,
      "type": "advance",
      "label": "23",
      "ts": 12780,
      "detail": {
        "headBefore": [
          7,
          -1
        ],
        "headAfter": [
          7,
          -2
        ],
        "tailBefore": [
          6,
          1
        ],
        "tailAfter": [
          6,
          2
        ],
        "dir": "up"
      }
    },
    {
      "seq": 254,
      "type": "advance",
      "label": "23",
      "ts": 12831,
      "detail": {
        "headBefore": [
          7,
          -2
        ],
        "headAfter": [
          7,
          -3
        ],
        "tailBefore": [
          6,
          2
        ],
        "tailAfter": [
          7,
          2
        ],
        "dir": "up"
      }
    },
    {
      "seq": 255,
      "type": "advance",
      "label": "23",
      "ts": 12881,
      "detail": {
        "headBefore": [
          7,
          -3
        ],
        "headAfter": [
          7,
          -4
        ],
        "tailBefore": [
          7,
          2
        ],
        "tailAfter": [
          7,
          1
        ],
        "dir": "up"
      }
    },
    {
      "seq": 256,
      "type": "advance",
      "label": "23",
      "ts": 12931,
      "detail": {
        "headBefore": [
          7,
          -4
        ],
        "headAfter": [
          7,
          -5
        ],
        "tailBefore": [
          7,
          1
        ],
        "tailAfter": [
          7,
          0
        ],
        "dir": "up"
      }
    },
    {
      "seq": 257,
      "type": "advance",
      "label": "23",
      "ts": 12981,
      "detail": {
        "headBefore": [
          7,
          -5
        ],
        "headAfter": [
          7,
          -6
        ],
        "tailBefore": [
          7,
          0
        ],
        "tailAfter": [
          7,
          -1
        ],
        "dir": "up"
      }
    },
    {
      "seq": 258,
      "type": "dispose",
      "label": "23",
      "ts": 12981,
      "detail": {}
    },
    {
      "seq": 259,
      "type": "click",
      "label": "24",
      "ts": 13230,
      "detail": {}
    },
    {
      "seq": 260,
      "type": "advance",
      "label": "24",
      "ts": 13230,
      "detail": {
        "headBefore": [
          13,
          15
        ],
        "headAfter": [
          14,
          15
        ],
        "tailBefore": [
          12,
          15
        ],
        "tailAfter": [
          13,
          15
        ],
        "dir": "right"
      }
    },
    {
      "seq": 261,
      "type": "advance",
      "label": "24",
      "ts": 13281,
      "detail": {
        "headBefore": [
          14,
          15
        ],
        "headAfter": [
          15,
          15
        ],
        "tailBefore": [
          13,
          15
        ],
        "tailAfter": [
          14,
          15
        ],
        "dir": "right"
      }
    },
    {
      "seq": 262,
      "type": "dispose",
      "label": "24",
      "ts": 13281,
      "detail": {}
    },
    {
      "seq": 263,
      "type": "click",
      "label": "25",
      "ts": 13730,
      "detail": {}
    },
    {
      "seq": 264,
      "type": "advance",
      "label": "25",
      "ts": 13731,
      "detail": {
        "headBefore": [
          0,
          8
        ],
        "headAfter": [
          -1,
          8
        ],
        "tailBefore": [
          0,
          7
        ],
        "tailAfter": [
          1,
          7
        ],
        "dir": "left"
      }
    },
    {
      "seq": 265,
      "type": "advance",
      "label": "25",
      "ts": 13781,
      "detail": {
        "headBefore": [
          -1,
          8
        ],
        "headAfter": [
          -2,
          8
        ],
        "tailBefore": [
          1,
          7
        ],
        "tailAfter": [
          1,
          8
        ],
        "dir": "left"
      }
    },
    {
      "seq": 266,
      "type": "advance",
      "label": "25",
      "ts": 13831,
      "detail": {
        "headBefore": [
          -2,
          8
        ],
        "headAfter": [
          -3,
          8
        ],
        "tailBefore": [
          1,
          8
        ],
        "tailAfter": [
          0,
          8
        ],
        "dir": "left"
      }
    },
    {
      "seq": 267,
      "type": "advance",
      "label": "25",
      "ts": 13881,
      "detail": {
        "headBefore": [
          -3,
          8
        ],
        "headAfter": [
          -4,
          8
        ],
        "tailBefore": [
          0,
          8
        ],
        "tailAfter": [
          -1,
          8
        ],
        "dir": "left"
      }
    },
    {
      "seq": 268,
      "type": "dispose",
      "label": "25",
      "ts": 13881,
      "detail": {}
    },
    {
      "seq": 269,
      "type": "click",
      "label": "26",
      "ts": 14231,
      "detail": {}
    },
    {
      "seq": 270,
      "type": "advance",
      "label": "26",
      "ts": 14232,
      "detail": {
        "headBefore": [
          11,
          15
        ],
        "headAfter": [
          11,
          14
        ],
        "tailBefore": [
          11,
          16
        ],
        "tailAfter": [
          11,
          15
        ],
        "dir": "up"
      }
    },
    {
      "seq": 271,
      "type": "collision",
      "label": "26",
      "ts": 14281,
      "detail": {
        "blocker": "42",
        "headCol": 11,
        "headRow": 13
      }
    },
    {
      "seq": 272,
      "type": "retreat",
      "label": "26",
      "ts": 14283,
      "detail": {
        "headBefore": [
          11,
          14
        ],
        "headAfter": [
          11,
          15
        ],
        "tailBefore": [
          11,
          15
        ],
        "tailAfter": [
          11,
          16
        ],
        "dir": "up"
      }
    },
    {
      "seq": 273,
      "type": "click",
      "label": "26",
      "ts": 14731,
      "detail": {}
    },
    {
      "seq": 274,
      "type": "advance",
      "label": "26",
      "ts": 14732,
      "detail": {
        "headBefore": [
          11,
          15
        ],
        "headAfter": [
          11,
          14
        ],
        "tailBefore": [
          11,
          16
        ],
        "tailAfter": [
          11,
          15
        ],
        "dir": "up"
      }
    },
    {
      "seq": 275,
      "type": "collision",
      "label": "26",
      "ts": 14781,
      "detail": {
        "blocker": "42",
        "headCol": 11,
        "headRow": 13
      }
    },
    {
      "seq": 276,
      "type": "retreat",
      "label": "26",
      "ts": 14782,
      "detail": {
        "headBefore": [
          11,
          14
        ],
        "headAfter": [
          11,
          15
        ],
        "tailBefore": [
          11,
          15
        ],
        "tailAfter": [
          11,
          16
        ],
        "dir": "up"
      }
    },
    {
      "seq": 277,
      "type": "click",
      "label": "26",
      "ts": 15232,
      "detail": {}
    },
    {
      "seq": 278,
      "type": "advance",
      "label": "26",
      "ts": 15232,
      "detail": {
        "headBefore": [
          11,
          15
        ],
        "headAfter": [
          11,
          14
        ],
        "tailBefore": [
          11,
          16
        ],
        "tailAfter": [
          11,
          15
        ],
        "dir": "up"
      }
    },
    {
      "seq": 279,
      "type": "collision",
      "label": "26",
      "ts": 15282,
      "detail": {
        "blocker": "42",
        "headCol": 11,
        "headRow": 13
      }
    },
    {
      "seq": 280,
      "type": "retreat",
      "label": "26",
      "ts": 15282,
      "detail": {
        "headBefore": [
          11,
          14
        ],
        "headAfter": [
          11,
          15
        ],
        "tailBefore": [
          11,
          15
        ],
        "tailAfter": [
          11,
          16
        ],
        "dir": "up"
      }
    },
    {
      "seq": 281,
      "type": "click",
      "label": "27",
      "ts": 16233,
      "detail": {}
    },
    {
      "seq": 282,
      "type": "advance",
      "label": "27",
      "ts": 16233,
      "detail": {
        "headBefore": [
          2,
          8
        ],
        "headAfter": [
          1,
          8
        ],
        "tailBefore": [
          3,
          8
        ],
        "tailAfter": [
          2,
          8
        ],
        "dir": "left"
      }
    },
    {
      "seq": 283,
      "type": "advance",
      "label": "27",
      "ts": 16283,
      "detail": {
        "headBefore": [
          1,
          8
        ],
        "headAfter": [
          0,
          8
        ],
        "tailBefore": [
          2,
          8
        ],
        "tailAfter": [
          1,
          8
        ],
        "dir": "left"
      }
    },
    {
      "seq": 284,
      "type": "advance",
      "label": "27",
      "ts": 16333,
      "detail": {
        "headBefore": [
          0,
          8
        ],
        "headAfter": [
          -1,
          8
        ],
        "tailBefore": [
          1,
          8
        ],
        "tailAfter": [
          0,
          8
        ],
        "dir": "left"
      }
    },
    {
      "seq": 285,
      "type": "advance",
      "label": "27",
      "ts": 16384,
      "detail": {
        "headBefore": [
          -1,
          8
        ],
        "headAfter": [
          -2,
          8
        ],
        "tailBefore": [
          0,
          8
        ],
        "tailAfter": [
          -1,
          8
        ],
        "dir": "left"
      }
    },
    {
      "seq": 286,
      "type": "dispose",
      "label": "27",
      "ts": 16384,
      "detail": {}
    },
    {
      "seq": 287,
      "type": "click",
      "label": "28",
      "ts": 16733,
      "detail": {}
    },
    {
      "seq": 288,
      "type": "advance",
      "label": "28",
      "ts": 16733,
      "detail": {
        "headBefore": [
          2,
          4
        ],
        "headAfter": [
          1,
          4
        ],
        "tailBefore": [
          3,
          4
        ],
        "tailAfter": [
          2,
          4
        ],
        "dir": "left"
      }
    },
    {
      "seq": 289,
      "type": "advance",
      "label": "28",
      "ts": 16784,
      "detail": {
        "headBefore": [
          1,
          4
        ],
        "headAfter": [
          0,
          4
        ],
        "tailBefore": [
          2,
          4
        ],
        "tailAfter": [
          1,
          4
        ],
        "dir": "left"
      }
    },
    {
      "seq": 290,
      "type": "advance",
      "label": "28",
      "ts": 16833,
      "detail": {
        "headBefore": [
          0,
          4
        ],
        "headAfter": [
          -1,
          4
        ],
        "tailBefore": [
          1,
          4
        ],
        "tailAfter": [
          0,
          4
        ],
        "dir": "left"
      }
    },
    {
      "seq": 291,
      "type": "advance",
      "label": "28",
      "ts": 16884,
      "detail": {
        "headBefore": [
          -1,
          4
        ],
        "headAfter": [
          -2,
          4
        ],
        "tailBefore": [
          0,
          4
        ],
        "tailAfter": [
          -1,
          4
        ],
        "dir": "left"
      }
    },
    {
      "seq": 292,
      "type": "dispose",
      "label": "28",
      "ts": 16884,
      "detail": {}
    },
    {
      "seq": 293,
      "type": "click",
      "label": "29",
      "ts": 17233,
      "detail": {}
    },
    {
      "seq": 294,
      "type": "advance",
      "label": "29",
      "ts": 17234,
      "detail": {
        "headBefore": [
          5,
          2
        ],
        "headAfter": [
          5,
          1
        ],
        "tailBefore": [
          5,
          3
        ],
        "tailAfter": [
          5,
          2
        ],
        "dir": "up"
      }
    },
    {
      "seq": 295,
      "type": "advance",
      "label": "29",
      "ts": 17284,
      "detail": {
        "headBefore": [
          5,
          1
        ],
        "headAfter": [
          5,
          0
        ],
        "tailBefore": [
          5,
          2
        ],
        "tailAfter": [
          5,
          1
        ],
        "dir": "up"
      }
    },
    {
      "seq": 296,
      "type": "advance",
      "label": "29",
      "ts": 17334,
      "detail": {
        "headBefore": [
          5,
          0
        ],
        "headAfter": [
          5,
          -1
        ],
        "tailBefore": [
          5,
          1
        ],
        "tailAfter": [
          5,
          0
        ],
        "dir": "up"
      }
    },
    {
      "seq": 297,
      "type": "advance",
      "label": "29",
      "ts": 17384,
      "detail": {
        "headBefore": [
          5,
          -1
        ],
        "headAfter": [
          5,
          -2
        ],
        "tailBefore": [
          5,
          0
        ],
        "tailAfter": [
          5,
          -1
        ],
        "dir": "up"
      }
    },
    {
      "seq": 298,
      "type": "dispose",
      "label": "29",
      "ts": 17384,
      "detail": {}
    },
    {
      "seq": 299,
      "type": "click",
      "label": "30",
      "ts": 17734,
      "detail": {}
    },
    {
      "seq": 300,
      "type": "advance",
      "label": "30",
      "ts": 17735,
      "detail": {
        "headBefore": [
          4,
          21
        ],
        "headAfter": [
          5,
          21
        ],
        "tailBefore": [
          3,
          20
        ],
        "tailAfter": [
          3,
          21
        ],
        "dir": "right"
      }
    },
    {
      "seq": 301,
      "type": "advance",
      "label": "30",
      "ts": 17785,
      "detail": {
        "headBefore": [
          5,
          21
        ],
        "headAfter": [
          6,
          21
        ],
        "tailBefore": [
          3,
          21
        ],
        "tailAfter": [
          4,
          21
        ],
        "dir": "right"
      }
    },
    {
      "seq": 302,
      "type": "collision",
      "label": "30",
      "ts": 17834,
      "detail": {
        "blocker": "41",
        "headCol": 7,
        "headRow": 21
      }
    },
    {
      "seq": 303,
      "type": "retreat",
      "label": "30",
      "ts": 17834,
      "detail": {
        "headBefore": [
          6,
          21
        ],
        "headAfter": [
          5,
          21
        ],
        "tailBefore": [
          4,
          21
        ],
        "tailAfter": [
          3,
          21
        ],
        "dir": "right"
      }
    },
    {
      "seq": 304,
      "type": "retreat",
      "label": "30",
      "ts": 17885,
      "detail": {
        "headBefore": [
          5,
          21
        ],
        "headAfter": [
          4,
          21
        ],
        "tailBefore": [
          3,
          21
        ],
        "tailAfter": [
          3,
          20
        ],
        "dir": "right"
      }
    },
    {
      "seq": 305,
      "type": "click",
      "label": "30",
      "ts": 18234,
      "detail": {}
    },
    {
      "seq": 306,
      "type": "advance",
      "label": "30",
      "ts": 18234,
      "detail": {
        "headBefore": [
          4,
          21
        ],
        "headAfter": [
          5,
          21
        ],
        "tailBefore": [
          3,
          20
        ],
        "tailAfter": [
          3,
          21
        ],
        "dir": "right"
      }
    },
    {
      "seq": 307,
      "type": "advance",
      "label": "30",
      "ts": 18285,
      "detail": {
        "headBefore": [
          5,
          21
        ],
        "headAfter": [
          6,
          21
        ],
        "tailBefore": [
          3,
          21
        ],
        "tailAfter": [
          4,
          21
        ],
        "dir": "right"
      }
    },
    {
      "seq": 308,
      "type": "collision",
      "label": "30",
      "ts": 18334,
      "detail": {
        "blocker": "41",
        "headCol": 7,
        "headRow": 21
      }
    },
    {
      "seq": 309,
      "type": "retreat",
      "label": "30",
      "ts": 18334,
      "detail": {
        "headBefore": [
          6,
          21
        ],
        "headAfter": [
          5,
          21
        ],
        "tailBefore": [
          4,
          21
        ],
        "tailAfter": [
          3,
          21
        ],
        "dir": "right"
      }
    },
    {
      "seq": 310,
      "type": "retreat",
      "label": "30",
      "ts": 18384,
      "detail": {
        "headBefore": [
          5,
          21
        ],
        "headAfter": [
          4,
          21
        ],
        "tailBefore": [
          3,
          21
        ],
        "tailAfter": [
          3,
          20
        ],
        "dir": "right"
      }
    },
    {
      "seq": 311,
      "type": "click",
      "label": "30",
      "ts": 18734,
      "detail": {}
    },
    {
      "seq": 312,
      "type": "advance",
      "label": "30",
      "ts": 18735,
      "detail": {
        "headBefore": [
          4,
          21
        ],
        "headAfter": [
          5,
          21
        ],
        "tailBefore": [
          3,
          20
        ],
        "tailAfter": [
          3,
          21
        ],
        "dir": "right"
      }
    },
    {
      "seq": 313,
      "type": "advance",
      "label": "30",
      "ts": 18785,
      "detail": {
        "headBefore": [
          5,
          21
        ],
        "headAfter": [
          6,
          21
        ],
        "tailBefore": [
          3,
          21
        ],
        "tailAfter": [
          4,
          21
        ],
        "dir": "right"
      }
    },
    {
      "seq": 314,
      "type": "collision",
      "label": "30",
      "ts": 18835,
      "detail": {
        "blocker": "41",
        "headCol": 7,
        "headRow": 21
      }
    },
    {
      "seq": 315,
      "type": "retreat",
      "label": "30",
      "ts": 18836,
      "detail": {
        "headBefore": [
          6,
          21
        ],
        "headAfter": [
          5,
          21
        ],
        "tailBefore": [
          4,
          21
        ],
        "tailAfter": [
          3,
          21
        ],
        "dir": "right"
      }
    },
    {
      "seq": 316,
      "type": "retreat",
      "label": "30",
      "ts": 18886,
      "detail": {
        "headBefore": [
          5,
          21
        ],
        "headAfter": [
          4,
          21
        ],
        "tailBefore": [
          3,
          21
        ],
        "tailAfter": [
          3,
          20
        ],
        "dir": "right"
      }
    },
    {
      "seq": 317,
      "type": "click",
      "label": "31",
      "ts": 19735,
      "detail": {}
    },
    {
      "seq": 318,
      "type": "advance",
      "label": "31",
      "ts": 19736,
      "detail": {
        "headBefore": [
          9,
          3
        ],
        "headAfter": [
          9,
          2
        ],
        "tailBefore": [
          9,
          4
        ],
        "tailAfter": [
          9,
          3
        ],
        "dir": "up"
      }
    },
    {
      "seq": 319,
      "type": "advance",
      "label": "31",
      "ts": 19786,
      "detail": {
        "headBefore": [
          9,
          2
        ],
        "headAfter": [
          9,
          1
        ],
        "tailBefore": [
          9,
          3
        ],
        "tailAfter": [
          9,
          2
        ],
        "dir": "up"
      }
    },
    {
      "seq": 320,
      "type": "collision",
      "label": "31",
      "ts": 19835,
      "detail": {
        "blocker": "32",
        "headCol": 9,
        "headRow": 0
      }
    },
    {
      "seq": 321,
      "type": "retreat",
      "label": "31",
      "ts": 19836,
      "detail": {
        "headBefore": [
          9,
          1
        ],
        "headAfter": [
          9,
          2
        ],
        "tailBefore": [
          9,
          2
        ],
        "tailAfter": [
          9,
          3
        ],
        "dir": "up"
      }
    },
    {
      "seq": 322,
      "type": "retreat",
      "label": "31",
      "ts": 19886,
      "detail": {
        "headBefore": [
          9,
          2
        ],
        "headAfter": [
          9,
          3
        ],
        "tailBefore": [
          9,
          3
        ],
        "tailAfter": [
          9,
          4
        ],
        "dir": "up"
      }
    },
    {
      "seq": 323,
      "type": "click",
      "label": "31",
      "ts": 20235,
      "detail": {}
    },
    {
      "seq": 324,
      "type": "advance",
      "label": "31",
      "ts": 20236,
      "detail": {
        "headBefore": [
          9,
          3
        ],
        "headAfter": [
          9,
          2
        ],
        "tailBefore": [
          9,
          4
        ],
        "tailAfter": [
          9,
          3
        ],
        "dir": "up"
      }
    },
    {
      "seq": 325,
      "type": "advance",
      "label": "31",
      "ts": 20286,
      "detail": {
        "headBefore": [
          9,
          2
        ],
        "headAfter": [
          9,
          1
        ],
        "tailBefore": [
          9,
          3
        ],
        "tailAfter": [
          9,
          2
        ],
        "dir": "up"
      }
    },
    {
      "seq": 326,
      "type": "collision",
      "label": "31",
      "ts": 20336,
      "detail": {
        "blocker": "32",
        "headCol": 9,
        "headRow": 0
      }
    },
    {
      "seq": 327,
      "type": "retreat",
      "label": "31",
      "ts": 20336,
      "detail": {
        "headBefore": [
          9,
          1
        ],
        "headAfter": [
          9,
          2
        ],
        "tailBefore": [
          9,
          2
        ],
        "tailAfter": [
          9,
          3
        ],
        "dir": "up"
      }
    },
    {
      "seq": 328,
      "type": "retreat",
      "label": "31",
      "ts": 20387,
      "detail": {
        "headBefore": [
          9,
          2
        ],
        "headAfter": [
          9,
          3
        ],
        "tailBefore": [
          9,
          3
        ],
        "tailAfter": [
          9,
          4
        ],
        "dir": "up"
      }
    },
    {
      "seq": 329,
      "type": "click",
      "label": "31",
      "ts": 20736,
      "detail": {}
    },
    {
      "seq": 330,
      "type": "advance",
      "label": "31",
      "ts": 20736,
      "detail": {
        "headBefore": [
          9,
          3
        ],
        "headAfter": [
          9,
          2
        ],
        "tailBefore": [
          9,
          4
        ],
        "tailAfter": [
          9,
          3
        ],
        "dir": "up"
      }
    },
    {
      "seq": 331,
      "type": "advance",
      "label": "31",
      "ts": 20803,
      "detail": {
        "headBefore": [
          9,
          2
        ],
        "headAfter": [
          9,
          1
        ],
        "tailBefore": [
          9,
          3
        ],
        "tailAfter": [
          9,
          2
        ],
        "dir": "up"
      }
    },
    {
      "seq": 332,
      "type": "collision",
      "label": "31",
      "ts": 20853,
      "detail": {
        "blocker": "32",
        "headCol": 9,
        "headRow": 0
      }
    },
    {
      "seq": 333,
      "type": "retreat",
      "label": "31",
      "ts": 20854,
      "detail": {
        "headBefore": [
          9,
          1
        ],
        "headAfter": [
          9,
          2
        ],
        "tailBefore": [
          9,
          2
        ],
        "tailAfter": [
          9,
          3
        ],
        "dir": "up"
      }
    },
    {
      "seq": 334,
      "type": "retreat",
      "label": "31",
      "ts": 20903,
      "detail": {
        "headBefore": [
          9,
          2
        ],
        "headAfter": [
          9,
          3
        ],
        "tailBefore": [
          9,
          3
        ],
        "tailAfter": [
          9,
          4
        ],
        "dir": "up"
      }
    },
    {
      "seq": 335,
      "type": "click",
      "label": "32",
      "ts": 21737,
      "detail": {}
    },
    {
      "seq": 336,
      "type": "advance",
      "label": "32",
      "ts": 21737,
      "detail": {
        "headBefore": [
          9,
          0
        ],
        "headAfter": [
          8,
          0
        ],
        "tailBefore": [
          10,
          1
        ],
        "tailAfter": [
          10,
          0
        ],
        "dir": "left"
      }
    },
    {
      "seq": 337,
      "type": "advance",
      "label": "32",
      "ts": 21788,
      "detail": {
        "headBefore": [
          8,
          0
        ],
        "headAfter": [
          7,
          0
        ],
        "tailBefore": [
          10,
          0
        ],
        "tailAfter": [
          9,
          0
        ],
        "dir": "left"
      }
    },
    {
      "seq": 338,
      "type": "advance",
      "label": "32",
      "ts": 21837,
      "detail": {
        "headBefore": [
          7,
          0
        ],
        "headAfter": [
          6,
          0
        ],
        "tailBefore": [
          9,
          0
        ],
        "tailAfter": [
          8,
          0
        ],
        "dir": "left"
      }
    },
    {
      "seq": 339,
      "type": "advance",
      "label": "32",
      "ts": 21888,
      "detail": {
        "headBefore": [
          6,
          0
        ],
        "headAfter": [
          5,
          0
        ],
        "tailBefore": [
          8,
          0
        ],
        "tailAfter": [
          7,
          0
        ],
        "dir": "left"
      }
    },
    {
      "seq": 340,
      "type": "advance",
      "label": "32",
      "ts": 21937,
      "detail": {
        "headBefore": [
          5,
          0
        ],
        "headAfter": [
          4,
          0
        ],
        "tailBefore": [
          7,
          0
        ],
        "tailAfter": [
          6,
          0
        ],
        "dir": "left"
      }
    },
    {
      "seq": 341,
      "type": "advance",
      "label": "32",
      "ts": 21988,
      "detail": {
        "headBefore": [
          4,
          0
        ],
        "headAfter": [
          3,
          0
        ],
        "tailBefore": [
          6,
          0
        ],
        "tailAfter": [
          5,
          0
        ],
        "dir": "left"
      }
    },
    {
      "seq": 342,
      "type": "advance",
      "label": "32",
      "ts": 22038,
      "detail": {
        "headBefore": [
          3,
          0
        ],
        "headAfter": [
          2,
          0
        ],
        "tailBefore": [
          5,
          0
        ],
        "tailAfter": [
          4,
          0
        ],
        "dir": "left"
      }
    },
    {
      "seq": 343,
      "type": "advance",
      "label": "32",
      "ts": 22104,
      "detail": {
        "headBefore": [
          2,
          0
        ],
        "headAfter": [
          1,
          0
        ],
        "tailBefore": [
          4,
          0
        ],
        "tailAfter": [
          3,
          0
        ],
        "dir": "left"
      }
    },
    {
      "seq": 344,
      "type": "advance",
      "label": "32",
      "ts": 22154,
      "detail": {
        "headBefore": [
          1,
          0
        ],
        "headAfter": [
          0,
          0
        ],
        "tailBefore": [
          3,
          0
        ],
        "tailAfter": [
          2,
          0
        ],
        "dir": "left"
      }
    },
    {
      "seq": 345,
      "type": "advance",
      "label": "32",
      "ts": 22205,
      "detail": {
        "headBefore": [
          0,
          0
        ],
        "headAfter": [
          -1,
          0
        ],
        "tailBefore": [
          2,
          0
        ],
        "tailAfter": [
          1,
          0
        ],
        "dir": "left"
      }
    },
    {
      "seq": 346,
      "type": "click",
      "label": "33",
      "ts": 22237,
      "detail": {}
    },
    {
      "seq": 347,
      "type": "advance",
      "label": "33",
      "ts": 22237,
      "detail": {
        "headBefore": [
          10,
          8
        ],
        "headAfter": [
          10,
          9
        ],
        "tailBefore": [
          10,
          5
        ],
        "tailAfter": [
          10,
          6
        ],
        "dir": "down"
      }
    },
    {
      "seq": 348,
      "type": "advance",
      "label": "32",
      "ts": 22255,
      "detail": {
        "headBefore": [
          -1,
          0
        ],
        "headAfter": [
          -2,
          0
        ],
        "tailBefore": [
          1,
          0
        ],
        "tailAfter": [
          0,
          0
        ],
        "dir": "left"
      }
    },
    {
      "seq": 349,
      "type": "advance",
      "label": "33",
      "ts": 22288,
      "detail": {
        "headBefore": [
          10,
          9
        ],
        "headAfter": [
          10,
          10
        ],
        "tailBefore": [
          10,
          6
        ],
        "tailAfter": [
          10,
          7
        ],
        "dir": "down"
      }
    },
    {
      "seq": 350,
      "type": "advance",
      "label": "32",
      "ts": 22304,
      "detail": {
        "headBefore": [
          -2,
          0
        ],
        "headAfter": [
          -3,
          0
        ],
        "tailBefore": [
          0,
          0
        ],
        "tailAfter": [
          -1,
          0
        ],
        "dir": "left"
      }
    },
    {
      "seq": 351,
      "type": "dispose",
      "label": "32",
      "ts": 22304,
      "detail": {}
    },
    {
      "seq": 352,
      "type": "advance",
      "label": "33",
      "ts": 22338,
      "detail": {
        "headBefore": [
          10,
          10
        ],
        "headAfter": [
          10,
          11
        ],
        "tailBefore": [
          10,
          7
        ],
        "tailAfter": [
          10,
          8
        ],
        "dir": "down"
      }
    },
    {
      "seq": 353,
      "type": "collision",
      "label": "33",
      "ts": 22387,
      "detail": {
        "blocker": "42",
        "headCol": 10,
        "headRow": 12
      }
    },
    {
      "seq": 354,
      "type": "retreat",
      "label": "33",
      "ts": 22388,
      "detail": {
        "headBefore": [
          10,
          11
        ],
        "headAfter": [
          10,
          10
        ],
        "tailBefore": [
          10,
          8
        ],
        "tailAfter": [
          10,
          7
        ],
        "dir": "down"
      }
    },
    {
      "seq": 355,
      "type": "retreat",
      "label": "33",
      "ts": 22438,
      "detail": {
        "headBefore": [
          10,
          10
        ],
        "headAfter": [
          10,
          9
        ],
        "tailBefore": [
          10,
          7
        ],
        "tailAfter": [
          10,
          6
        ],
        "dir": "down"
      }
    },
    {
      "seq": 356,
      "type": "retreat",
      "label": "33",
      "ts": 22488,
      "detail": {
        "headBefore": [
          10,
          9
        ],
        "headAfter": [
          10,
          8
        ],
        "tailBefore": [
          10,
          6
        ],
        "tailAfter": [
          10,
          5
        ],
        "dir": "down"
      }
    },
    {
      "seq": 357,
      "type": "click",
      "label": "33",
      "ts": 22737,
      "detail": {}
    },
    {
      "seq": 358,
      "type": "advance",
      "label": "33",
      "ts": 22738,
      "detail": {
        "headBefore": [
          10,
          8
        ],
        "headAfter": [
          10,
          9
        ],
        "tailBefore": [
          10,
          5
        ],
        "tailAfter": [
          10,
          6
        ],
        "dir": "down"
      }
    },
    {
      "seq": 359,
      "type": "advance",
      "label": "33",
      "ts": 22788,
      "detail": {
        "headBefore": [
          10,
          9
        ],
        "headAfter": [
          10,
          10
        ],
        "tailBefore": [
          10,
          6
        ],
        "tailAfter": [
          10,
          7
        ],
        "dir": "down"
      }
    },
    {
      "seq": 360,
      "type": "advance",
      "label": "33",
      "ts": 22838,
      "detail": {
        "headBefore": [
          10,
          10
        ],
        "headAfter": [
          10,
          11
        ],
        "tailBefore": [
          10,
          7
        ],
        "tailAfter": [
          10,
          8
        ],
        "dir": "down"
      }
    },
    {
      "seq": 361,
      "type": "collision",
      "label": "33",
      "ts": 22888,
      "detail": {
        "blocker": "42",
        "headCol": 10,
        "headRow": 12
      }
    },
    {
      "seq": 362,
      "type": "retreat",
      "label": "33",
      "ts": 22888,
      "detail": {
        "headBefore": [
          10,
          11
        ],
        "headAfter": [
          10,
          10
        ],
        "tailBefore": [
          10,
          8
        ],
        "tailAfter": [
          10,
          7
        ],
        "dir": "down"
      }
    },
    {
      "seq": 363,
      "type": "retreat",
      "label": "33",
      "ts": 22938,
      "detail": {
        "headBefore": [
          10,
          10
        ],
        "headAfter": [
          10,
          9
        ],
        "tailBefore": [
          10,
          7
        ],
        "tailAfter": [
          10,
          6
        ],
        "dir": "down"
      }
    },
    {
      "seq": 364,
      "type": "retreat",
      "label": "33",
      "ts": 22989,
      "detail": {
        "headBefore": [
          10,
          9
        ],
        "headAfter": [
          10,
          8
        ],
        "tailBefore": [
          10,
          6
        ],
        "tailAfter": [
          10,
          5
        ],
        "dir": "down"
      }
    },
    {
      "seq": 365,
      "type": "click",
      "label": "33",
      "ts": 23238,
      "detail": {}
    },
    {
      "seq": 366,
      "type": "advance",
      "label": "33",
      "ts": 23239,
      "detail": {
        "headBefore": [
          10,
          8
        ],
        "headAfter": [
          10,
          9
        ],
        "tailBefore": [
          10,
          5
        ],
        "tailAfter": [
          10,
          6
        ],
        "dir": "down"
      }
    },
    {
      "seq": 367,
      "type": "advance",
      "label": "33",
      "ts": 23289,
      "detail": {
        "headBefore": [
          10,
          9
        ],
        "headAfter": [
          10,
          10
        ],
        "tailBefore": [
          10,
          6
        ],
        "tailAfter": [
          10,
          7
        ],
        "dir": "down"
      }
    },
    {
      "seq": 368,
      "type": "advance",
      "label": "33",
      "ts": 23339,
      "detail": {
        "headBefore": [
          10,
          10
        ],
        "headAfter": [
          10,
          11
        ],
        "tailBefore": [
          10,
          7
        ],
        "tailAfter": [
          10,
          8
        ],
        "dir": "down"
      }
    },
    {
      "seq": 369,
      "type": "collision",
      "label": "33",
      "ts": 23388,
      "detail": {
        "blocker": "42",
        "headCol": 10,
        "headRow": 12
      }
    },
    {
      "seq": 370,
      "type": "retreat",
      "label": "33",
      "ts": 23389,
      "detail": {
        "headBefore": [
          10,
          11
        ],
        "headAfter": [
          10,
          10
        ],
        "tailBefore": [
          10,
          8
        ],
        "tailAfter": [
          10,
          7
        ],
        "dir": "down"
      }
    },
    {
      "seq": 371,
      "type": "retreat",
      "label": "33",
      "ts": 23439,
      "detail": {
        "headBefore": [
          10,
          10
        ],
        "headAfter": [
          10,
          9
        ],
        "tailBefore": [
          10,
          7
        ],
        "tailAfter": [
          10,
          6
        ],
        "dir": "down"
      }
    },
    {
      "seq": 372,
      "type": "retreat",
      "label": "33",
      "ts": 23506,
      "detail": {
        "headBefore": [
          10,
          9
        ],
        "headAfter": [
          10,
          8
        ],
        "tailBefore": [
          10,
          6
        ],
        "tailAfter": [
          10,
          5
        ],
        "dir": "down"
      }
    },
    {
      "seq": 373,
      "type": "click",
      "label": "34",
      "ts": 24239,
      "detail": {}
    },
    {
      "seq": 374,
      "type": "advance",
      "label": "34",
      "ts": 24240,
      "detail": {
        "headBefore": [
          12,
          6
        ],
        "headAfter": [
          13,
          6
        ],
        "tailBefore": [
          11,
          8
        ],
        "tailAfter": [
          11,
          7
        ],
        "dir": "right"
      }
    },
    {
      "seq": 375,
      "type": "advance",
      "label": "34",
      "ts": 24289,
      "detail": {
        "headBefore": [
          13,
          6
        ],
        "headAfter": [
          14,
          6
        ],
        "tailBefore": [
          11,
          7
        ],
        "tailAfter": [
          11,
          6
        ],
        "dir": "right"
      }
    },
    {
      "seq": 376,
      "type": "advance",
      "label": "34",
      "ts": 24340,
      "detail": {
        "headBefore": [
          14,
          6
        ],
        "headAfter": [
          15,
          6
        ],
        "tailBefore": [
          11,
          6
        ],
        "tailAfter": [
          12,
          6
        ],
        "dir": "right"
      }
    },
    {
      "seq": 377,
      "type": "advance",
      "label": "34",
      "ts": 24390,
      "detail": {
        "headBefore": [
          15,
          6
        ],
        "headAfter": [
          16,
          6
        ],
        "tailBefore": [
          12,
          6
        ],
        "tailAfter": [
          13,
          6
        ],
        "dir": "right"
      }
    },
    {
      "seq": 378,
      "type": "advance",
      "label": "34",
      "ts": 24440,
      "detail": {
        "headBefore": [
          16,
          6
        ],
        "headAfter": [
          17,
          6
        ],
        "tailBefore": [
          13,
          6
        ],
        "tailAfter": [
          14,
          6
        ],
        "dir": "right"
      }
    },
    {
      "seq": 379,
      "type": "dispose",
      "label": "34",
      "ts": 24440,
      "detail": {}
    },
    {
      "seq": 380,
      "type": "click",
      "label": "35",
      "ts": 24739,
      "detail": {}
    },
    {
      "seq": 381,
      "type": "advance",
      "label": "35",
      "ts": 24740,
      "detail": {
        "headBefore": [
          10,
          3
        ],
        "headAfter": [
          10,
          4
        ],
        "tailBefore": [
          11,
          2
        ],
        "tailAfter": [
          10,
          2
        ],
        "dir": "down"
      }
    },
    {
      "seq": 382,
      "type": "collision",
      "label": "35",
      "ts": 24789,
      "detail": {
        "blocker": "33",
        "headCol": 10,
        "headRow": 5
      }
    },
    {
      "seq": 383,
      "type": "retreat",
      "label": "35",
      "ts": 24790,
      "detail": {
        "headBefore": [
          10,
          4
        ],
        "headAfter": [
          10,
          3
        ],
        "tailBefore": [
          10,
          2
        ],
        "tailAfter": [
          11,
          2
        ],
        "dir": "down"
      }
    },
    {
      "seq": 384,
      "type": "click",
      "label": "35",
      "ts": 25239,
      "detail": {}
    },
    {
      "seq": 385,
      "type": "advance",
      "label": "35",
      "ts": 25240,
      "detail": {
        "headBefore": [
          10,
          3
        ],
        "headAfter": [
          10,
          4
        ],
        "tailBefore": [
          11,
          2
        ],
        "tailAfter": [
          10,
          2
        ],
        "dir": "down"
      }
    },
    {
      "seq": 386,
      "type": "collision",
      "label": "35",
      "ts": 25290,
      "detail": {
        "blocker": "33",
        "headCol": 10,
        "headRow": 5
      }
    },
    {
      "seq": 387,
      "type": "retreat",
      "label": "35",
      "ts": 25290,
      "detail": {
        "headBefore": [
          10,
          4
        ],
        "headAfter": [
          10,
          3
        ],
        "tailBefore": [
          10,
          2
        ],
        "tailAfter": [
          11,
          2
        ],
        "dir": "down"
      }
    },
    {
      "seq": 388,
      "type": "click",
      "label": "35",
      "ts": 25740,
      "detail": {}
    },
    {
      "seq": 389,
      "type": "advance",
      "label": "35",
      "ts": 25740,
      "detail": {
        "headBefore": [
          10,
          3
        ],
        "headAfter": [
          10,
          4
        ],
        "tailBefore": [
          11,
          2
        ],
        "tailAfter": [
          10,
          2
        ],
        "dir": "down"
      }
    },
    {
      "seq": 390,
      "type": "collision",
      "label": "35",
      "ts": 25790,
      "detail": {
        "blocker": "33",
        "headCol": 10,
        "headRow": 5
      }
    },
    {
      "seq": 391,
      "type": "retreat",
      "label": "35",
      "ts": 25791,
      "detail": {
        "headBefore": [
          10,
          4
        ],
        "headAfter": [
          10,
          3
        ],
        "tailBefore": [
          10,
          2
        ],
        "tailAfter": [
          11,
          2
        ],
        "dir": "down"
      }
    },
    {
      "seq": 392,
      "type": "click",
      "label": "36",
      "ts": 26741,
      "detail": {}
    },
    {
      "seq": 393,
      "type": "advance",
      "label": "36",
      "ts": 26741,
      "detail": {
        "headBefore": [
          8,
          7
        ],
        "headAfter": [
          7,
          7
        ],
        "tailBefore": [
          7,
          4
        ],
        "tailAfter": [
          7,
          5
        ],
        "dir": "left"
      }
    },
    {
      "seq": 394,
      "type": "advance",
      "label": "36",
      "ts": 26791,
      "detail": {
        "headBefore": [
          7,
          7
        ],
        "headAfter": [
          6,
          7
        ],
        "tailBefore": [
          7,
          5
        ],
        "tailAfter": [
          7,
          6
        ],
        "dir": "left"
      }
    },
    {
      "seq": 395,
      "type": "advance",
      "label": "36",
      "ts": 26858,
      "detail": {
        "headBefore": [
          6,
          7
        ],
        "headAfter": [
          5,
          7
        ],
        "tailBefore": [
          7,
          6
        ],
        "tailAfter": [
          8,
          6
        ],
        "dir": "left"
      }
    },
    {
      "seq": 396,
      "type": "advance",
      "label": "36",
      "ts": 26925,
      "detail": {
        "headBefore": [
          5,
          7
        ],
        "headAfter": [
          4,
          7
        ],
        "tailBefore": [
          8,
          6
        ],
        "tailAfter": [
          8,
          5
        ],
        "dir": "left"
      }
    },
    {
      "seq": 397,
      "type": "advance",
      "label": "36",
      "ts": 26991,
      "detail": {
        "headBefore": [
          4,
          7
        ],
        "headAfter": [
          3,
          7
        ],
        "tailBefore": [
          8,
          5
        ],
        "tailAfter": [
          9,
          5
        ],
        "dir": "left"
      }
    },
    {
      "seq": 398,
      "type": "advance",
      "label": "36",
      "ts": 27058,
      "detail": {
        "headBefore": [
          3,
          7
        ],
        "headAfter": [
          2,
          7
        ],
        "tailBefore": [
          9,
          5
        ],
        "tailAfter": [
          9,
          6
        ],
        "dir": "left"
      }
    },
    {
      "seq": 399,
      "type": "advance",
      "label": "36",
      "ts": 27125,
      "detail": {
        "headBefore": [
          2,
          7
        ],
        "headAfter": [
          1,
          7
        ],
        "tailBefore": [
          9,
          6
        ],
        "tailAfter": [
          9,
          7
        ],
        "dir": "left"
      }
    },
    {
      "seq": 400,
      "type": "advance",
      "label": "36",
      "ts": 27192,
      "detail": {
        "headBefore": [
          1,
          7
        ],
        "headAfter": [
          0,
          7
        ],
        "tailBefore": [
          9,
          7
        ],
        "tailAfter": [
          8,
          7
        ],
        "dir": "left"
      }
    },
    {
      "seq": 401,
      "type": "click",
      "label": "37",
      "ts": 27258,
      "detail": {}
    },
    {
      "seq": 402,
      "type": "advance",
      "label": "37",
      "ts": 27258,
      "detail": {
        "headBefore": [
          6,
          11
        ],
        "headAfter": [
          6,
          10
        ],
        "tailBefore": [
          5,
          11
        ],
        "tailAfter": [
          4,
          11
        ],
        "dir": "up"
      }
    },
    {
      "seq": 403,
      "type": "advance",
      "label": "36",
      "ts": 27258,
      "detail": {
        "headBefore": [
          0,
          7
        ],
        "headAfter": [
          -1,
          7
        ],
        "tailBefore": [
          8,
          7
        ],
        "tailAfter": [
          7,
          7
        ],
        "dir": "left"
      }
    },
    {
      "seq": 404,
      "type": "advance",
      "label": "37",
      "ts": 27326,
      "detail": {
        "headBefore": [
          6,
          10
        ],
        "headAfter": [
          6,
          9
        ],
        "tailBefore": [
          4,
          11
        ],
        "tailAfter": [
          4,
          12
        ],
        "dir": "up"
      }
    },
    {
      "seq": 405,
      "type": "advance",
      "label": "36",
      "ts": 27326,
      "detail": {
        "headBefore": [
          -1,
          7
        ],
        "headAfter": [
          -2,
          7
        ],
        "tailBefore": [
          7,
          7
        ],
        "tailAfter": [
          6,
          7
        ],
        "dir": "left"
      }
    },
    {
      "seq": 406,
      "type": "advance",
      "label": "37",
      "ts": 27392,
      "detail": {
        "headBefore": [
          6,
          9
        ],
        "headAfter": [
          6,
          8
        ],
        "tailBefore": [
          4,
          12
        ],
        "tailAfter": [
          3,
          12
        ],
        "dir": "up"
      }
    },
    {
      "seq": 407,
      "type": "advance",
      "label": "36",
      "ts": 27392,
      "detail": {
        "headBefore": [
          -2,
          7
        ],
        "headAfter": [
          -3,
          7
        ],
        "tailBefore": [
          6,
          7
        ],
        "tailAfter": [
          5,
          7
        ],
        "dir": "left"
      }
    },
    {
      "seq": 408,
      "type": "advance",
      "label": "37",
      "ts": 27459,
      "detail": {
        "headBefore": [
          6,
          8
        ],
        "headAfter": [
          6,
          7
        ],
        "tailBefore": [
          3,
          12
        ],
        "tailAfter": [
          2,
          12
        ],
        "dir": "up"
      }
    },
    {
      "seq": 409,
      "type": "advance",
      "label": "36",
      "ts": 27460,
      "detail": {
        "headBefore": [
          -3,
          7
        ],
        "headAfter": [
          -4,
          7
        ],
        "tailBefore": [
          5,
          7
        ],
        "tailAfter": [
          4,
          7
        ],
        "dir": "left"
      }
    },
    {
      "seq": 410,
      "type": "advance",
      "label": "37",
      "ts": 27526,
      "detail": {
        "headBefore": [
          6,
          7
        ],
        "headAfter": [
          6,
          6
        ],
        "tailBefore": [
          2,
          12
        ],
        "tailAfter": [
          2,
          13
        ],
        "dir": "up"
      }
    },
    {
      "seq": 411,
      "type": "advance",
      "label": "36",
      "ts": 27526,
      "detail": {
        "headBefore": [
          -4,
          7
        ],
        "headAfter": [
          -5,
          7
        ],
        "tailBefore": [
          4,
          7
        ],
        "tailAfter": [
          3,
          7
        ],
        "dir": "left"
      }
    },
    {
      "seq": 412,
      "type": "advance",
      "label": "37",
      "ts": 27592,
      "detail": {
        "headBefore": [
          6,
          6
        ],
        "headAfter": [
          6,
          5
        ],
        "tailBefore": [
          2,
          13
        ],
        "tailAfter": [
          3,
          13
        ],
        "dir": "up"
      }
    },
    {
      "seq": 413,
      "type": "advance",
      "label": "36",
      "ts": 27593,
      "detail": {
        "headBefore": [
          -5,
          7
        ],
        "headAfter": [
          -6,
          7
        ],
        "tailBefore": [
          3,
          7
        ],
        "tailAfter": [
          2,
          7
        ],
        "dir": "left"
      }
    },
    {
      "seq": 414,
      "type": "advance",
      "label": "37",
      "ts": 27659,
      "detail": {
        "headBefore": [
          6,
          5
        ],
        "headAfter": [
          6,
          4
        ],
        "tailBefore": [
          3,
          13
        ],
        "tailAfter": [
          4,
          13
        ],
        "dir": "up"
      }
    },
    {
      "seq": 415,
      "type": "advance",
      "label": "36",
      "ts": 27659,
      "detail": {
        "headBefore": [
          -6,
          7
        ],
        "headAfter": [
          -7,
          7
        ],
        "tailBefore": [
          2,
          7
        ],
        "tailAfter": [
          1,
          7
        ],
        "dir": "left"
      }
    },
    {
      "seq": 416,
      "type": "advance",
      "label": "37",
      "ts": 27726,
      "detail": {
        "headBefore": [
          6,
          4
        ],
        "headAfter": [
          6,
          3
        ],
        "tailBefore": [
          4,
          13
        ],
        "tailAfter": [
          5,
          13
        ],
        "dir": "up"
      }
    },
    {
      "seq": 417,
      "type": "advance",
      "label": "36",
      "ts": 27726,
      "detail": {
        "headBefore": [
          -7,
          7
        ],
        "headAfter": [
          -8,
          7
        ],
        "tailBefore": [
          1,
          7
        ],
        "tailAfter": [
          0,
          7
        ],
        "dir": "left"
      }
    },
    {
      "seq": 418,
      "type": "click",
      "label": "38",
      "ts": 27775,
      "detail": {}
    },
    {
      "seq": 419,
      "type": "advance",
      "label": "38",
      "ts": 27775,
      "detail": {
        "headBefore": [
          1,
          16
        ],
        "headAfter": [
          0,
          16
        ],
        "tailBefore": [
          3,
          16
        ],
        "tailAfter": [
          2,
          16
        ],
        "dir": "left"
      }
    },
    {
      "seq": 420,
      "type": "advance",
      "label": "37",
      "ts": 27792,
      "detail": {
        "headBefore": [
          6,
          3
        ],
        "headAfter": [
          6,
          2
        ],
        "tailBefore": [
          5,
          13
        ],
        "tailAfter": [
          5,
          12
        ],
        "dir": "up"
      }
    },
    {
      "seq": 421,
      "type": "advance",
      "label": "36",
      "ts": 27793,
      "detail": {
        "headBefore": [
          -8,
          7
        ],
        "headAfter": [
          -9,
          7
        ],
        "tailBefore": [
          0,
          7
        ],
        "tailAfter": [
          -1,
          7
        ],
        "dir": "left"
      }
    },
    {
      "seq": 422,
      "type": "dispose",
      "label": "36",
      "ts": 27793,
      "detail": {}
    },
    {
      "seq": 423,
      "type": "advance",
      "label": "38",
      "ts": 27842,
      "detail": {
        "headBefore": [
          0,
          16
        ],
        "headAfter": [
          -1,
          16
        ],
        "tailBefore": [
          2,
          16
        ],
        "tailAfter": [
          1,
          16
        ],
        "dir": "left"
      }
    },
    {
      "seq": 424,
      "type": "advance",
      "label": "37",
      "ts": 27859,
      "detail": {
        "headBefore": [
          6,
          2
        ],
        "headAfter": [
          6,
          1
        ],
        "tailBefore": [
          5,
          12
        ],
        "tailAfter": [
          6,
          12
        ],
        "dir": "up"
      }
    },
    {
      "seq": 425,
      "type": "advance",
      "label": "38",
      "ts": 27909,
      "detail": {
        "headBefore": [
          -1,
          16
        ],
        "headAfter": [
          -2,
          16
        ],
        "tailBefore": [
          1,
          16
        ],
        "tailAfter": [
          0,
          16
        ],
        "dir": "left"
      }
    },
    {
      "seq": 426,
      "type": "advance",
      "label": "37",
      "ts": 27925,
      "detail": {
        "headBefore": [
          6,
          1
        ],
        "headAfter": [
          6,
          0
        ],
        "tailBefore": [
          6,
          12
        ],
        "tailAfter": [
          6,
          11
        ],
        "dir": "up"
      }
    },
    {
      "seq": 427,
      "type": "advance",
      "label": "38",
      "ts": 27976,
      "detail": {
        "headBefore": [
          -2,
          16
        ],
        "headAfter": [
          -3,
          16
        ],
        "tailBefore": [
          0,
          16
        ],
        "tailAfter": [
          -1,
          16
        ],
        "dir": "left"
      }
    },
    {
      "seq": 428,
      "type": "dispose",
      "label": "38",
      "ts": 27976,
      "detail": {}
    },
    {
      "seq": 429,
      "type": "advance",
      "label": "37",
      "ts": 27992,
      "detail": {
        "headBefore": [
          6,
          0
        ],
        "headAfter": [
          6,
          -1
        ],
        "tailBefore": [
          6,
          11
        ],
        "tailAfter": [
          6,
          10
        ],
        "dir": "up"
      }
    },
    {
      "seq": 430,
      "type": "advance",
      "label": "37",
      "ts": 28059,
      "detail": {
        "headBefore": [
          6,
          -1
        ],
        "headAfter": [
          6,
          -2
        ],
        "tailBefore": [
          6,
          10
        ],
        "tailAfter": [
          6,
          9
        ],
        "dir": "up"
      }
    },
    {
      "seq": 431,
      "type": "advance",
      "label": "37",
      "ts": 28125,
      "detail": {
        "headBefore": [
          6,
          -2
        ],
        "headAfter": [
          6,
          -3
        ],
        "tailBefore": [
          6,
          9
        ],
        "tailAfter": [
          6,
          8
        ],
        "dir": "up"
      }
    },
    {
      "seq": 432,
      "type": "advance",
      "label": "37",
      "ts": 28192,
      "detail": {
        "headBefore": [
          6,
          -3
        ],
        "headAfter": [
          6,
          -4
        ],
        "tailBefore": [
          6,
          8
        ],
        "tailAfter": [
          6,
          7
        ],
        "dir": "up"
      }
    },
    {
      "seq": 433,
      "type": "advance",
      "label": "37",
      "ts": 28259,
      "detail": {
        "headBefore": [
          6,
          -4
        ],
        "headAfter": [
          6,
          -5
        ],
        "tailBefore": [
          6,
          7
        ],
        "tailAfter": [
          6,
          6
        ],
        "dir": "up"
      }
    },
    {
      "seq": 434,
      "type": "click",
      "label": "39",
      "ts": 28292,
      "detail": {}
    },
    {
      "seq": 435,
      "type": "advance",
      "label": "39",
      "ts": 28293,
      "detail": {
        "headBefore": [
          2,
          10
        ],
        "headAfter": [
          2,
          9
        ],
        "tailBefore": [
          5,
          8
        ],
        "tailAfter": [
          5,
          9
        ],
        "dir": "up"
      }
    },
    {
      "seq": 436,
      "type": "advance",
      "label": "37",
      "ts": 28326,
      "detail": {
        "headBefore": [
          6,
          -5
        ],
        "headAfter": [
          6,
          -6
        ],
        "tailBefore": [
          6,
          6
        ],
        "tailAfter": [
          6,
          5
        ],
        "dir": "up"
      }
    },
    {
      "seq": 437,
      "type": "advance",
      "label": "39",
      "ts": 28359,
      "detail": {
        "headBefore": [
          2,
          9
        ],
        "headAfter": [
          2,
          8
        ],
        "tailBefore": [
          5,
          9
        ],
        "tailAfter": [
          5,
          10
        ],
        "dir": "up"
      }
    },
    {
      "seq": 438,
      "type": "advance",
      "label": "37",
      "ts": 28393,
      "detail": {
        "headBefore": [
          6,
          -6
        ],
        "headAfter": [
          6,
          -7
        ],
        "tailBefore": [
          6,
          5
        ],
        "tailAfter": [
          6,
          4
        ],
        "dir": "up"
      }
    },
    {
      "seq": 439,
      "type": "advance",
      "label": "39",
      "ts": 28426,
      "detail": {
        "headBefore": [
          2,
          8
        ],
        "headAfter": [
          2,
          7
        ],
        "tailBefore": [
          5,
          10
        ],
        "tailAfter": [
          4,
          10
        ],
        "dir": "up"
      }
    },
    {
      "seq": 440,
      "type": "advance",
      "label": "37",
      "ts": 28460,
      "detail": {
        "headBefore": [
          6,
          -7
        ],
        "headAfter": [
          6,
          -8
        ],
        "tailBefore": [
          6,
          4
        ],
        "tailAfter": [
          6,
          3
        ],
        "dir": "up"
      }
    },
    {
      "seq": 441,
      "type": "advance",
      "label": "39",
      "ts": 28492,
      "detail": {
        "headBefore": [
          2,
          7
        ],
        "headAfter": [
          2,
          6
        ],
        "tailBefore": [
          4,
          10
        ],
        "tailAfter": [
          3,
          10
        ],
        "dir": "up"
      }
    },
    {
      "seq": 442,
      "type": "advance",
      "label": "37",
      "ts": 28526,
      "detail": {
        "headBefore": [
          6,
          -8
        ],
        "headAfter": [
          6,
          -9
        ],
        "tailBefore": [
          6,
          3
        ],
        "tailAfter": [
          6,
          2
        ],
        "dir": "up"
      }
    },
    {
      "seq": 443,
      "type": "advance",
      "label": "39",
      "ts": 28560,
      "detail": {
        "headBefore": [
          2,
          6
        ],
        "headAfter": [
          2,
          5
        ],
        "tailBefore": [
          3,
          10
        ],
        "tailAfter": [
          3,
          11
        ],
        "dir": "up"
      }
    },
    {
      "seq": 444,
      "type": "advance",
      "label": "37",
      "ts": 28593,
      "detail": {
        "headBefore": [
          6,
          -9
        ],
        "headAfter": [
          6,
          -10
        ],
        "tailBefore": [
          6,
          2
        ],
        "tailAfter": [
          6,
          1
        ],
        "dir": "up"
      }
    },
    {
      "seq": 445,
      "type": "advance",
      "label": "39",
      "ts": 28627,
      "detail": {
        "headBefore": [
          2,
          5
        ],
        "headAfter": [
          2,
          4
        ],
        "tailBefore": [
          3,
          11
        ],
        "tailAfter": [
          2,
          11
        ],
        "dir": "up"
      }
    },
    {
      "seq": 446,
      "type": "advance",
      "label": "37",
      "ts": 28659,
      "detail": {
        "headBefore": [
          6,
          -10
        ],
        "headAfter": [
          6,
          -11
        ],
        "tailBefore": [
          6,
          1
        ],
        "tailAfter": [
          6,
          0
        ],
        "dir": "up"
      }
    },
    {
      "seq": 447,
      "type": "advance",
      "label": "39",
      "ts": 28693,
      "detail": {
        "headBefore": [
          2,
          4
        ],
        "headAfter": [
          2,
          3
        ],
        "tailBefore": [
          2,
          11
        ],
        "tailAfter": [
          2,
          10
        ],
        "dir": "up"
      }
    },
    {
      "seq": 448,
      "type": "advance",
      "label": "37",
      "ts": 28726,
      "detail": {
        "headBefore": [
          6,
          -11
        ],
        "headAfter": [
          6,
          -12
        ],
        "tailBefore": [
          6,
          0
        ],
        "tailAfter": [
          6,
          -1
        ],
        "dir": "up"
      }
    },
    {
      "seq": 449,
      "type": "dispose",
      "label": "37",
      "ts": 28726,
      "detail": {}
    },
    {
      "seq": 450,
      "type": "advance",
      "label": "39",
      "ts": 28759,
      "detail": {
        "headBefore": [
          2,
          3
        ],
        "headAfter": [
          2,
          2
        ],
        "tailBefore": [
          2,
          10
        ],
        "tailAfter": [
          2,
          9
        ],
        "dir": "up"
      }
    },
    {
      "seq": 451,
      "type": "click",
      "label": "40",
      "ts": 28809,
      "detail": {}
    },
    {
      "seq": 452,
      "type": "advance",
      "label": "40",
      "ts": 28810,
      "detail": {
        "headBefore": [
          10,
          19
        ],
        "headAfter": [
          11,
          19
        ],
        "tailBefore": [
          9,
          18
        ],
        "tailAfter": [
          9,
          17
        ],
        "dir": "right"
      }
    },
    {
      "seq": 453,
      "type": "advance",
      "label": "39",
      "ts": 28826,
      "detail": {
        "headBefore": [
          2,
          2
        ],
        "headAfter": [
          2,
          1
        ],
        "tailBefore": [
          2,
          9
        ],
        "tailAfter": [
          2,
          8
        ],
        "dir": "up"
      }
    },
    {
      "seq": 454,
      "type": "advance",
      "label": "40",
      "ts": 28876,
      "detail": {
        "headBefore": [
          11,
          19
        ],
        "headAfter": [
          12,
          19
        ],
        "tailBefore": [
          9,
          17
        ],
        "tailAfter": [
          8,
          17
        ],
        "dir": "right"
      }
    },
    {
      "seq": 455,
      "type": "advance",
      "label": "39",
      "ts": 28893,
      "detail": {
        "headBefore": [
          2,
          1
        ],
        "headAfter": [
          2,
          0
        ],
        "tailBefore": [
          2,
          8
        ],
        "tailAfter": [
          2,
          7
        ],
        "dir": "up"
      }
    },
    {
      "seq": 456,
      "type": "advance",
      "label": "40",
      "ts": 28944,
      "detail": {
        "headBefore": [
          12,
          19
        ],
        "headAfter": [
          13,
          19
        ],
        "tailBefore": [
          8,
          17
        ],
        "tailAfter": [
          8,
          18
        ],
        "dir": "right"
      }
    },
    {
      "seq": 457,
      "type": "advance",
      "label": "39",
      "ts": 28960,
      "detail": {
        "headBefore": [
          2,
          0
        ],
        "headAfter": [
          2,
          -1
        ],
        "tailBefore": [
          2,
          7
        ],
        "tailAfter": [
          2,
          6
        ],
        "dir": "up"
      }
    },
    {
      "seq": 458,
      "type": "advance",
      "label": "40",
      "ts": 29010,
      "detail": {
        "headBefore": [
          13,
          19
        ],
        "headAfter": [
          14,
          19
        ],
        "tailBefore": [
          8,
          18
        ],
        "tailAfter": [
          8,
          19
        ],
        "dir": "right"
      }
    },
    {
      "seq": 459,
      "type": "advance",
      "label": "39",
      "ts": 29026,
      "detail": {
        "headBefore": [
          2,
          -1
        ],
        "headAfter": [
          2,
          -2
        ],
        "tailBefore": [
          2,
          6
        ],
        "tailAfter": [
          2,
          5
        ],
        "dir": "up"
      }
    },
    {
      "seq": 460,
      "type": "advance",
      "label": "40",
      "ts": 29077,
      "detail": {
        "headBefore": [
          14,
          19
        ],
        "headAfter": [
          15,
          19
        ],
        "tailBefore": [
          8,
          19
        ],
        "tailAfter": [
          9,
          19
        ],
        "dir": "right"
      }
    },
    {
      "seq": 461,
      "type": "advance",
      "label": "39",
      "ts": 29093,
      "detail": {
        "headBefore": [
          2,
          -2
        ],
        "headAfter": [
          2,
          -3
        ],
        "tailBefore": [
          2,
          5
        ],
        "tailAfter": [
          2,
          4
        ],
        "dir": "up"
      }
    },
    {
      "seq": 462,
      "type": "advance",
      "label": "40",
      "ts": 29143,
      "detail": {
        "headBefore": [
          15,
          19
        ],
        "headAfter": [
          16,
          19
        ],
        "tailBefore": [
          9,
          19
        ],
        "tailAfter": [
          10,
          19
        ],
        "dir": "right"
      }
    },
    {
      "seq": 463,
      "type": "advance",
      "label": "39",
      "ts": 29160,
      "detail": {
        "headBefore": [
          2,
          -3
        ],
        "headAfter": [
          2,
          -4
        ],
        "tailBefore": [
          2,
          4
        ],
        "tailAfter": [
          2,
          3
        ],
        "dir": "up"
      }
    },
    {
      "seq": 464,
      "type": "advance",
      "label": "40",
      "ts": 29210,
      "detail": {
        "headBefore": [
          16,
          19
        ],
        "headAfter": [
          17,
          19
        ],
        "tailBefore": [
          10,
          19
        ],
        "tailAfter": [
          11,
          19
        ],
        "dir": "right"
      }
    },
    {
      "seq": 465,
      "type": "advance",
      "label": "39",
      "ts": 29227,
      "detail": {
        "headBefore": [
          2,
          -4
        ],
        "headAfter": [
          2,
          -5
        ],
        "tailBefore": [
          2,
          3
        ],
        "tailAfter": [
          2,
          2
        ],
        "dir": "up"
      }
    },
    {
      "seq": 466,
      "type": "advance",
      "label": "40",
      "ts": 29277,
      "detail": {
        "headBefore": [
          17,
          19
        ],
        "headAfter": [
          18,
          19
        ],
        "tailBefore": [
          11,
          19
        ],
        "tailAfter": [
          12,
          19
        ],
        "dir": "right"
      }
    },
    {
      "seq": 467,
      "type": "advance",
      "label": "39",
      "ts": 29293,
      "detail": {
        "headBefore": [
          2,
          -5
        ],
        "headAfter": [
          2,
          -6
        ],
        "tailBefore": [
          2,
          2
        ],
        "tailAfter": [
          2,
          1
        ],
        "dir": "up"
      }
    },
    {
      "seq": 468,
      "type": "click",
      "label": "41",
      "ts": 29326,
      "detail": {}
    },
    {
      "seq": 469,
      "type": "advance",
      "label": "41",
      "ts": 29326,
      "detail": {
        "headBefore": [
          8,
          22
        ],
        "headAfter": [
          8,
          23
        ],
        "tailBefore": [
          7,
          19
        ],
        "tailAfter": [
          7,
          20
        ],
        "dir": "down"
      }
    },
    {
      "seq": 470,
      "type": "advance",
      "label": "40",
      "ts": 29344,
      "detail": {
        "headBefore": [
          18,
          19
        ],
        "headAfter": [
          19,
          19
        ],
        "tailBefore": [
          12,
          19
        ],
        "tailAfter": [
          13,
          19
        ],
        "dir": "right"
      }
    },
    {
      "seq": 471,
      "type": "advance",
      "label": "39",
      "ts": 29360,
      "detail": {
        "headBefore": [
          2,
          -6
        ],
        "headAfter": [
          2,
          -7
        ],
        "tailBefore": [
          2,
          1
        ],
        "tailAfter": [
          2,
          0
        ],
        "dir": "up"
      }
    },
    {
      "seq": 472,
      "type": "advance",
      "label": "41",
      "ts": 29394,
      "detail": {
        "headBefore": [
          8,
          23
        ],
        "headAfter": [
          8,
          24
        ],
        "tailBefore": [
          7,
          20
        ],
        "tailAfter": [
          7,
          21
        ],
        "dir": "down"
      }
    },
    {
      "seq": 473,
      "type": "advance",
      "label": "40",
      "ts": 29411,
      "detail": {
        "headBefore": [
          19,
          19
        ],
        "headAfter": [
          20,
          19
        ],
        "tailBefore": [
          13,
          19
        ],
        "tailAfter": [
          14,
          19
        ],
        "dir": "right"
      }
    },
    {
      "seq": 474,
      "type": "dispose",
      "label": "40",
      "ts": 29411,
      "detail": {}
    },
    {
      "seq": 475,
      "type": "advance",
      "label": "39",
      "ts": 29427,
      "detail": {
        "headBefore": [
          2,
          -7
        ],
        "headAfter": [
          2,
          -8
        ],
        "tailBefore": [
          2,
          0
        ],
        "tailAfter": [
          2,
          -1
        ],
        "dir": "up"
      }
    },
    {
      "seq": 476,
      "type": "dispose",
      "label": "39",
      "ts": 29427,
      "detail": {}
    },
    {
      "seq": 477,
      "type": "advance",
      "label": "41",
      "ts": 29460,
      "detail": {
        "headBefore": [
          8,
          24
        ],
        "headAfter": [
          8,
          25
        ],
        "tailBefore": [
          7,
          21
        ],
        "tailAfter": [
          8,
          21
        ],
        "dir": "down"
      }
    },
    {
      "seq": 478,
      "type": "advance",
      "label": "41",
      "ts": 29527,
      "detail": {
        "headBefore": [
          8,
          25
        ],
        "headAfter": [
          8,
          26
        ],
        "tailBefore": [
          8,
          21
        ],
        "tailAfter": [
          8,
          22
        ],
        "dir": "down"
      }
    },
    {
      "seq": 479,
      "type": "advance",
      "label": "41",
      "ts": 29593,
      "detail": {
        "headBefore": [
          8,
          26
        ],
        "headAfter": [
          8,
          27
        ],
        "tailBefore": [
          8,
          22
        ],
        "tailAfter": [
          8,
          23
        ],
        "dir": "down"
      }
    },
    {
      "seq": 480,
      "type": "advance",
      "label": "41",
      "ts": 29660,
      "detail": {
        "headBefore": [
          8,
          27
        ],
        "headAfter": [
          8,
          28
        ],
        "tailBefore": [
          8,
          23
        ],
        "tailAfter": [
          8,
          24
        ],
        "dir": "down"
      }
    },
    {
      "seq": 481,
      "type": "dispose",
      "label": "41",
      "ts": 29660,
      "detail": {}
    },
    {
      "seq": 482,
      "type": "click",
      "label": "42",
      "ts": 29843,
      "detail": {}
    },
    {
      "seq": 483,
      "type": "advance",
      "label": "42",
      "ts": 29844,
      "detail": {
        "headBefore": [
          11,
          13
        ],
        "headAfter": [
          12,
          13
        ],
        "tailBefore": [
          10,
          12
        ],
        "tailAfter": [
          10,
          13
        ],
        "dir": "right"
      }
    },
    {
      "seq": 484,
      "type": "advance",
      "label": "42",
      "ts": 29911,
      "detail": {
        "headBefore": [
          12,
          13
        ],
        "headAfter": [
          13,
          13
        ],
        "tailBefore": [
          10,
          13
        ],
        "tailAfter": [
          11,
          13
        ],
        "dir": "right"
      }
    },
    {
      "seq": 485,
      "type": "advance",
      "label": "42",
      "ts": 29978,
      "detail": {
        "headBefore": [
          13,
          13
        ],
        "headAfter": [
          14,
          13
        ],
        "tailBefore": [
          11,
          13
        ],
        "tailAfter": [
          12,
          13
        ],
        "dir": "right"
      }
    },
    {
      "seq": 486,
      "type": "advance",
      "label": "42",
      "ts": 30044,
      "detail": {
        "headBefore": [
          14,
          13
        ],
        "headAfter": [
          15,
          13
        ],
        "tailBefore": [
          12,
          13
        ],
        "tailAfter": [
          13,
          13
        ],
        "dir": "right"
      }
    },
    {
      "seq": 487,
      "type": "advance",
      "label": "42",
      "ts": 30110,
      "detail": {
        "headBefore": [
          15,
          13
        ],
        "headAfter": [
          16,
          13
        ],
        "tailBefore": [
          13,
          13
        ],
        "tailAfter": [
          14,
          13
        ],
        "dir": "right"
      }
    },
    {
      "seq": 488,
      "type": "dispose",
      "label": "42",
      "ts": 30110,
      "detail": {}
    },
    {
      "seq": 489,
      "type": "click",
      "label": "43",
      "ts": 30361,
      "detail": {}
    },
    {
      "seq": 490,
      "type": "advance",
      "label": "43",
      "ts": 30361,
      "detail": {
        "headBefore": [
          5,
          14
        ],
        "headAfter": [
          4,
          14
        ],
        "tailBefore": [
          5,
          15
        ],
        "tailAfter": [
          6,
          15
        ],
        "dir": "left"
      }
    },
    {
      "seq": 491,
      "type": "advance",
      "label": "43",
      "ts": 30428,
      "detail": {
        "headBefore": [
          4,
          14
        ],
        "headAfter": [
          3,
          14
        ],
        "tailBefore": [
          6,
          15
        ],
        "tailAfter": [
          7,
          15
        ],
        "dir": "left"
      }
    },
    {
      "seq": 492,
      "type": "advance",
      "label": "43",
      "ts": 30495,
      "detail": {
        "headBefore": [
          3,
          14
        ],
        "headAfter": [
          2,
          14
        ],
        "tailBefore": [
          7,
          15
        ],
        "tailAfter": [
          7,
          16
        ],
        "dir": "left"
      }
    },
    {
      "seq": 493,
      "type": "advance",
      "label": "43",
      "ts": 30561,
      "detail": {
        "headBefore": [
          2,
          14
        ],
        "headAfter": [
          1,
          14
        ],
        "tailBefore": [
          7,
          16
        ],
        "tailAfter": [
          8,
          16
        ],
        "dir": "left"
      }
    },
    {
      "seq": 494,
      "type": "advance",
      "label": "43",
      "ts": 30628,
      "detail": {
        "headBefore": [
          1,
          14
        ],
        "headAfter": [
          0,
          14
        ],
        "tailBefore": [
          8,
          16
        ],
        "tailAfter": [
          8,
          15
        ],
        "dir": "left"
      }
    },
    {
      "seq": 495,
      "type": "advance",
      "label": "43",
      "ts": 30695,
      "detail": {
        "headBefore": [
          0,
          14
        ],
        "headAfter": [
          -1,
          14
        ],
        "tailBefore": [
          8,
          15
        ],
        "tailAfter": [
          9,
          15
        ],
        "dir": "left"
      }
    },
    {
      "seq": 496,
      "type": "advance",
      "label": "43",
      "ts": 30761,
      "detail": {
        "headBefore": [
          -1,
          14
        ],
        "headAfter": [
          -2,
          14
        ],
        "tailBefore": [
          9,
          15
        ],
        "tailAfter": [
          9,
          14
        ],
        "dir": "left"
      }
    },
    {
      "seq": 497,
      "type": "advance",
      "label": "43",
      "ts": 30828,
      "detail": {
        "headBefore": [
          -2,
          14
        ],
        "headAfter": [
          -3,
          14
        ],
        "tailBefore": [
          9,
          14
        ],
        "tailAfter": [
          8,
          14
        ],
        "dir": "left"
      }
    },
    {
      "seq": 498,
      "type": "click",
      "label": "44",
      "ts": 30878,
      "detail": {}
    },
    {
      "seq": 499,
      "type": "advance",
      "label": "44",
      "ts": 30878,
      "detail": {
        "headBefore": [
          3,
          18
        ],
        "headAfter": [
          3,
          19
        ],
        "tailBefore": [
          4,
          18
        ],
        "tailAfter": [
          4,
          17
        ],
        "dir": "down"
      }
    },
    {
      "seq": 500,
      "type": "advance",
      "label": "43",
      "ts": 30895,
      "detail": {
        "headBefore": [
          -3,
          14
        ],
        "headAfter": [
          -4,
          14
        ],
        "tailBefore": [
          8,
          14
        ],
        "tailAfter": [
          7,
          14
        ],
        "dir": "left"
      }
    },
    {
      "seq": 501,
      "type": "collision",
      "label": "44",
      "ts": 30944,
      "detail": {
        "blocker": "30",
        "headCol": 3,
        "headRow": 20
      }
    },
    {
      "seq": 502,
      "type": "retreat",
      "label": "44",
      "ts": 30944,
      "detail": {
        "headBefore": [
          3,
          19
        ],
        "headAfter": [
          3,
          18
        ],
        "tailBefore": [
          4,
          17
        ],
        "tailAfter": [
          4,
          18
        ],
        "dir": "left"
      }
    },
    {
      "seq": 503,
      "type": "advance",
      "label": "43",
      "ts": 30961,
      "detail": {
        "headBefore": [
          -4,
          14
        ],
        "headAfter": [
          -5,
          14
        ],
        "tailBefore": [
          7,
          14
        ],
        "tailAfter": [
          6,
          14
        ],
        "dir": "left"
      }
    },
    {
      "seq": 504,
      "type": "advance",
      "label": "43",
      "ts": 31028,
      "detail": {
        "headBefore": [
          -5,
          14
        ],
        "headAfter": [
          -6,
          14
        ],
        "tailBefore": [
          6,
          14
        ],
        "tailAfter": [
          5,
          14
        ],
        "dir": "left"
      }
    },
    {
      "seq": 505,
      "type": "advance",
      "label": "43",
      "ts": 31094,
      "detail": {
        "headBefore": [
          -6,
          14
        ],
        "headAfter": [
          -7,
          14
        ],
        "tailBefore": [
          5,
          14
        ],
        "tailAfter": [
          4,
          14
        ],
        "dir": "left"
      }
    },
    {
      "seq": 506,
      "type": "advance",
      "label": "43",
      "ts": 31162,
      "detail": {
        "headBefore": [
          -7,
          14
        ],
        "headAfter": [
          -8,
          14
        ],
        "tailBefore": [
          4,
          14
        ],
        "tailAfter": [
          3,
          14
        ],
        "dir": "left"
      }
    },
    {
      "seq": 507,
      "type": "advance",
      "label": "43",
      "ts": 31228,
      "detail": {
        "headBefore": [
          -8,
          14
        ],
        "headAfter": [
          -9,
          14
        ],
        "tailBefore": [
          3,
          14
        ],
        "tailAfter": [
          2,
          14
        ],
        "dir": "left"
      }
    },
    {
      "seq": 508,
      "type": "advance",
      "label": "43",
      "ts": 31295,
      "detail": {
        "headBefore": [
          -9,
          14
        ],
        "headAfter": [
          -10,
          14
        ],
        "tailBefore": [
          2,
          14
        ],
        "tailAfter": [
          1,
          14
        ],
        "dir": "left"
      }
    },
    {
      "seq": 509,
      "type": "advance",
      "label": "43",
      "ts": 31362,
      "detail": {
        "headBefore": [
          -10,
          14
        ],
        "headAfter": [
          -11,
          14
        ],
        "tailBefore": [
          1,
          14
        ],
        "tailAfter": [
          0,
          14
        ],
        "dir": "left"
      }
    },
    {
      "seq": 510,
      "type": "click",
      "label": "44",
      "ts": 31394,
      "detail": {}
    },
    {
      "seq": 511,
      "type": "advance",
      "label": "44",
      "ts": 31395,
      "detail": {
        "headBefore": [
          3,
          18
        ],
        "headAfter": [
          3,
          19
        ],
        "tailBefore": [
          4,
          18
        ],
        "tailAfter": [
          4,
          17
        ],
        "dir": "down"
      }
    },
    {
      "seq": 512,
      "type": "advance",
      "label": "43",
      "ts": 31428,
      "detail": {
        "headBefore": [
          -11,
          14
        ],
        "headAfter": [
          -12,
          14
        ],
        "tailBefore": [
          0,
          14
        ],
        "tailAfter": [
          -1,
          14
        ],
        "dir": "left"
      }
    },
    {
      "seq": 513,
      "type": "dispose",
      "label": "43",
      "ts": 31428,
      "detail": {}
    },
    {
      "seq": 514,
      "type": "collision",
      "label": "44",
      "ts": 31461,
      "detail": {
        "blocker": "30",
        "headCol": 3,
        "headRow": 20
      }
    },
    {
      "seq": 515,
      "type": "retreat",
      "label": "44",
      "ts": 31462,
      "detail": {
        "headBefore": [
          3,
          19
        ],
        "headAfter": [
          3,
          18
        ],
        "tailBefore": [
          4,
          17
        ],
        "tailAfter": [
          4,
          18
        ],
        "dir": "left"
      }
    },
    {
      "seq": 516,
      "type": "click",
      "label": "44",
      "ts": 31912,
      "detail": {}
    },
    {
      "seq": 517,
      "type": "advance",
      "label": "44",
      "ts": 31912,
      "detail": {
        "headBefore": [
          3,
          18
        ],
        "headAfter": [
          3,
          19
        ],
        "tailBefore": [
          4,
          18
        ],
        "tailAfter": [
          4,
          17
        ],
        "dir": "down"
      }
    },
    {
      "seq": 518,
      "type": "collision",
      "label": "44",
      "ts": 31978,
      "detail": {
        "blocker": "30",
        "headCol": 3,
        "headRow": 20
      }
    },
    {
      "seq": 519,
      "type": "retreat",
      "label": "44",
      "ts": 31979,
      "detail": {
        "headBefore": [
          3,
          19
        ],
        "headAfter": [
          3,
          18
        ],
        "tailBefore": [
          4,
          17
        ],
        "tailAfter": [
          4,
          18
        ],
        "dir": "left"
      }
    },
    {
      "seq": 520,
      "type": "click",
      "label": "45",
      "ts": 32946,
      "detail": {}
    },
    {
      "seq": 521,
      "type": "advance",
      "label": "45",
      "ts": 32947,
      "detail": {
        "headBefore": [
          8,
          12
        ],
        "headAfter": [
          8,
          11
        ],
        "tailBefore": [
          9,
          12
        ],
        "tailAfter": [
          9,
          13
        ],
        "dir": "up"
      }
    },
    {
      "seq": 522,
      "type": "advance",
      "label": "45",
      "ts": 33013,
      "detail": {
        "headBefore": [
          8,
          11
        ],
        "headAfter": [
          8,
          10
        ],
        "tailBefore": [
          9,
          13
        ],
        "tailAfter": [
          8,
          13
        ],
        "dir": "up"
      }
    },
    {
      "seq": 523,
      "type": "advance",
      "label": "45",
      "ts": 33080,
      "detail": {
        "headBefore": [
          8,
          10
        ],
        "headAfter": [
          8,
          9
        ],
        "tailBefore": [
          8,
          13
        ],
        "tailAfter": [
          8,
          12
        ],
        "dir": "up"
      }
    },
    {
      "seq": 524,
      "type": "advance",
      "label": "45",
      "ts": 33147,
      "detail": {
        "headBefore": [
          8,
          9
        ],
        "headAfter": [
          8,
          8
        ],
        "tailBefore": [
          8,
          12
        ],
        "tailAfter": [
          8,
          11
        ],
        "dir": "up"
      }
    },
    {
      "seq": 525,
      "type": "advance",
      "label": "45",
      "ts": 33213,
      "detail": {
        "headBefore": [
          8,
          8
        ],
        "headAfter": [
          8,
          7
        ],
        "tailBefore": [
          8,
          11
        ],
        "tailAfter": [
          8,
          10
        ],
        "dir": "up"
      }
    },
    {
      "seq": 526,
      "type": "advance",
      "label": "45",
      "ts": 33280,
      "detail": {
        "headBefore": [
          8,
          7
        ],
        "headAfter": [
          8,
          6
        ],
        "tailBefore": [
          8,
          10
        ],
        "tailAfter": [
          8,
          9
        ],
        "dir": "up"
      }
    },
    {
      "seq": 527,
      "type": "advance",
      "label": "45",
      "ts": 33347,
      "detail": {
        "headBefore": [
          8,
          6
        ],
        "headAfter": [
          8,
          5
        ],
        "tailBefore": [
          8,
          9
        ],
        "tailAfter": [
          8,
          8
        ],
        "dir": "up"
      }
    },
    {
      "seq": 528,
      "type": "advance",
      "label": "45",
      "ts": 33413,
      "detail": {
        "headBefore": [
          8,
          5
        ],
        "headAfter": [
          8,
          4
        ],
        "tailBefore": [
          8,
          8
        ],
        "tailAfter": [
          8,
          7
        ],
        "dir": "up"
      }
    },
    {
      "seq": 529,
      "type": "click",
      "label": "46",
      "ts": 33463,
      "detail": {}
    },
    {
      "seq": 530,
      "type": "advance",
      "label": "46",
      "ts": 33463,
      "detail": {
        "headBefore": [
          9,
          9
        ],
        "headAfter": [
          9,
          8
        ],
        "tailBefore": [
          9,
          11
        ],
        "tailAfter": [
          9,
          10
        ],
        "dir": "up"
      }
    },
    {
      "seq": 531,
      "type": "advance",
      "label": "45",
      "ts": 33480,
      "detail": {
        "headBefore": [
          8,
          4
        ],
        "headAfter": [
          8,
          3
        ],
        "tailBefore": [
          8,
          7
        ],
        "tailAfter": [
          8,
          6
        ],
        "dir": "up"
      }
    },
    {
      "seq": 532,
      "type": "advance",
      "label": "46",
      "ts": 33531,
      "detail": {
        "headBefore": [
          9,
          8
        ],
        "headAfter": [
          9,
          7
        ],
        "tailBefore": [
          9,
          10
        ],
        "tailAfter": [
          9,
          9
        ],
        "dir": "up"
      }
    },
    {
      "seq": 533,
      "type": "advance",
      "label": "45",
      "ts": 33547,
      "detail": {
        "headBefore": [
          8,
          3
        ],
        "headAfter": [
          8,
          2
        ],
        "tailBefore": [
          8,
          6
        ],
        "tailAfter": [
          8,
          5
        ],
        "dir": "up"
      }
    },
    {
      "seq": 534,
      "type": "advance",
      "label": "46",
      "ts": 33597,
      "detail": {
        "headBefore": [
          9,
          7
        ],
        "headAfter": [
          9,
          6
        ],
        "tailBefore": [
          9,
          9
        ],
        "tailAfter": [
          9,
          8
        ],
        "dir": "up"
      }
    },
    {
      "seq": 535,
      "type": "advance",
      "label": "45",
      "ts": 33614,
      "detail": {
        "headBefore": [
          8,
          2
        ],
        "headAfter": [
          8,
          1
        ],
        "tailBefore": [
          8,
          5
        ],
        "tailAfter": [
          8,
          4
        ],
        "dir": "up"
      }
    },
    {
      "seq": 536,
      "type": "advance",
      "label": "46",
      "ts": 33664,
      "detail": {
        "headBefore": [
          9,
          6
        ],
        "headAfter": [
          9,
          5
        ],
        "tailBefore": [
          9,
          8
        ],
        "tailAfter": [
          9,
          7
        ],
        "dir": "up"
      }
    },
    {
      "seq": 537,
      "type": "advance",
      "label": "45",
      "ts": 33680,
      "detail": {
        "headBefore": [
          8,
          1
        ],
        "headAfter": [
          8,
          0
        ],
        "tailBefore": [
          8,
          4
        ],
        "tailAfter": [
          8,
          3
        ],
        "dir": "up"
      }
    },
    {
      "seq": 538,
      "type": "collision",
      "label": "46",
      "ts": 33729,
      "detail": {
        "blocker": "31",
        "headCol": 9,
        "headRow": 4
      }
    },
    {
      "seq": 539,
      "type": "retreat",
      "label": "46",
      "ts": 33730,
      "detail": {
        "headBefore": [
          9,
          5
        ],
        "headAfter": [
          9,
          6
        ],
        "tailBefore": [
          9,
          7
        ],
        "tailAfter": [
          9,
          8
        ],
        "dir": "up"
      }
    },
    {
      "seq": 540,
      "type": "advance",
      "label": "45",
      "ts": 33747,
      "detail": {
        "headBefore": [
          8,
          0
        ],
        "headAfter": [
          8,
          -1
        ],
        "tailBefore": [
          8,
          3
        ],
        "tailAfter": [
          8,
          2
        ],
        "dir": "up"
      }
    },
    {
      "seq": 541,
      "type": "retreat",
      "label": "46",
      "ts": 33797,
      "detail": {
        "headBefore": [
          9,
          6
        ],
        "headAfter": [
          9,
          7
        ],
        "tailBefore": [
          9,
          8
        ],
        "tailAfter": [
          9,
          9
        ],
        "dir": "up"
      }
    },
    {
      "seq": 542,
      "type": "advance",
      "label": "45",
      "ts": 33814,
      "detail": {
        "headBefore": [
          8,
          -1
        ],
        "headAfter": [
          8,
          -2
        ],
        "tailBefore": [
          8,
          2
        ],
        "tailAfter": [
          8,
          1
        ],
        "dir": "up"
      }
    },
    {
      "seq": 543,
      "type": "retreat",
      "label": "46",
      "ts": 33864,
      "detail": {
        "headBefore": [
          9,
          7
        ],
        "headAfter": [
          9,
          8
        ],
        "tailBefore": [
          9,
          9
        ],
        "tailAfter": [
          9,
          10
        ],
        "dir": "up"
      }
    },
    {
      "seq": 544,
      "type": "advance",
      "label": "45",
      "ts": 33880,
      "detail": {
        "headBefore": [
          8,
          -2
        ],
        "headAfter": [
          8,
          -3
        ],
        "tailBefore": [
          8,
          1
        ],
        "tailAfter": [
          8,
          0
        ],
        "dir": "up"
      }
    },
    {
      "seq": 545,
      "type": "retreat",
      "label": "46",
      "ts": 33930,
      "detail": {
        "headBefore": [
          9,
          8
        ],
        "headAfter": [
          9,
          9
        ],
        "tailBefore": [
          9,
          10
        ],
        "tailAfter": [
          9,
          11
        ],
        "dir": "up"
      }
    },
    {
      "seq": 546,
      "type": "advance",
      "label": "45",
      "ts": 33947,
      "detail": {
        "headBefore": [
          8,
          -3
        ],
        "headAfter": [
          8,
          -4
        ],
        "tailBefore": [
          8,
          0
        ],
        "tailAfter": [
          8,
          -1
        ],
        "dir": "up"
      }
    },
    {
      "seq": 547,
      "type": "dispose",
      "label": "45",
      "ts": 33947,
      "detail": {}
    },
    {
      "seq": 548,
      "type": "click",
      "label": "47",
      "ts": 33980,
      "detail": {}
    },
    {
      "seq": 549,
      "type": "advance",
      "label": "47",
      "ts": 33981,
      "detail": {
        "headBefore": [
          7,
          12
        ],
        "headAfter": [
          7,
          11
        ],
        "tailBefore": [
          7,
          13
        ],
        "tailAfter": [
          7,
          12
        ],
        "dir": "up"
      }
    },
    {
      "seq": 550,
      "type": "advance",
      "label": "47",
      "ts": 34047,
      "detail": {
        "headBefore": [
          7,
          11
        ],
        "headAfter": [
          7,
          10
        ],
        "tailBefore": [
          7,
          12
        ],
        "tailAfter": [
          7,
          11
        ],
        "dir": "up"
      }
    },
    {
      "seq": 551,
      "type": "advance",
      "label": "47",
      "ts": 34114,
      "detail": {
        "headBefore": [
          7,
          10
        ],
        "headAfter": [
          7,
          9
        ],
        "tailBefore": [
          7,
          11
        ],
        "tailAfter": [
          7,
          10
        ],
        "dir": "up"
      }
    },
    {
      "seq": 552,
      "type": "advance",
      "label": "47",
      "ts": 34180,
      "detail": {
        "headBefore": [
          7,
          9
        ],
        "headAfter": [
          7,
          8
        ],
        "tailBefore": [
          7,
          10
        ],
        "tailAfter": [
          7,
          9
        ],
        "dir": "up"
      }
    },
    {
      "seq": 553,
      "type": "advance",
      "label": "47",
      "ts": 34247,
      "detail": {
        "headBefore": [
          7,
          8
        ],
        "headAfter": [
          7,
          7
        ],
        "tailBefore": [
          7,
          9
        ],
        "tailAfter": [
          7,
          8
        ],
        "dir": "up"
      }
    },
    {
      "seq": 554,
      "type": "advance",
      "label": "47",
      "ts": 34314,
      "detail": {
        "headBefore": [
          7,
          7
        ],
        "headAfter": [
          7,
          6
        ],
        "tailBefore": [
          7,
          8
        ],
        "tailAfter": [
          7,
          7
        ],
        "dir": "up"
      }
    },
    {
      "seq": 555,
      "type": "advance",
      "label": "47",
      "ts": 34381,
      "detail": {
        "headBefore": [
          7,
          6
        ],
        "headAfter": [
          7,
          5
        ],
        "tailBefore": [
          7,
          7
        ],
        "tailAfter": [
          7,
          6
        ],
        "dir": "up"
      }
    },
    {
      "seq": 556,
      "type": "advance",
      "label": "47",
      "ts": 34448,
      "detail": {
        "headBefore": [
          7,
          5
        ],
        "headAfter": [
          7,
          4
        ],
        "tailBefore": [
          7,
          6
        ],
        "tailAfter": [
          7,
          5
        ],
        "dir": "up"
      }
    },
    {
      "seq": 557,
      "type": "click",
      "label": "48",
      "ts": 34497,
      "detail": {}
    },
    {
      "seq": 558,
      "type": "advance",
      "label": "48",
      "ts": 34497,
      "detail": {
        "headBefore": [
          5,
          19
        ],
        "headAfter": [
          5,
          20
        ],
        "tailBefore": [
          4,
          16
        ],
        "tailAfter": [
          5,
          16
        ],
        "dir": "down"
      }
    },
    {
      "seq": 559,
      "type": "advance",
      "label": "47",
      "ts": 34514,
      "detail": {
        "headBefore": [
          7,
          4
        ],
        "headAfter": [
          7,
          3
        ],
        "tailBefore": [
          7,
          5
        ],
        "tailAfter": [
          7,
          4
        ],
        "dir": "up"
      }
    },
    {
      "seq": 560,
      "type": "advance",
      "label": "48",
      "ts": 34564,
      "detail": {
        "headBefore": [
          5,
          20
        ],
        "headAfter": [
          5,
          21
        ],
        "tailBefore": [
          5,
          16
        ],
        "tailAfter": [
          5,
          17
        ],
        "dir": "down"
      }
    },
    {
      "seq": 561,
      "type": "advance",
      "label": "47",
      "ts": 34581,
      "detail": {
        "headBefore": [
          7,
          3
        ],
        "headAfter": [
          7,
          2
        ],
        "tailBefore": [
          7,
          4
        ],
        "tailAfter": [
          7,
          3
        ],
        "dir": "up"
      }
    },
    {
      "seq": 562,
      "type": "advance",
      "label": "48",
      "ts": 34630,
      "detail": {
        "headBefore": [
          5,
          21
        ],
        "headAfter": [
          5,
          22
        ],
        "tailBefore": [
          5,
          17
        ],
        "tailAfter": [
          6,
          17
        ],
        "dir": "down"
      }
    },
    {
      "seq": 563,
      "type": "advance",
      "label": "47",
      "ts": 34648,
      "detail": {
        "headBefore": [
          7,
          2
        ],
        "headAfter": [
          7,
          1
        ],
        "tailBefore": [
          7,
          3
        ],
        "tailAfter": [
          7,
          2
        ],
        "dir": "up"
      }
    },
    {
      "seq": 564,
      "type": "advance",
      "label": "48",
      "ts": 34697,
      "detail": {
        "headBefore": [
          5,
          22
        ],
        "headAfter": [
          5,
          23
        ],
        "tailBefore": [
          6,
          17
        ],
        "tailAfter": [
          7,
          17
        ],
        "dir": "down"
      }
    },
    {
      "seq": 565,
      "type": "advance",
      "label": "47",
      "ts": 34715,
      "detail": {
        "headBefore": [
          7,
          1
        ],
        "headAfter": [
          7,
          0
        ],
        "tailBefore": [
          7,
          2
        ],
        "tailAfter": [
          7,
          1
        ],
        "dir": "up"
      }
    },
    {
      "seq": 566,
      "type": "advance",
      "label": "48",
      "ts": 34764,
      "detail": {
        "headBefore": [
          5,
          23
        ],
        "headAfter": [
          5,
          24
        ],
        "tailBefore": [
          7,
          17
        ],
        "tailAfter": [
          7,
          18
        ],
        "dir": "down"
      }
    },
    {
      "seq": 567,
      "type": "advance",
      "label": "47",
      "ts": 34781,
      "detail": {
        "headBefore": [
          7,
          0
        ],
        "headAfter": [
          7,
          -1
        ],
        "tailBefore": [
          7,
          1
        ],
        "tailAfter": [
          7,
          0
        ],
        "dir": "up"
      }
    },
    {
      "seq": 568,
      "type": "advance",
      "label": "48",
      "ts": 34831,
      "detail": {
        "headBefore": [
          5,
          24
        ],
        "headAfter": [
          5,
          25
        ],
        "tailBefore": [
          7,
          18
        ],
        "tailAfter": [
          6,
          18
        ],
        "dir": "down"
      }
    },
    {
      "seq": 569,
      "type": "advance",
      "label": "47",
      "ts": 34848,
      "detail": {
        "headBefore": [
          7,
          -1
        ],
        "headAfter": [
          7,
          -2
        ],
        "tailBefore": [
          7,
          0
        ],
        "tailAfter": [
          7,
          -1
        ],
        "dir": "up"
      }
    },
    {
      "seq": 570,
      "type": "dispose",
      "label": "47",
      "ts": 34848,
      "detail": {}
    },
    {
      "seq": 571,
      "type": "advance",
      "label": "48",
      "ts": 34898,
      "detail": {
        "headBefore": [
          5,
          25
        ],
        "headAfter": [
          5,
          26
        ],
        "tailBefore": [
          6,
          18
        ],
        "tailAfter": [
          5,
          18
        ],
        "dir": "down"
      }
    },
    {
      "seq": 572,
      "type": "advance",
      "label": "48",
      "ts": 34965,
      "detail": {
        "headBefore": [
          5,
          26
        ],
        "headAfter": [
          5,
          27
        ],
        "tailBefore": [
          5,
          18
        ],
        "tailAfter": [
          5,
          19
        ],
        "dir": "down"
      }
    },
    {
      "seq": 573,
      "type": "advance",
      "label": "48",
      "ts": 35031,
      "detail": {
        "headBefore": [
          5,
          27
        ],
        "headAfter": [
          5,
          28
        ],
        "tailBefore": [
          5,
          19
        ],
        "tailAfter": [
          5,
          20
        ],
        "dir": "down"
      }
    },
    {
      "seq": 574,
      "type": "advance",
      "label": "48",
      "ts": 35098,
      "detail": {
        "headBefore": [
          5,
          28
        ],
        "headAfter": [
          5,
          29
        ],
        "tailBefore": [
          5,
          20
        ],
        "tailAfter": [
          5,
          21
        ],
        "dir": "down"
      }
    },
    {
      "seq": 575,
      "type": "advance",
      "label": "48",
      "ts": 35164,
      "detail": {
        "headBefore": [
          5,
          29
        ],
        "headAfter": [
          5,
          30
        ],
        "tailBefore": [
          5,
          21
        ],
        "tailAfter": [
          5,
          22
        ],
        "dir": "down"
      }
    },
    {
      "seq": 576,
      "type": "advance",
      "label": "48",
      "ts": 35232,
      "detail": {
        "headBefore": [
          5,
          30
        ],
        "headAfter": [
          5,
          31
        ],
        "tailBefore": [
          5,
          22
        ],
        "tailAfter": [
          5,
          23
        ],
        "dir": "down"
      }
    },
    {
      "seq": 577,
      "type": "advance",
      "label": "48",
      "ts": 35298,
      "detail": {
        "headBefore": [
          5,
          31
        ],
        "headAfter": [
          5,
          32
        ],
        "tailBefore": [
          5,
          23
        ],
        "tailAfter": [
          5,
          24
        ],
        "dir": "down"
      }
    },
    {
      "seq": 578,
      "type": "dispose",
      "label": "48",
      "ts": 35298,
      "detail": {}
    }
  ],
  "currentState": {
    "totalLines": 48,
    "solvable": true,
    "lines": [
      {
        "index": 0,
        "label": "48",
        "round": "1-7",
        "flyDir": "down",
        "headCol": 5,
        "headRow": 32,
        "tailCol": 4,
        "tailRow": 16,
        "stepCount": 0,
        "path": "right×1 → down×1 → right×2 → down×1 → left×2 → down×1",
        "disposed": true
      },
      {
        "index": 1,
        "label": "47",
        "round": "1-7",
        "flyDir": "up",
        "headCol": 7,
        "headRow": -2,
        "tailCol": 7,
        "tailRow": 13,
        "stepCount": 0,
        "path": "up×1",
        "disposed": true
      },
      {
        "index": 2,
        "label": "46",
        "round": "1-7",
        "flyDir": "up",
        "headCol": 9,
        "headRow": 9,
        "tailCol": 9,
        "tailRow": 11,
        "stepCount": 2,
        "path": "up×2",
        "disposed": false
      },
      {
        "index": 3,
        "label": "45",
        "round": "1-7",
        "flyDir": "up",
        "headCol": 8,
        "headRow": -4,
        "tailCol": 9,
        "tailRow": 12,
        "stepCount": 0,
        "path": "down×1 → left×1 → up×1",
        "disposed": true
      },
      {
        "index": 4,
        "label": "44",
        "round": "1-7",
        "flyDir": "down",
        "headCol": 3,
        "headRow": 18,
        "tailCol": 4,
        "tailRow": 18,
        "stepCount": 3,
        "path": "up×1 → left×1 → down×1",
        "disposed": false
      },
      {
        "index": 5,
        "label": "43",
        "round": "1-7",
        "flyDir": "left",
        "headCol": -12,
        "headRow": 14,
        "tailCol": 5,
        "tailRow": 15,
        "stepCount": 0,
        "path": "right×2 → down×1 → right×1 → up×1 → right×1 → up×1 → left×4",
        "disposed": true
      },
      {
        "index": 6,
        "label": "42",
        "round": "1-7",
        "flyDir": "right",
        "headCol": 16,
        "headRow": 13,
        "tailCol": 10,
        "tailRow": 12,
        "stepCount": 0,
        "path": "down×1 → right×1",
        "disposed": true
      },
      {
        "index": 7,
        "label": "41",
        "round": "1-7",
        "flyDir": "down",
        "headCol": 8,
        "headRow": 28,
        "tailCol": 7,
        "tailRow": 19,
        "stepCount": 0,
        "path": "down×2 → right×1 → down×1",
        "disposed": true
      },
      {
        "index": 8,
        "label": "40",
        "round": "1-7",
        "flyDir": "right",
        "headCol": 20,
        "headRow": 19,
        "tailCol": 9,
        "tailRow": 18,
        "stepCount": 0,
        "path": "up×1 → left×1 → down×2 → right×2",
        "disposed": true
      },
      {
        "index": 9,
        "label": "39",
        "round": "1-7",
        "flyDir": "up",
        "headCol": 2,
        "headRow": -8,
        "tailCol": 5,
        "tailRow": 8,
        "stepCount": 0,
        "path": "down×2 → left×2 → down×1 → left×1 → up×1",
        "disposed": true
      },
      {
        "index": 10,
        "label": "38",
        "round": "1-7",
        "flyDir": "left",
        "headCol": -3,
        "headRow": 16,
        "tailCol": 3,
        "tailRow": 16,
        "stepCount": 0,
        "path": "left×2",
        "disposed": true
      },
      {
        "index": 11,
        "label": "37",
        "round": "1-7",
        "flyDir": "up",
        "headCol": 6,
        "headRow": -12,
        "tailCol": 5,
        "tailRow": 11,
        "stepCount": 0,
        "path": "left×1 → down×1 → left×2 → down×1 → right×3 → up×1 → right×1 → up×1",
        "disposed": true
      },
      {
        "index": 12,
        "label": "36",
        "round": "1-6",
        "flyDir": "left",
        "headCol": -9,
        "headRow": 7,
        "tailCol": 7,
        "tailRow": 4,
        "stepCount": 0,
        "path": "down×2 → right×1 → up×1 → right×1 → down×2 → left×1",
        "disposed": true
      },
      {
        "index": 13,
        "label": "35",
        "round": "1-6",
        "flyDir": "down",
        "headCol": 10,
        "headRow": 3,
        "tailCol": 11,
        "tailRow": 2,
        "stepCount": 2,
        "path": "left×1 → down×1",
        "disposed": false
      },
      {
        "index": 14,
        "label": "34",
        "round": "1-6",
        "flyDir": "right",
        "headCol": 17,
        "headRow": 6,
        "tailCol": 11,
        "tailRow": 8,
        "stepCount": 0,
        "path": "up×2 → right×1",
        "disposed": true
      },
      {
        "index": 15,
        "label": "33",
        "round": "1-6",
        "flyDir": "down",
        "headCol": 10,
        "headRow": 8,
        "tailCol": 10,
        "tailRow": 5,
        "stepCount": 3,
        "path": "down×3",
        "disposed": false
      },
      {
        "index": 16,
        "label": "32",
        "round": "1-6",
        "flyDir": "left",
        "headCol": -3,
        "headRow": 0,
        "tailCol": 10,
        "tailRow": 1,
        "stepCount": 0,
        "path": "up×1 → left×1",
        "disposed": true
      },
      {
        "index": 17,
        "label": "31",
        "round": "1-6",
        "flyDir": "up",
        "headCol": 9,
        "headRow": 3,
        "tailCol": 9,
        "tailRow": 4,
        "stepCount": 1,
        "path": "up×1",
        "disposed": false
      },
      {
        "index": 18,
        "label": "30",
        "round": "1-5",
        "flyDir": "right",
        "headCol": 4,
        "headRow": 21,
        "tailCol": 3,
        "tailRow": 20,
        "stepCount": 2,
        "path": "down×1 → right×1",
        "disposed": false
      },
      {
        "index": 19,
        "label": "29",
        "round": "1-4",
        "flyDir": "up",
        "headCol": 5,
        "headRow": -2,
        "tailCol": 5,
        "tailRow": 3,
        "stepCount": 0,
        "path": "up×1",
        "disposed": true
      },
      {
        "index": 20,
        "label": "28",
        "round": "1-3",
        "flyDir": "left",
        "headCol": -2,
        "headRow": 4,
        "tailCol": 3,
        "tailRow": 4,
        "stepCount": 0,
        "path": "left×1",
        "disposed": true
      },
      {
        "index": 21,
        "label": "27",
        "round": "1-2",
        "flyDir": "left",
        "headCol": -2,
        "headRow": 8,
        "tailCol": 3,
        "tailRow": 8,
        "stepCount": 0,
        "path": "left×1",
        "disposed": true
      },
      {
        "index": 22,
        "label": "26",
        "round": "1-1",
        "flyDir": "up",
        "headCol": 11,
        "headRow": 15,
        "tailCol": 11,
        "tailRow": 16,
        "stepCount": 1,
        "path": "up×1",
        "disposed": false
      },
      {
        "index": 23,
        "label": "25",
        "round": "1",
        "flyDir": "left",
        "headCol": -4,
        "headRow": 8,
        "tailCol": 0,
        "tailRow": 7,
        "stepCount": 0,
        "path": "right×1 → down×1 → left×1",
        "disposed": true
      },
      {
        "index": 24,
        "label": "24",
        "round": "1",
        "flyDir": "right",
        "headCol": 15,
        "headRow": 15,
        "tailCol": 12,
        "tailRow": 15,
        "stepCount": 0,
        "path": "right×1",
        "disposed": true
      },
      {
        "index": 25,
        "label": "23",
        "round": "1",
        "flyDir": "up",
        "headCol": 7,
        "headRow": -6,
        "tailCol": 6,
        "tailRow": 0,
        "stepCount": 0,
        "path": "down×2 → right×1 → up×2",
        "disposed": true
      },
      {
        "index": 26,
        "label": "22",
        "round": "1",
        "flyDir": "left",
        "headCol": -11,
        "headRow": 14,
        "tailCol": 0,
        "tailRow": 16,
        "stepCount": 0,
        "path": "up×1 → right×4 → up×1 → left×4",
        "disposed": true
      },
      {
        "index": 27,
        "label": "21",
        "round": "1",
        "flyDir": "left",
        "headCol": -4,
        "headRow": 4,
        "tailCol": 0,
        "tailRow": 5,
        "stepCount": 0,
        "path": "right×1 → up×1 → left×1",
        "disposed": true
      },
      {
        "index": 28,
        "label": "20",
        "round": "1",
        "flyDir": "right",
        "headCol": 20,
        "headRow": 16,
        "tailCol": 10,
        "tailRow": 17,
        "stepCount": 0,
        "path": "down×1 → right×1 → up×1 → right×1 → up×1 → right×1",
        "disposed": true
      },
      {
        "index": 29,
        "label": "19",
        "round": "1",
        "flyDir": "left",
        "headCol": -8,
        "headRow": 6,
        "tailCol": 2,
        "tailRow": 5,
        "stepCount": 0,
        "path": "right×1 → down×2 → left×1 → up×1 → left×2",
        "disposed": true
      },
      {
        "index": 30,
        "label": "18",
        "round": "1",
        "flyDir": "right",
        "headCol": 25,
        "headRow": 11,
        "tailCol": 13,
        "tailRow": 10,
        "stepCount": 0,
        "path": "up×1 → left×3 → down×2 → right×1 → up×1 → right×1 → down×1 → right×1",
        "disposed": true
      },
      {
        "index": 31,
        "label": "17",
        "round": "1",
        "flyDir": "up",
        "headCol": 8,
        "headRow": -26,
        "tailCol": 9,
        "tailRow": 8,
        "stepCount": 0,
        "path": "left×1 → down×3 → left×1 → up×1 → left×1 → up×2 → right×1 → up×1 → left×1 → up×2 → left×1 → up×1 → right×1 → up×1 → right×2 → up×1 → right×1 → up×1 → left×1 → up×1",
        "disposed": true
      },
      {
        "index": 32,
        "label": "16",
        "round": "1",
        "flyDir": "right",
        "headCol": 21,
        "headRow": 13,
        "tailCol": 9,
        "tailRow": 16,
        "stepCount": 0,
        "path": "right×1 → up×2 → right×2 → up×1 → right×1",
        "disposed": true
      },
      {
        "index": 33,
        "label": "15",
        "round": "1",
        "flyDir": "down",
        "headCol": 4,
        "headRow": 31,
        "tailCol": 2,
        "tailRow": 22,
        "stepCount": 0,
        "path": "left×1 → down×1 → right×2 → up×1 → right×1 → down×1",
        "disposed": true
      },
      {
        "index": 34,
        "label": "14",
        "round": "1",
        "flyDir": "down",
        "headCol": 6,
        "headRow": 28,
        "tailCol": 8,
        "tailRow": 23,
        "stepCount": 0,
        "path": "left×1 → up×1 → left×1 → down×1",
        "disposed": true
      },
      {
        "index": 35,
        "label": "13",
        "round": "1",
        "flyDir": "left",
        "headCol": -8,
        "headRow": 10,
        "tailCol": 0,
        "tailRow": 13,
        "stepCount": 0,
        "path": "right×1 → up×1 → left×1 → up×1 → right×1 → up×1 → left×1",
        "disposed": true
      },
      {
        "index": 36,
        "label": "12",
        "round": "1",
        "flyDir": "left",
        "headCol": -6,
        "headRow": 18,
        "tailCol": 0,
        "tailRow": 17,
        "stepCount": 0,
        "path": "right×2 → down×1 → left×2",
        "disposed": true
      },
      {
        "index": 37,
        "label": "11",
        "round": "1",
        "flyDir": "down",
        "headCol": 5,
        "headRow": 33,
        "tailCol": 2,
        "tailRow": 19,
        "stepCount": 0,
        "path": "right×2 → down×1 → right×2 → down×1 → left×1 → down×2",
        "disposed": true
      },
      {
        "index": 38,
        "label": "10",
        "round": "1",
        "flyDir": "up",
        "headCol": 13,
        "headRow": -8,
        "tailCol": 11,
        "tailRow": 1,
        "stepCount": 0,
        "path": "up×1 → right×1 → down×2 → right×1 → up×2",
        "disposed": true
      },
      {
        "index": 39,
        "label": "9",
        "round": "1",
        "flyDir": "right",
        "headCol": 16,
        "headRow": 12,
        "tailCol": 11,
        "tailRow": 12,
        "stepCount": 0,
        "path": "right×2",
        "disposed": true
      },
      {
        "index": 40,
        "label": "8",
        "round": "1",
        "flyDir": "up",
        "headCol": 2,
        "headRow": -7,
        "tailCol": 4,
        "tailRow": 0,
        "stepCount": 0,
        "path": "left×1 → down×2 → left×1 → up×2",
        "disposed": true
      },
      {
        "index": 41,
        "label": "7",
        "round": "1",
        "flyDir": "right",
        "headCol": 38,
        "headRow": 23,
        "tailCol": 13,
        "tailRow": 19,
        "stepCount": 0,
        "path": "up×1 → left×1 → down×1 → left×1 → down×1 → right×2 → down×2 → left×1 → up×1 → left×2 → up×1 → left×1 → down×3 → right×1 → up×1 → right×1 → down×1 → right×2",
        "disposed": true
      },
      {
        "index": 42,
        "label": "6",
        "round": "1",
        "flyDir": "up",
        "headCol": 0,
        "headRow": -4,
        "tailCol": 0,
        "tailRow": 3,
        "stepCount": 0,
        "path": "up×3",
        "disposed": true
      },
      {
        "index": 43,
        "label": "5",
        "round": "1",
        "flyDir": "up",
        "headCol": 1,
        "headRow": -19,
        "tailCol": 0,
        "tailRow": 9,
        "stepCount": 0,
        "path": "right×4 → up×2 → right×1 → up×1 → left×1 → up×3 → left×3 → up×3",
        "disposed": true
      },
      {
        "index": 44,
        "label": "4",
        "round": "1",
        "flyDir": "right",
        "headCol": 21,
        "headRow": 8,
        "tailCol": 11,
        "tailRow": 5,
        "stepCount": 0,
        "path": "right×2 → down×2 → left×1 → down×1 → right×1",
        "disposed": true
      },
      {
        "index": 45,
        "label": "3",
        "round": "1",
        "flyDir": "right",
        "headCol": 18,
        "headRow": 3,
        "tailCol": 10,
        "tailRow": 4,
        "stepCount": 0,
        "path": "right×2 → up×1 → right×1",
        "disposed": true
      },
      {
        "index": 46,
        "label": "2",
        "round": "1",
        "flyDir": "down",
        "headCol": 0,
        "headRow": 33,
        "tailCol": 2,
        "tailRow": 20,
        "stepCount": 0,
        "path": "down×1 → left×1 → up×2 → left×1 → down×4",
        "disposed": true
      },
      {
        "index": 47,
        "label": "1",
        "round": "1",
        "flyDir": "up",
        "headCol": 5,
        "headRow": -4,
        "tailCol": 4,
        "tailRow": 2,
        "stepCount": 0,
        "path": "up×1 → right×1 → up×1",
        "disposed": true
      }
    ],
    "dependencies": {
      "0": null,
      "1": null,
      "2": 17,
      "3": null,
      "4": 18,
      "5": null,
      "6": null,
      "7": null,
      "8": null,
      "9": null,
      "10": null,
      "11": null,
      "12": null,
      "13": 15,
      "14": null,
      "15": null,
      "16": null,
      "17": null,
      "18": null,
      "19": null,
      "20": null,
      "21": null,
      "22": 13,
      "23": null,
      "24": null,
      "25": null,
      "26": null,
      "27": null,
      "28": null,
      "29": null,
      "30": null,
      "31": null,
      "32": null,
      "33": null,
      "34": null,
      "35": null,
      "36": null,
      "37": null,
      "38": null,
      "39": null,
      "40": null,
      "41": null,
      "42": null,
      "43": null,
      "44": null,
      "45": null,
      "46": null,
      "47": null
    },
    "cycles": []
  }
}