{
  "meta": {
    "version": 1,
    "exportedAt": "2026-06-16T04:34:50.970Z",
    "config": {
      "cols": 14,
      "rows": 24,
      "spacing": 25
    }
  },
  "initialState": {
    "totalLines": 50,
    "solvable": true,
    "lines": [
      {
        "index": 0,
        "label": "50",
        "round": "1-8-1",
        "flyDir": "up",
        "headCol": 6,
        "headRow": 8,
        "tailCol": 6,
        "tailRow": 9,
        "stepCount": 1,
        "path": "up×1",
        "disposed": false
      },
      {
        "index": 1,
        "label": "49",
        "round": "1-8",
        "flyDir": "down",
        "headCol": 6,
        "headRow": 17,
        "tailCol": 5,
        "tailRow": 17,
        "stepCount": 3,
        "path": "up×1 → right×1 → down×1",
        "disposed": false
      },
      {
        "index": 2,
        "label": "48",
        "round": "1-8",
        "flyDir": "up",
        "headCol": 3,
        "headRow": 6,
        "tailCol": 3,
        "tailRow": 7,
        "stepCount": 1,
        "path": "up×1",
        "disposed": false
      },
      {
        "index": 3,
        "label": "47",
        "round": "1-8",
        "flyDir": "up",
        "headCol": 6,
        "headRow": 4,
        "tailCol": 7,
        "tailRow": 10,
        "stepCount": 7,
        "path": "up×3 → left×1 → up×3",
        "disposed": false
      },
      {
        "index": 4,
        "label": "46",
        "round": "1-8",
        "flyDir": "right",
        "headCol": 11,
        "headRow": 15,
        "tailCol": 9,
        "tailRow": 14,
        "stepCount": 11,
        "path": "left×1 → down×3 → right×2 → up×1 → left×1 → up×1 → right×2",
        "disposed": false
      },
      {
        "index": 5,
        "label": "45",
        "round": "1-8",
        "flyDir": "left",
        "headCol": 2,
        "headRow": 12,
        "tailCol": 4,
        "tailRow": 14,
        "stepCount": 8,
        "path": "down×1 → left×2 → up×2 → right×1 → up×1 → left×1",
        "disposed": false
      },
      {
        "index": 6,
        "label": "44",
        "round": "1-8",
        "flyDir": "left",
        "headCol": 3,
        "headRow": 2,
        "tailCol": 5,
        "tailRow": 4,
        "stepCount": 10,
        "path": "down×3 → left×1 → up×5 → left×1",
        "disposed": false
      },
      {
        "index": 7,
        "label": "43",
        "round": "1-8",
        "flyDir": "down",
        "headCol": 3,
        "headRow": 18,
        "tailCol": 4,
        "tailRow": 18,
        "stepCount": 3,
        "path": "up×1 → left×1 → down×1",
        "disposed": false
      },
      {
        "index": 8,
        "label": "42",
        "round": "1-8",
        "flyDir": "left",
        "headCol": 2,
        "headRow": 11,
        "tailCol": 6,
        "tailRow": 12,
        "stepCount": 23,
        "path": "left×1 → up×1 → right×4 → down×1 → left×2 → down×1 → left×1 → down×1 → right×1 → down×1 → left×2 → up×2 → left×1 → up×2 → left×2",
        "disposed": false
      },
      {
        "index": 9,
        "label": "41",
        "round": "1-8",
        "flyDir": "left",
        "headCol": 2,
        "headRow": 9,
        "tailCol": 3,
        "tailRow": 8,
        "stepCount": 2,
        "path": "down×1 → left×1",
        "disposed": false
      },
      {
        "index": 10,
        "label": "40",
        "round": "1-8",
        "flyDir": "left",
        "headCol": 9,
        "headRow": 18,
        "tailCol": 10,
        "tailRow": 18,
        "stepCount": 1,
        "path": "left×1",
        "disposed": false
      },
      {
        "index": 11,
        "label": "39",
        "round": "1-8",
        "flyDir": "left",
        "headCol": 3,
        "headRow": 10,
        "tailCol": 5,
        "tailRow": 10,
        "stepCount": 6,
        "path": "up×2 → left×1 → down×2 → left×1",
        "disposed": false
      },
      {
        "index": 12,
        "label": "38",
        "round": "1-8",
        "flyDir": "up",
        "headCol": 2,
        "headRow": 6,
        "tailCol": 2,
        "tailRow": 8,
        "stepCount": 2,
        "path": "up×2",
        "disposed": false
      },
      {
        "index": 13,
        "label": "37",
        "round": "1-8",
        "flyDir": "right",
        "headCol": 10,
        "headRow": 13,
        "tailCol": 8,
        "tailRow": 13,
        "stepCount": 2,
        "path": "right×2",
        "disposed": false
      },
      {
        "index": 14,
        "label": "36",
        "round": "1-7",
        "flyDir": "left",
        "headCol": 9,
        "headRow": 3,
        "tailCol": 10,
        "tailRow": 3,
        "stepCount": 1,
        "path": "left×1",
        "disposed": false
      },
      {
        "index": 15,
        "label": "35",
        "round": "1-7",
        "flyDir": "down",
        "headCol": 9,
        "headRow": 5,
        "tailCol": 9,
        "tailRow": 4,
        "stepCount": 1,
        "path": "down×1",
        "disposed": false
      },
      {
        "index": 16,
        "label": "34",
        "round": "1-6",
        "flyDir": "down",
        "headCol": 0,
        "headRow": 6,
        "tailCol": 1,
        "tailRow": 4,
        "stepCount": 3,
        "path": "left×1 → down×2",
        "disposed": false
      },
      {
        "index": 17,
        "label": "33",
        "round": "1-5",
        "flyDir": "down",
        "headCol": 13,
        "headRow": 17,
        "tailCol": 13,
        "tailRow": 15,
        "stepCount": 2,
        "path": "down×2",
        "disposed": false
      },
      {
        "index": 18,
        "label": "32",
        "round": "1-4",
        "flyDir": "right",
        "headCol": 4,
        "headRow": 0,
        "tailCol": 2,
        "tailRow": 0,
        "stepCount": 2,
        "path": "right×2",
        "disposed": false
      },
      {
        "index": 19,
        "label": "31",
        "round": "1-3",
        "flyDir": "right",
        "headCol": 7,
        "headRow": 0,
        "tailCol": 6,
        "tailRow": 0,
        "stepCount": 1,
        "path": "right×1",
        "disposed": false
      },
      {
        "index": 20,
        "label": "30",
        "round": "1-2",
        "flyDir": "up",
        "headCol": 0,
        "headRow": 20,
        "tailCol": 0,
        "tailRow": 21,
        "stepCount": 1,
        "path": "up×1",
        "disposed": false
      },
      {
        "index": 21,
        "label": "29",
        "round": "1-1",
        "flyDir": "left",
        "headCol": 6,
        "headRow": 21,
        "tailCol": 7,
        "tailRow": 21,
        "stepCount": 1,
        "path": "left×1",
        "disposed": false
      },
      {
        "index": 22,
        "label": "28",
        "round": "1",
        "flyDir": "right",
        "headCol": 13,
        "headRow": 5,
        "tailCol": 7,
        "tailRow": 5,
        "stepCount": 14,
        "path": "up×1 → right×1 → down×2 → right×1 → down×1 → right×1 → up×3 → right×1 → down×1 → right×2",
        "disposed": false
      },
      {
        "index": 23,
        "label": "27",
        "round": "1",
        "flyDir": "left",
        "headCol": 0,
        "headRow": 19,
        "tailCol": 7,
        "tailRow": 16,
        "stepCount": 16,
        "path": "down×2 → right×1 → down×1 → left×2 → up×1 → left×1 → down×1 → left×1 → down×1 → left×1 → up×1 → left×3",
        "disposed": false
      },
      {
        "index": 24,
        "label": "26",
        "round": "1",
        "flyDir": "left",
        "headCol": 0,
        "headRow": 17,
        "tailCol": 4,
        "tailRow": 16,
        "stepCount": 5,
        "path": "left×3 → down×1 → left×1",
        "disposed": false
      },
      {
        "index": 25,
        "label": "25",
        "round": "1",
        "flyDir": "left",
        "headCol": 0,
        "headRow": 18,
        "tailCol": 2,
        "tailRow": 18,
        "stepCount": 2,
        "path": "left×2",
        "disposed": false
      },
      {
        "index": 26,
        "label": "24",
        "round": "1",
        "flyDir": "left",
        "headCol": 0,
        "headRow": 23,
        "tailCol": 2,
        "tailRow": 23,
        "stepCount": 2,
        "path": "left×2",
        "disposed": false
      },
      {
        "index": 27,
        "label": "23",
        "round": "1",
        "flyDir": "right",
        "headCol": 13,
        "headRow": 19,
        "tailCol": 11,
        "tailRow": 18,
        "stepCount": 3,
        "path": "down×1 → right×2",
        "disposed": false
      },
      {
        "index": 28,
        "label": "22",
        "round": "1",
        "flyDir": "right",
        "headCol": 13,
        "headRow": 4,
        "tailCol": 12,
        "tailRow": 4,
        "stepCount": 1,
        "path": "right×1",
        "disposed": false
      },
      {
        "index": 29,
        "label": "21",
        "round": "1",
        "flyDir": "right",
        "headCol": 13,
        "headRow": 20,
        "tailCol": 10,
        "tailRow": 19,
        "stepCount": 8,
        "path": "left×1 → down×1 → right×1 → down×1 → right×1 → up×1 → right×2",
        "disposed": false
      },
      {
        "index": 30,
        "label": "20",
        "round": "1",
        "flyDir": "left",
        "headCol": 0,
        "headRow": 11,
        "tailCol": 0,
        "tailRow": 14,
        "stepCount": 5,
        "path": "up×2 → right×1 → up×1 → left×1",
        "disposed": false
      },
      {
        "index": 31,
        "label": "19",
        "round": "1",
        "flyDir": "up",
        "headCol": 9,
        "headRow": 0,
        "tailCol": 5,
        "tailRow": 2,
        "stepCount": 8,
        "path": "down×1 → right×3 → up×1 → right×1 → up×2",
        "disposed": false
      },
      {
        "index": 32,
        "label": "18",
        "round": "1",
        "flyDir": "right",
        "headCol": 13,
        "headRow": 3,
        "tailCol": 10,
        "tailRow": 2,
        "stepCount": 4,
        "path": "right×1 → down×1 → right×2",
        "disposed": false
      },
      {
        "index": 33,
        "label": "17",
        "round": "1",
        "flyDir": "up",
        "headCol": 8,
        "headRow": 0,
        "tailCol": 6,
        "tailRow": 2,
        "stepCount": 4,
        "path": "up×1 → right×2 → up×1",
        "disposed": false
      },
      {
        "index": 34,
        "label": "16",
        "round": "1",
        "flyDir": "right",
        "headCol": 13,
        "headRow": 7,
        "tailCol": 12,
        "tailRow": 6,
        "stepCount": 4,
        "path": "left×1 → down×1 → right×2",
        "disposed": false
      },
      {
        "index": 35,
        "label": "15",
        "round": "1",
        "flyDir": "right",
        "headCol": 13,
        "headRow": 0,
        "tailCol": 12,
        "tailRow": 0,
        "stepCount": 1,
        "path": "right×1",
        "disposed": false
      },
      {
        "index": 36,
        "label": "14",
        "round": "1",
        "flyDir": "right",
        "headCol": 13,
        "headRow": 11,
        "tailCol": 10,
        "tailRow": 12,
        "stepCount": 4,
        "path": "up×1 → right×3",
        "disposed": false
      },
      {
        "index": 37,
        "label": "13",
        "round": "1",
        "flyDir": "left",
        "headCol": 0,
        "headRow": 22,
        "tailCol": 2,
        "tailRow": 20,
        "stepCount": 6,
        "path": "left×1 → down×1 → right×1 → down×1 → left×2",
        "disposed": false
      },
      {
        "index": 38,
        "label": "12",
        "round": "1",
        "flyDir": "right",
        "headCol": 13,
        "headRow": 2,
        "tailCol": 10,
        "tailRow": 1,
        "stepCount": 6,
        "path": "up×1 → right×1 → down×1 → right×1 → down×1 → right×1",
        "disposed": false
      },
      {
        "index": 39,
        "label": "11",
        "round": "1",
        "flyDir": "right",
        "headCol": 13,
        "headRow": 9,
        "tailCol": 13,
        "tailRow": 10,
        "stepCount": 7,
        "path": "left×3 → up×1 → right×3",
        "disposed": false
      },
      {
        "index": 40,
        "label": "10",
        "round": "1",
        "flyDir": "left",
        "headCol": 0,
        "headRow": 15,
        "tailCol": 1,
        "tailRow": 14,
        "stepCount": 2,
        "path": "down×1 → left×1",
        "disposed": false
      },
      {
        "index": 41,
        "label": "9",
        "round": "1",
        "flyDir": "down",
        "headCol": 11,
        "headRow": 23,
        "tailCol": 12,
        "tailRow": 23,
        "stepCount": 7,
        "path": "right×1 → up×2 → left×1 → down×1 → left×1 → down×1",
        "disposed": false
      },
      {
        "index": 42,
        "label": "8",
        "round": "1",
        "flyDir": "down",
        "headCol": 4,
        "headRow": 23,
        "tailCol": 6,
        "tailRow": 23,
        "stepCount": 14,
        "path": "left×1 → up×1 → right×3 → up×2 → left×3 → down×1 → left×1 → down×2",
        "disposed": false
      },
      {
        "index": 43,
        "label": "7",
        "round": "1",
        "flyDir": "right",
        "headCol": 13,
        "headRow": 12,
        "tailCol": 13,
        "tailRow": 13,
        "stepCount": 7,
        "path": "left×1 → down×1 → left×1 → up×2 → right×2",
        "disposed": false
      },
      {
        "index": 44,
        "label": "6",
        "round": "1",
        "flyDir": "down",
        "headCol": 3,
        "headRow": 23,
        "tailCol": 3,
        "tailRow": 22,
        "stepCount": 1,
        "path": "down×1",
        "disposed": false
      },
      {
        "index": 45,
        "label": "5",
        "round": "1",
        "flyDir": "right",
        "headCol": 13,
        "headRow": 18,
        "tailCol": 12,
        "tailRow": 15,
        "stepCount": 6,
        "path": "down×1 → left×1 → down×1 → right×1 → down×1 → right×1",
        "disposed": false
      },
      {
        "index": 46,
        "label": "4",
        "round": "1",
        "flyDir": "left",
        "headCol": 0,
        "headRow": 3,
        "tailCol": 2,
        "tailRow": 10,
        "stepCount": 17,
        "path": "left×2 → up×1 → right×1 → up×1 → left×1 → up×1 → right×1 → up×2 → right×2 → up×1 → left×1 → up×1 → left×2",
        "disposed": false
      },
      {
        "index": 47,
        "label": "3",
        "round": "1",
        "flyDir": "down",
        "headCol": 10,
        "headRow": 23,
        "tailCol": 8,
        "tailRow": 23,
        "stepCount": 4,
        "path": "right×1 → up×1 → right×1 → down×1",
        "disposed": false
      },
      {
        "index": 48,
        "label": "2",
        "round": "1",
        "flyDir": "up",
        "headCol": 5,
        "headRow": 0,
        "tailCol": 2,
        "tailRow": 2,
        "stepCount": 11,
        "path": "left×2 → up×2 → right×1 → down×1 → right×4 → up×1",
        "disposed": false
      },
      {
        "index": 49,
        "label": "1",
        "round": "1",
        "flyDir": "right",
        "headCol": 13,
        "headRow": 8,
        "tailCol": 8,
        "tailRow": 7,
        "stepCount": 10,
        "path": "down×3 → right×1 → up×2 → right×4",
        "disposed": false
      }
    ],
    "dependencies": {
      "0": 3,
      "1": 23,
      "2": 46,
      "3": 31,
      "4": 45,
      "5": 30,
      "6": 48,
      "7": 23,
      "8": 30,
      "9": 46,
      "10": 23,
      "11": 46,
      "12": 46,
      "13": 43,
      "14": 31,
      "15": 22,
      "16": 46,
      "17": 45,
      "18": 48,
      "19": 33,
      "20": 23,
      "21": 42,
      "22": null,
      "23": null,
      "24": null,
      "25": null,
      "26": null,
      "27": null,
      "28": null,
      "29": null,
      "30": null,
      "31": null,
      "32": null,
      "33": null,
      "34": null,
      "35": null,
      "36": null,
      "37": null,
      "38": null,
      "39": null,
      "40": null,
      "41": null,
      "42": null,
      "43": null,
      "44": null,
      "45": null,
      "46": null,
      "47": null,
      "48": null,
      "49": null
    },
    "cycles": []
  },
  "summary": {
    "phase": "mid-execution",
    "totalEvents": 542,
    "clicks": 50,
    "advances": 411,
    "retreats": 31,
    "collisions": 6,
    "disposals": 44,
    "linesInBounds": 6,
    "linesOutOfBounds": 0,
    "linesDisposed": 44
  },
  "batches": [
    {
      "round": "1",
      "region": "全棋盘",
      "regionSize": 336,
      "count": 28,
      "labels": "[1-28]",
      "cells": []
    },
    {
      "round": "1-1",
      "region": "空区(2格)",
      "regionSize": 2,
      "count": 1,
      "labels": "[29-29]",
      "cells": [
        [
          6,
          21
        ],
        [
          7,
          21
        ]
      ]
    },
    {
      "round": "1-2",
      "region": "空区(2格)",
      "regionSize": 2,
      "count": 1,
      "labels": "[30-30]",
      "cells": [
        [
          0,
          20
        ],
        [
          0,
          21
        ]
      ]
    },
    {
      "round": "1-3",
      "region": "空区(2格)",
      "regionSize": 2,
      "count": 1,
      "labels": "[31-31]",
      "cells": [
        [
          6,
          0
        ],
        [
          7,
          0
        ]
      ]
    },
    {
      "round": "1-4",
      "region": "空区(3格)",
      "regionSize": 3,
      "count": 1,
      "labels": "[32-32]",
      "cells": [
        [
          2,
          0
        ],
        [
          3,
          0
        ],
        [
          4,
          0
        ]
      ]
    },
    {
      "round": "1-5",
      "region": "空区(4格)",
      "regionSize": 4,
      "count": 1,
      "labels": "[33-33]",
      "cells": [
        [
          13,
          14
        ],
        [
          13,
          15
        ],
        [
          13,
          16
        ],
        [
          13,
          17
        ]
      ]
    },
    {
      "round": "1-6",
      "region": "空区(4格)",
      "regionSize": 4,
      "count": 1,
      "labels": "[34-34]",
      "cells": [
        [
          0,
          4
        ],
        [
          1,
          4
        ],
        [
          0,
          5
        ],
        [
          0,
          6
        ]
      ]
    },
    {
      "round": "1-7",
      "region": "空区(4格)",
      "regionSize": 4,
      "count": 2,
      "labels": "[35-36]",
      "cells": [
        [
          9,
          3
        ],
        [
          10,
          3
        ],
        [
          9,
          4
        ],
        [
          9,
          5
        ]
      ]
    },
    {
      "round": "1-8",
      "region": "空区(101格)",
      "regionSize": 101,
      "count": 13,
      "labels": "[37-49]",
      "cells": [
        [
          3,
          2
        ],
        [
          4,
          2
        ],
        [
          3,
          3
        ],
        [
          4,
          3
        ],
        [
          4,
          4
        ],
        [
          5,
          4
        ],
        [
          4,
          5
        ],
        [
          6,
          4
        ],
        [
          5,
          5
        ],
        [
          4,
          6
        ],
        [
          6,
          5
        ],
        [
          5,
          6
        ],
        [
          3,
          6
        ],
        [
          4,
          7
        ],
        [
          6,
          6
        ],
        [
          5,
          7
        ],
        [
          2,
          6
        ],
        [
          3,
          7
        ],
        [
          4,
          8
        ],
        [
          7,
          6
        ],
        [
          6,
          7
        ],
        [
          5,
          8
        ],
        [
          2,
          7
        ],
        [
          3,
          8
        ],
        [
          4,
          9
        ],
        [
          7,
          7
        ],
        [
          6,
          8
        ],
        [
          5,
          9
        ],
        [
          2,
          8
        ],
        [
          3,
          9
        ],
        [
          4,
          10
        ],
        [
          7,
          8
        ],
        [
          6,
          9
        ],
        [
          5,
          10
        ],
        [
          2,
          9
        ],
        [
          3,
          10
        ],
        [
          4,
          11
        ],
        [
          7,
          9
        ],
        [
          6,
          10
        ],
        [
          5,
          11
        ],
        [
          3,
          11
        ],
        [
          4,
          12
        ],
        [
          7,
          10
        ],
        [
          6,
          11
        ],
        [
          5,
          12
        ],
        [
          2,
          11
        ],
        [
          3,
          12
        ],
        [
          4,
          13
        ],
        [
          7,
          11
        ],
        [
          6,
          12
        ],
        [
          5,
          13
        ],
        [
          2,
          12
        ],
        [
          3,
          13
        ],
        [
          4,
          14
        ],
        [
          8,
          11
        ],
        [
          7,
          12
        ],
        [
          6,
          13
        ],
        [
          5,
          14
        ],
        [
          2,
          13
        ],
        [
          3,
          14
        ],
        [
          4,
          15
        ],
        [
          9,
          11
        ],
        [
          8,
          12
        ],
        [
          7,
          13
        ],
        [
          6,
          14
        ],
        [
          5,
          15
        ],
        [
          1,
          13
        ],
        [
          2,
          14
        ],
        [
          3,
          15
        ],
        [
          9,
          12
        ],
        [
          8,
          13
        ],
        [
          7,
          14
        ],
        [
          6,
          15
        ],
        [
          5,
          16
        ],
        [
          2,
          15
        ],
        [
          9,
          13
        ],
        [
          8,
          14
        ],
        [
          7,
          15
        ],
        [
          6,
          16
        ],
        [
          5,
          17
        ],
        [
          10,
          13
        ],
        [
          9,
          14
        ],
        [
          8,
          15
        ],
        [
          6,
          17
        ],
        [
          4,
          17
        ],
        [
          10,
          14
        ],
        [
          9,
          15
        ],
        [
          8,
          16
        ],
        [
          3,
          17
        ],
        [
          4,
          18
        ],
        [
          10,
          15
        ],
        [
          9,
          16
        ],
        [
          8,
          17
        ],
        [
          2,
          17
        ],
        [
          3,
          18
        ],
        [
          11,
          15
        ],
        [
          10,
          16
        ],
        [
          9,
          17
        ],
        [
          10,
          17
        ],
        [
          9,
          18
        ],
        [
          10,
          18
        ]
      ]
    },
    {
      "round": "1-8-1",
      "region": "空区(3格)",
      "regionSize": 3,
      "count": 1,
      "labels": "[50-50]",
      "cells": [
        [
          6,
          8
        ],
        [
          6,
          9
        ],
        [
          6,
          10
        ]
      ]
    }
  ],
  "events": [
    {
      "seq": 1,
      "type": "click",
      "label": "1",
      "ts": 1716,
      "detail": {}
    },
    {
      "seq": 2,
      "type": "advance",
      "label": "1",
      "ts": 1717,
      "detail": {
        "headBefore": [
          13,
          8
        ],
        "headAfter": [
          14,
          8
        ],
        "tailBefore": [
          8,
          7
        ],
        "tailAfter": [
          8,
          8
        ],
        "dir": "right"
      }
    },
    {
      "seq": 3,
      "type": "advance",
      "label": "1",
      "ts": 1765,
      "detail": {
        "headBefore": [
          14,
          8
        ],
        "headAfter": [
          15,
          8
        ],
        "tailBefore": [
          8,
          8
        ],
        "tailAfter": [
          8,
          9
        ],
        "dir": "right"
      }
    },
    {
      "seq": 4,
      "type": "advance",
      "label": "1",
      "ts": 1815,
      "detail": {
        "headBefore": [
          15,
          8
        ],
        "headAfter": [
          16,
          8
        ],
        "tailBefore": [
          8,
          9
        ],
        "tailAfter": [
          8,
          10
        ],
        "dir": "right"
      }
    },
    {
      "seq": 5,
      "type": "advance",
      "label": "1",
      "ts": 1865,
      "detail": {
        "headBefore": [
          16,
          8
        ],
        "headAfter": [
          17,
          8
        ],
        "tailBefore": [
          8,
          10
        ],
        "tailAfter": [
          9,
          10
        ],
        "dir": "right"
      }
    },
    {
      "seq": 6,
      "type": "advance",
      "label": "1",
      "ts": 1915,
      "detail": {
        "headBefore": [
          17,
          8
        ],
        "headAfter": [
          18,
          8
        ],
        "tailBefore": [
          9,
          10
        ],
        "tailAfter": [
          9,
          9
        ],
        "dir": "right"
      }
    },
    {
      "seq": 7,
      "type": "advance",
      "label": "1",
      "ts": 1965,
      "detail": {
        "headBefore": [
          18,
          8
        ],
        "headAfter": [
          19,
          8
        ],
        "tailBefore": [
          9,
          9
        ],
        "tailAfter": [
          9,
          8
        ],
        "dir": "right"
      }
    },
    {
      "seq": 8,
      "type": "advance",
      "label": "1",
      "ts": 2015,
      "detail": {
        "headBefore": [
          19,
          8
        ],
        "headAfter": [
          20,
          8
        ],
        "tailBefore": [
          9,
          8
        ],
        "tailAfter": [
          10,
          8
        ],
        "dir": "right"
      }
    },
    {
      "seq": 9,
      "type": "advance",
      "label": "1",
      "ts": 2065,
      "detail": {
        "headBefore": [
          20,
          8
        ],
        "headAfter": [
          21,
          8
        ],
        "tailBefore": [
          10,
          8
        ],
        "tailAfter": [
          11,
          8
        ],
        "dir": "right"
      }
    },
    {
      "seq": 10,
      "type": "advance",
      "label": "1",
      "ts": 2115,
      "detail": {
        "headBefore": [
          21,
          8
        ],
        "headAfter": [
          22,
          8
        ],
        "tailBefore": [
          11,
          8
        ],
        "tailAfter": [
          12,
          8
        ],
        "dir": "right"
      }
    },
    {
      "seq": 11,
      "type": "advance",
      "label": "1",
      "ts": 2165,
      "detail": {
        "headBefore": [
          22,
          8
        ],
        "headAfter": [
          23,
          8
        ],
        "tailBefore": [
          12,
          8
        ],
        "tailAfter": [
          13,
          8
        ],
        "dir": "right"
      }
    },
    {
      "seq": 12,
      "type": "click",
      "label": "2",
      "ts": 2214,
      "detail": {}
    },
    {
      "seq": 13,
      "type": "advance",
      "label": "2",
      "ts": 2215,
      "detail": {
        "headBefore": [
          5,
          0
        ],
        "headAfter": [
          5,
          -1
        ],
        "tailBefore": [
          2,
          2
        ],
        "tailAfter": [
          1,
          2
        ],
        "dir": "up"
      }
    },
    {
      "seq": 14,
      "type": "advance",
      "label": "1",
      "ts": 2216,
      "detail": {
        "headBefore": [
          23,
          8
        ],
        "headAfter": [
          24,
          8
        ],
        "tailBefore": [
          13,
          8
        ],
        "tailAfter": [
          14,
          8
        ],
        "dir": "right"
      }
    },
    {
      "seq": 15,
      "type": "dispose",
      "label": "1",
      "ts": 2216,
      "detail": {}
    },
    {
      "seq": 16,
      "type": "advance",
      "label": "2",
      "ts": 2265,
      "detail": {
        "headBefore": [
          5,
          -1
        ],
        "headAfter": [
          5,
          -2
        ],
        "tailBefore": [
          1,
          2
        ],
        "tailAfter": [
          0,
          2
        ],
        "dir": "up"
      }
    },
    {
      "seq": 17,
      "type": "advance",
      "label": "2",
      "ts": 2315,
      "detail": {
        "headBefore": [
          5,
          -2
        ],
        "headAfter": [
          5,
          -3
        ],
        "tailBefore": [
          0,
          2
        ],
        "tailAfter": [
          0,
          1
        ],
        "dir": "up"
      }
    },
    {
      "seq": 18,
      "type": "advance",
      "label": "2",
      "ts": 2365,
      "detail": {
        "headBefore": [
          5,
          -3
        ],
        "headAfter": [
          5,
          -4
        ],
        "tailBefore": [
          0,
          1
        ],
        "tailAfter": [
          0,
          0
        ],
        "dir": "up"
      }
    },
    {
      "seq": 19,
      "type": "advance",
      "label": "2",
      "ts": 2432,
      "detail": {
        "headBefore": [
          5,
          -4
        ],
        "headAfter": [
          5,
          -5
        ],
        "tailBefore": [
          0,
          0
        ],
        "tailAfter": [
          1,
          0
        ],
        "dir": "up"
      }
    },
    {
      "seq": 20,
      "type": "advance",
      "label": "2",
      "ts": 2482,
      "detail": {
        "headBefore": [
          5,
          -5
        ],
        "headAfter": [
          5,
          -6
        ],
        "tailBefore": [
          1,
          0
        ],
        "tailAfter": [
          1,
          1
        ],
        "dir": "up"
      }
    },
    {
      "seq": 21,
      "type": "advance",
      "label": "2",
      "ts": 2532,
      "detail": {
        "headBefore": [
          5,
          -6
        ],
        "headAfter": [
          5,
          -7
        ],
        "tailBefore": [
          1,
          1
        ],
        "tailAfter": [
          2,
          1
        ],
        "dir": "up"
      }
    },
    {
      "seq": 22,
      "type": "advance",
      "label": "2",
      "ts": 2582,
      "detail": {
        "headBefore": [
          5,
          -7
        ],
        "headAfter": [
          5,
          -8
        ],
        "tailBefore": [
          2,
          1
        ],
        "tailAfter": [
          3,
          1
        ],
        "dir": "up"
      }
    },
    {
      "seq": 23,
      "type": "advance",
      "label": "2",
      "ts": 2632,
      "detail": {
        "headBefore": [
          5,
          -8
        ],
        "headAfter": [
          5,
          -9
        ],
        "tailBefore": [
          3,
          1
        ],
        "tailAfter": [
          4,
          1
        ],
        "dir": "up"
      }
    },
    {
      "seq": 24,
      "type": "advance",
      "label": "2",
      "ts": 2682,
      "detail": {
        "headBefore": [
          5,
          -9
        ],
        "headAfter": [
          5,
          -10
        ],
        "tailBefore": [
          4,
          1
        ],
        "tailAfter": [
          5,
          1
        ],
        "dir": "up"
      }
    },
    {
      "seq": 25,
      "type": "click",
      "label": "3",
      "ts": 2715,
      "detail": {}
    },
    {
      "seq": 26,
      "type": "advance",
      "label": "3",
      "ts": 2715,
      "detail": {
        "headBefore": [
          10,
          23
        ],
        "headAfter": [
          10,
          24
        ],
        "tailBefore": [
          8,
          23
        ],
        "tailAfter": [
          9,
          23
        ],
        "dir": "down"
      }
    },
    {
      "seq": 27,
      "type": "advance",
      "label": "2",
      "ts": 2732,
      "detail": {
        "headBefore": [
          5,
          -10
        ],
        "headAfter": [
          5,
          -11
        ],
        "tailBefore": [
          5,
          1
        ],
        "tailAfter": [
          5,
          0
        ],
        "dir": "up"
      }
    },
    {
      "seq": 28,
      "type": "advance",
      "label": "3",
      "ts": 2765,
      "detail": {
        "headBefore": [
          10,
          24
        ],
        "headAfter": [
          10,
          25
        ],
        "tailBefore": [
          9,
          23
        ],
        "tailAfter": [
          9,
          22
        ],
        "dir": "down"
      }
    },
    {
      "seq": 29,
      "type": "advance",
      "label": "2",
      "ts": 2782,
      "detail": {
        "headBefore": [
          5,
          -11
        ],
        "headAfter": [
          5,
          -12
        ],
        "tailBefore": [
          5,
          0
        ],
        "tailAfter": [
          5,
          -1
        ],
        "dir": "up"
      }
    },
    {
      "seq": 30,
      "type": "dispose",
      "label": "2",
      "ts": 2782,
      "detail": {}
    },
    {
      "seq": 31,
      "type": "advance",
      "label": "3",
      "ts": 2815,
      "detail": {
        "headBefore": [
          10,
          25
        ],
        "headAfter": [
          10,
          26
        ],
        "tailBefore": [
          9,
          22
        ],
        "tailAfter": [
          10,
          22
        ],
        "dir": "down"
      }
    },
    {
      "seq": 32,
      "type": "advance",
      "label": "3",
      "ts": 2865,
      "detail": {
        "headBefore": [
          10,
          26
        ],
        "headAfter": [
          10,
          27
        ],
        "tailBefore": [
          10,
          22
        ],
        "tailAfter": [
          10,
          23
        ],
        "dir": "down"
      }
    },
    {
      "seq": 33,
      "type": "advance",
      "label": "3",
      "ts": 2915,
      "detail": {
        "headBefore": [
          10,
          27
        ],
        "headAfter": [
          10,
          28
        ],
        "tailBefore": [
          10,
          23
        ],
        "tailAfter": [
          10,
          24
        ],
        "dir": "down"
      }
    },
    {
      "seq": 34,
      "type": "dispose",
      "label": "3",
      "ts": 2915,
      "detail": {}
    },
    {
      "seq": 35,
      "type": "click",
      "label": "4",
      "ts": 3215,
      "detail": {}
    },
    {
      "seq": 36,
      "type": "advance",
      "label": "4",
      "ts": 3216,
      "detail": {
        "headBefore": [
          0,
          3
        ],
        "headAfter": [
          -1,
          3
        ],
        "tailBefore": [
          2,
          10
        ],
        "tailAfter": [
          1,
          10
        ],
        "dir": "left"
      }
    },
    {
      "seq": 37,
      "type": "advance",
      "label": "4",
      "ts": 3266,
      "detail": {
        "headBefore": [
          -1,
          3
        ],
        "headAfter": [
          -2,
          3
        ],
        "tailBefore": [
          1,
          10
        ],
        "tailAfter": [
          0,
          10
        ],
        "dir": "left"
      }
    },
    {
      "seq": 38,
      "type": "advance",
      "label": "4",
      "ts": 3316,
      "detail": {
        "headBefore": [
          -2,
          3
        ],
        "headAfter": [
          -3,
          3
        ],
        "tailBefore": [
          0,
          10
        ],
        "tailAfter": [
          0,
          9
        ],
        "dir": "left"
      }
    },
    {
      "seq": 39,
      "type": "advance",
      "label": "4",
      "ts": 3366,
      "detail": {
        "headBefore": [
          -3,
          3
        ],
        "headAfter": [
          -4,
          3
        ],
        "tailBefore": [
          0,
          9
        ],
        "tailAfter": [
          1,
          9
        ],
        "dir": "left"
      }
    },
    {
      "seq": 40,
      "type": "advance",
      "label": "4",
      "ts": 3416,
      "detail": {
        "headBefore": [
          -4,
          3
        ],
        "headAfter": [
          -5,
          3
        ],
        "tailBefore": [
          1,
          9
        ],
        "tailAfter": [
          1,
          8
        ],
        "dir": "left"
      }
    },
    {
      "seq": 41,
      "type": "advance",
      "label": "4",
      "ts": 3466,
      "detail": {
        "headBefore": [
          -5,
          3
        ],
        "headAfter": [
          -6,
          3
        ],
        "tailBefore": [
          1,
          8
        ],
        "tailAfter": [
          0,
          8
        ],
        "dir": "left"
      }
    },
    {
      "seq": 42,
      "type": "advance",
      "label": "4",
      "ts": 3516,
      "detail": {
        "headBefore": [
          -6,
          3
        ],
        "headAfter": [
          -7,
          3
        ],
        "tailBefore": [
          0,
          8
        ],
        "tailAfter": [
          0,
          7
        ],
        "dir": "left"
      }
    },
    {
      "seq": 43,
      "type": "advance",
      "label": "4",
      "ts": 3566,
      "detail": {
        "headBefore": [
          -7,
          3
        ],
        "headAfter": [
          -8,
          3
        ],
        "tailBefore": [
          0,
          7
        ],
        "tailAfter": [
          1,
          7
        ],
        "dir": "left"
      }
    },
    {
      "seq": 44,
      "type": "advance",
      "label": "4",
      "ts": 3616,
      "detail": {
        "headBefore": [
          -8,
          3
        ],
        "headAfter": [
          -9,
          3
        ],
        "tailBefore": [
          1,
          7
        ],
        "tailAfter": [
          1,
          6
        ],
        "dir": "left"
      }
    },
    {
      "seq": 45,
      "type": "advance",
      "label": "4",
      "ts": 3666,
      "detail": {
        "headBefore": [
          -9,
          3
        ],
        "headAfter": [
          -10,
          3
        ],
        "tailBefore": [
          1,
          6
        ],
        "tailAfter": [
          1,
          5
        ],
        "dir": "left"
      }
    },
    {
      "seq": 46,
      "type": "click",
      "label": "5",
      "ts": 3715,
      "detail": {}
    },
    {
      "seq": 47,
      "type": "advance",
      "label": "5",
      "ts": 3716,
      "detail": {
        "headBefore": [
          13,
          18
        ],
        "headAfter": [
          14,
          18
        ],
        "tailBefore": [
          12,
          15
        ],
        "tailAfter": [
          12,
          16
        ],
        "dir": "right"
      }
    },
    {
      "seq": 48,
      "type": "advance",
      "label": "4",
      "ts": 3733,
      "detail": {
        "headBefore": [
          -10,
          3
        ],
        "headAfter": [
          -11,
          3
        ],
        "tailBefore": [
          1,
          5
        ],
        "tailAfter": [
          2,
          5
        ],
        "dir": "left"
      }
    },
    {
      "seq": 49,
      "type": "advance",
      "label": "5",
      "ts": 3766,
      "detail": {
        "headBefore": [
          14,
          18
        ],
        "headAfter": [
          15,
          18
        ],
        "tailBefore": [
          12,
          16
        ],
        "tailAfter": [
          11,
          16
        ],
        "dir": "right"
      }
    },
    {
      "seq": 50,
      "type": "advance",
      "label": "4",
      "ts": 3783,
      "detail": {
        "headBefore": [
          -11,
          3
        ],
        "headAfter": [
          -12,
          3
        ],
        "tailBefore": [
          2,
          5
        ],
        "tailAfter": [
          3,
          5
        ],
        "dir": "left"
      }
    },
    {
      "seq": 51,
      "type": "advance",
      "label": "5",
      "ts": 3816,
      "detail": {
        "headBefore": [
          15,
          18
        ],
        "headAfter": [
          16,
          18
        ],
        "tailBefore": [
          11,
          16
        ],
        "tailAfter": [
          11,
          17
        ],
        "dir": "right"
      }
    },
    {
      "seq": 52,
      "type": "advance",
      "label": "4",
      "ts": 3833,
      "detail": {
        "headBefore": [
          -12,
          3
        ],
        "headAfter": [
          -13,
          3
        ],
        "tailBefore": [
          3,
          5
        ],
        "tailAfter": [
          3,
          4
        ],
        "dir": "left"
      }
    },
    {
      "seq": 53,
      "type": "advance",
      "label": "5",
      "ts": 3866,
      "detail": {
        "headBefore": [
          16,
          18
        ],
        "headAfter": [
          17,
          18
        ],
        "tailBefore": [
          11,
          17
        ],
        "tailAfter": [
          12,
          17
        ],
        "dir": "right"
      }
    },
    {
      "seq": 54,
      "type": "advance",
      "label": "4",
      "ts": 3883,
      "detail": {
        "headBefore": [
          -13,
          3
        ],
        "headAfter": [
          -14,
          3
        ],
        "tailBefore": [
          3,
          4
        ],
        "tailAfter": [
          2,
          4
        ],
        "dir": "left"
      }
    },
    {
      "seq": 55,
      "type": "advance",
      "label": "5",
      "ts": 3916,
      "detail": {
        "headBefore": [
          17,
          18
        ],
        "headAfter": [
          18,
          18
        ],
        "tailBefore": [
          12,
          17
        ],
        "tailAfter": [
          12,
          18
        ],
        "dir": "right"
      }
    },
    {
      "seq": 56,
      "type": "advance",
      "label": "4",
      "ts": 3933,
      "detail": {
        "headBefore": [
          -14,
          3
        ],
        "headAfter": [
          -15,
          3
        ],
        "tailBefore": [
          2,
          4
        ],
        "tailAfter": [
          2,
          3
        ],
        "dir": "left"
      }
    },
    {
      "seq": 57,
      "type": "advance",
      "label": "5",
      "ts": 3966,
      "detail": {
        "headBefore": [
          18,
          18
        ],
        "headAfter": [
          19,
          18
        ],
        "tailBefore": [
          12,
          18
        ],
        "tailAfter": [
          13,
          18
        ],
        "dir": "right"
      }
    },
    {
      "seq": 58,
      "type": "advance",
      "label": "4",
      "ts": 3983,
      "detail": {
        "headBefore": [
          -15,
          3
        ],
        "headAfter": [
          -16,
          3
        ],
        "tailBefore": [
          2,
          3
        ],
        "tailAfter": [
          1,
          3
        ],
        "dir": "left"
      }
    },
    {
      "seq": 59,
      "type": "advance",
      "label": "5",
      "ts": 4016,
      "detail": {
        "headBefore": [
          19,
          18
        ],
        "headAfter": [
          20,
          18
        ],
        "tailBefore": [
          13,
          18
        ],
        "tailAfter": [
          14,
          18
        ],
        "dir": "right"
      }
    },
    {
      "seq": 60,
      "type": "dispose",
      "label": "5",
      "ts": 4016,
      "detail": {}
    },
    {
      "seq": 61,
      "type": "advance",
      "label": "4",
      "ts": 4033,
      "detail": {
        "headBefore": [
          -16,
          3
        ],
        "headAfter": [
          -17,
          3
        ],
        "tailBefore": [
          1,
          3
        ],
        "tailAfter": [
          0,
          3
        ],
        "dir": "left"
      }
    },
    {
      "seq": 62,
      "type": "advance",
      "label": "4",
      "ts": 4083,
      "detail": {
        "headBefore": [
          -17,
          3
        ],
        "headAfter": [
          -18,
          3
        ],
        "tailBefore": [
          0,
          3
        ],
        "tailAfter": [
          -1,
          3
        ],
        "dir": "left"
      }
    },
    {
      "seq": 63,
      "type": "dispose",
      "label": "4",
      "ts": 4083,
      "detail": {}
    },
    {
      "seq": 64,
      "type": "click",
      "label": "6",
      "ts": 4216,
      "detail": {}
    },
    {
      "seq": 65,
      "type": "advance",
      "label": "6",
      "ts": 4216,
      "detail": {
        "headBefore": [
          3,
          23
        ],
        "headAfter": [
          3,
          24
        ],
        "tailBefore": [
          3,
          22
        ],
        "tailAfter": [
          3,
          23
        ],
        "dir": "down"
      }
    },
    {
      "seq": 66,
      "type": "advance",
      "label": "6",
      "ts": 4267,
      "detail": {
        "headBefore": [
          3,
          24
        ],
        "headAfter": [
          3,
          25
        ],
        "tailBefore": [
          3,
          23
        ],
        "tailAfter": [
          3,
          24
        ],
        "dir": "down"
      }
    },
    {
      "seq": 67,
      "type": "dispose",
      "label": "6",
      "ts": 4267,
      "detail": {}
    },
    {
      "seq": 68,
      "type": "click",
      "label": "7",
      "ts": 4716,
      "detail": {}
    },
    {
      "seq": 69,
      "type": "advance",
      "label": "7",
      "ts": 4717,
      "detail": {
        "headBefore": [
          13,
          12
        ],
        "headAfter": [
          14,
          12
        ],
        "tailBefore": [
          13,
          13
        ],
        "tailAfter": [
          12,
          13
        ],
        "dir": "right"
      }
    },
    {
      "seq": 70,
      "type": "advance",
      "label": "7",
      "ts": 4784,
      "detail": {
        "headBefore": [
          14,
          12
        ],
        "headAfter": [
          15,
          12
        ],
        "tailBefore": [
          12,
          13
        ],
        "tailAfter": [
          12,
          14
        ],
        "dir": "right"
      }
    },
    {
      "seq": 71,
      "type": "advance",
      "label": "7",
      "ts": 4834,
      "detail": {
        "headBefore": [
          15,
          12
        ],
        "headAfter": [
          16,
          12
        ],
        "tailBefore": [
          12,
          14
        ],
        "tailAfter": [
          11,
          14
        ],
        "dir": "right"
      }
    },
    {
      "seq": 72,
      "type": "advance",
      "label": "7",
      "ts": 4884,
      "detail": {
        "headBefore": [
          16,
          12
        ],
        "headAfter": [
          17,
          12
        ],
        "tailBefore": [
          11,
          14
        ],
        "tailAfter": [
          11,
          13
        ],
        "dir": "right"
      }
    },
    {
      "seq": 73,
      "type": "advance",
      "label": "7",
      "ts": 4934,
      "detail": {
        "headBefore": [
          17,
          12
        ],
        "headAfter": [
          18,
          12
        ],
        "tailBefore": [
          11,
          13
        ],
        "tailAfter": [
          11,
          12
        ],
        "dir": "right"
      }
    },
    {
      "seq": 74,
      "type": "advance",
      "label": "7",
      "ts": 4983,
      "detail": {
        "headBefore": [
          18,
          12
        ],
        "headAfter": [
          19,
          12
        ],
        "tailBefore": [
          11,
          12
        ],
        "tailAfter": [
          12,
          12
        ],
        "dir": "right"
      }
    },
    {
      "seq": 75,
      "type": "advance",
      "label": "7",
      "ts": 5034,
      "detail": {
        "headBefore": [
          19,
          12
        ],
        "headAfter": [
          20,
          12
        ],
        "tailBefore": [
          12,
          12
        ],
        "tailAfter": [
          13,
          12
        ],
        "dir": "right"
      }
    },
    {
      "seq": 76,
      "type": "advance",
      "label": "7",
      "ts": 5084,
      "detail": {
        "headBefore": [
          20,
          12
        ],
        "headAfter": [
          21,
          12
        ],
        "tailBefore": [
          13,
          12
        ],
        "tailAfter": [
          14,
          12
        ],
        "dir": "right"
      }
    },
    {
      "seq": 77,
      "type": "dispose",
      "label": "7",
      "ts": 5084,
      "detail": {}
    },
    {
      "seq": 78,
      "type": "click",
      "label": "8",
      "ts": 5217,
      "detail": {}
    },
    {
      "seq": 79,
      "type": "advance",
      "label": "8",
      "ts": 5217,
      "detail": {
        "headBefore": [
          4,
          23
        ],
        "headAfter": [
          4,
          24
        ],
        "tailBefore": [
          6,
          23
        ],
        "tailAfter": [
          5,
          23
        ],
        "dir": "down"
      }
    },
    {
      "seq": 80,
      "type": "advance",
      "label": "8",
      "ts": 5268,
      "detail": {
        "headBefore": [
          4,
          24
        ],
        "headAfter": [
          4,
          25
        ],
        "tailBefore": [
          5,
          23
        ],
        "tailAfter": [
          5,
          22
        ],
        "dir": "down"
      }
    },
    {
      "seq": 81,
      "type": "advance",
      "label": "8",
      "ts": 5317,
      "detail": {
        "headBefore": [
          4,
          25
        ],
        "headAfter": [
          4,
          26
        ],
        "tailBefore": [
          5,
          22
        ],
        "tailAfter": [
          6,
          22
        ],
        "dir": "down"
      }
    },
    {
      "seq": 82,
      "type": "advance",
      "label": "8",
      "ts": 5367,
      "detail": {
        "headBefore": [
          4,
          26
        ],
        "headAfter": [
          4,
          27
        ],
        "tailBefore": [
          6,
          22
        ],
        "tailAfter": [
          7,
          22
        ],
        "dir": "down"
      }
    },
    {
      "seq": 83,
      "type": "advance",
      "label": "8",
      "ts": 5417,
      "detail": {
        "headBefore": [
          4,
          27
        ],
        "headAfter": [
          4,
          28
        ],
        "tailBefore": [
          7,
          22
        ],
        "tailAfter": [
          8,
          22
        ],
        "dir": "down"
      }
    },
    {
      "seq": 84,
      "type": "advance",
      "label": "8",
      "ts": 5484,
      "detail": {
        "headBefore": [
          4,
          28
        ],
        "headAfter": [
          4,
          29
        ],
        "tailBefore": [
          8,
          22
        ],
        "tailAfter": [
          8,
          21
        ],
        "dir": "down"
      }
    },
    {
      "seq": 85,
      "type": "advance",
      "label": "8",
      "ts": 5534,
      "detail": {
        "headBefore": [
          4,
          29
        ],
        "headAfter": [
          4,
          30
        ],
        "tailBefore": [
          8,
          21
        ],
        "tailAfter": [
          8,
          20
        ],
        "dir": "down"
      }
    },
    {
      "seq": 86,
      "type": "advance",
      "label": "8",
      "ts": 5585,
      "detail": {
        "headBefore": [
          4,
          30
        ],
        "headAfter": [
          4,
          31
        ],
        "tailBefore": [
          8,
          20
        ],
        "tailAfter": [
          7,
          20
        ],
        "dir": "down"
      }
    },
    {
      "seq": 87,
      "type": "advance",
      "label": "8",
      "ts": 5634,
      "detail": {
        "headBefore": [
          4,
          31
        ],
        "headAfter": [
          4,
          32
        ],
        "tailBefore": [
          7,
          20
        ],
        "tailAfter": [
          6,
          20
        ],
        "dir": "down"
      }
    },
    {
      "seq": 88,
      "type": "advance",
      "label": "8",
      "ts": 5685,
      "detail": {
        "headBefore": [
          4,
          32
        ],
        "headAfter": [
          4,
          33
        ],
        "tailBefore": [
          6,
          20
        ],
        "tailAfter": [
          5,
          20
        ],
        "dir": "down"
      }
    },
    {
      "seq": 89,
      "type": "click",
      "label": "9",
      "ts": 5717,
      "detail": {}
    },
    {
      "seq": 90,
      "type": "advance",
      "label": "9",
      "ts": 5718,
      "detail": {
        "headBefore": [
          11,
          23
        ],
        "headAfter": [
          11,
          24
        ],
        "tailBefore": [
          12,
          23
        ],
        "tailAfter": [
          13,
          23
        ],
        "dir": "down"
      }
    },
    {
      "seq": 91,
      "type": "advance",
      "label": "8",
      "ts": 5734,
      "detail": {
        "headBefore": [
          4,
          33
        ],
        "headAfter": [
          4,
          34
        ],
        "tailBefore": [
          5,
          20
        ],
        "tailAfter": [
          5,
          21
        ],
        "dir": "down"
      }
    },
    {
      "seq": 92,
      "type": "advance",
      "label": "9",
      "ts": 5768,
      "detail": {
        "headBefore": [
          11,
          24
        ],
        "headAfter": [
          11,
          25
        ],
        "tailBefore": [
          13,
          23
        ],
        "tailAfter": [
          13,
          22
        ],
        "dir": "down"
      }
    },
    {
      "seq": 93,
      "type": "advance",
      "label": "8",
      "ts": 5784,
      "detail": {
        "headBefore": [
          4,
          34
        ],
        "headAfter": [
          4,
          35
        ],
        "tailBefore": [
          5,
          21
        ],
        "tailAfter": [
          4,
          21
        ],
        "dir": "down"
      }
    },
    {
      "seq": 94,
      "type": "advance",
      "label": "9",
      "ts": 5818,
      "detail": {
        "headBefore": [
          11,
          25
        ],
        "headAfter": [
          11,
          26
        ],
        "tailBefore": [
          13,
          22
        ],
        "tailAfter": [
          13,
          21
        ],
        "dir": "down"
      }
    },
    {
      "seq": 95,
      "type": "advance",
      "label": "8",
      "ts": 5835,
      "detail": {
        "headBefore": [
          4,
          35
        ],
        "headAfter": [
          4,
          36
        ],
        "tailBefore": [
          4,
          21
        ],
        "tailAfter": [
          4,
          22
        ],
        "dir": "down"
      }
    },
    {
      "seq": 96,
      "type": "advance",
      "label": "9",
      "ts": 5868,
      "detail": {
        "headBefore": [
          11,
          26
        ],
        "headAfter": [
          11,
          27
        ],
        "tailBefore": [
          13,
          21
        ],
        "tailAfter": [
          12,
          21
        ],
        "dir": "down"
      }
    },
    {
      "seq": 97,
      "type": "advance",
      "label": "8",
      "ts": 5885,
      "detail": {
        "headBefore": [
          4,
          36
        ],
        "headAfter": [
          4,
          37
        ],
        "tailBefore": [
          4,
          22
        ],
        "tailAfter": [
          4,
          23
        ],
        "dir": "down"
      }
    },
    {
      "seq": 98,
      "type": "advance",
      "label": "9",
      "ts": 5918,
      "detail": {
        "headBefore": [
          11,
          27
        ],
        "headAfter": [
          11,
          28
        ],
        "tailBefore": [
          12,
          21
        ],
        "tailAfter": [
          12,
          22
        ],
        "dir": "down"
      }
    },
    {
      "seq": 99,
      "type": "advance",
      "label": "8",
      "ts": 5935,
      "detail": {
        "headBefore": [
          4,
          37
        ],
        "headAfter": [
          4,
          38
        ],
        "tailBefore": [
          4,
          23
        ],
        "tailAfter": [
          4,
          24
        ],
        "dir": "down"
      }
    },
    {
      "seq": 100,
      "type": "dispose",
      "label": "8",
      "ts": 5935,
      "detail": {}
    },
    {
      "seq": 101,
      "type": "advance",
      "label": "9",
      "ts": 5968,
      "detail": {
        "headBefore": [
          11,
          28
        ],
        "headAfter": [
          11,
          29
        ],
        "tailBefore": [
          12,
          22
        ],
        "tailAfter": [
          11,
          22
        ],
        "dir": "down"
      }
    },
    {
      "seq": 102,
      "type": "advance",
      "label": "9",
      "ts": 6018,
      "detail": {
        "headBefore": [
          11,
          29
        ],
        "headAfter": [
          11,
          30
        ],
        "tailBefore": [
          11,
          22
        ],
        "tailAfter": [
          11,
          23
        ],
        "dir": "down"
      }
    },
    {
      "seq": 103,
      "type": "advance",
      "label": "9",
      "ts": 6068,
      "detail": {
        "headBefore": [
          11,
          30
        ],
        "headAfter": [
          11,
          31
        ],
        "tailBefore": [
          11,
          23
        ],
        "tailAfter": [
          11,
          24
        ],
        "dir": "down"
      }
    },
    {
      "seq": 104,
      "type": "dispose",
      "label": "9",
      "ts": 6068,
      "detail": {}
    },
    {
      "seq": 105,
      "type": "click",
      "label": "10",
      "ts": 6218,
      "detail": {}
    },
    {
      "seq": 106,
      "type": "advance",
      "label": "10",
      "ts": 6218,
      "detail": {
        "headBefore": [
          0,
          15
        ],
        "headAfter": [
          -1,
          15
        ],
        "tailBefore": [
          1,
          14
        ],
        "tailAfter": [
          1,
          15
        ],
        "dir": "left"
      }
    },
    {
      "seq": 107,
      "type": "advance",
      "label": "10",
      "ts": 6268,
      "detail": {
        "headBefore": [
          -1,
          15
        ],
        "headAfter": [
          -2,
          15
        ],
        "tailBefore": [
          1,
          15
        ],
        "tailAfter": [
          0,
          15
        ],
        "dir": "left"
      }
    },
    {
      "seq": 108,
      "type": "advance",
      "label": "10",
      "ts": 6318,
      "detail": {
        "headBefore": [
          -2,
          15
        ],
        "headAfter": [
          -3,
          15
        ],
        "tailBefore": [
          0,
          15
        ],
        "tailAfter": [
          -1,
          15
        ],
        "dir": "left"
      }
    },
    {
      "seq": 109,
      "type": "dispose",
      "label": "10",
      "ts": 6318,
      "detail": {}
    },
    {
      "seq": 110,
      "type": "click",
      "label": "11",
      "ts": 6718,
      "detail": {}
    },
    {
      "seq": 111,
      "type": "advance",
      "label": "11",
      "ts": 6719,
      "detail": {
        "headBefore": [
          13,
          9
        ],
        "headAfter": [
          14,
          9
        ],
        "tailBefore": [
          13,
          10
        ],
        "tailAfter": [
          12,
          10
        ],
        "dir": "right"
      }
    },
    {
      "seq": 112,
      "type": "advance",
      "label": "11",
      "ts": 6769,
      "detail": {
        "headBefore": [
          14,
          9
        ],
        "headAfter": [
          15,
          9
        ],
        "tailBefore": [
          12,
          10
        ],
        "tailAfter": [
          11,
          10
        ],
        "dir": "right"
      }
    },
    {
      "seq": 113,
      "type": "advance",
      "label": "11",
      "ts": 6819,
      "detail": {
        "headBefore": [
          15,
          9
        ],
        "headAfter": [
          16,
          9
        ],
        "tailBefore": [
          11,
          10
        ],
        "tailAfter": [
          10,
          10
        ],
        "dir": "right"
      }
    },
    {
      "seq": 114,
      "type": "advance",
      "label": "11",
      "ts": 6869,
      "detail": {
        "headBefore": [
          16,
          9
        ],
        "headAfter": [
          17,
          9
        ],
        "tailBefore": [
          10,
          10
        ],
        "tailAfter": [
          10,
          9
        ],
        "dir": "right"
      }
    },
    {
      "seq": 115,
      "type": "advance",
      "label": "11",
      "ts": 6919,
      "detail": {
        "headBefore": [
          17,
          9
        ],
        "headAfter": [
          18,
          9
        ],
        "tailBefore": [
          10,
          9
        ],
        "tailAfter": [
          11,
          9
        ],
        "dir": "right"
      }
    },
    {
      "seq": 116,
      "type": "advance",
      "label": "11",
      "ts": 6986,
      "detail": {
        "headBefore": [
          18,
          9
        ],
        "headAfter": [
          19,
          9
        ],
        "tailBefore": [
          11,
          9
        ],
        "tailAfter": [
          12,
          9
        ],
        "dir": "right"
      }
    },
    {
      "seq": 117,
      "type": "advance",
      "label": "11",
      "ts": 7035,
      "detail": {
        "headBefore": [
          19,
          9
        ],
        "headAfter": [
          20,
          9
        ],
        "tailBefore": [
          12,
          9
        ],
        "tailAfter": [
          13,
          9
        ],
        "dir": "right"
      }
    },
    {
      "seq": 118,
      "type": "advance",
      "label": "11",
      "ts": 7085,
      "detail": {
        "headBefore": [
          20,
          9
        ],
        "headAfter": [
          21,
          9
        ],
        "tailBefore": [
          13,
          9
        ],
        "tailAfter": [
          14,
          9
        ],
        "dir": "right"
      }
    },
    {
      "seq": 119,
      "type": "dispose",
      "label": "11",
      "ts": 7085,
      "detail": {}
    },
    {
      "seq": 120,
      "type": "click",
      "label": "12",
      "ts": 7218,
      "detail": {}
    },
    {
      "seq": 121,
      "type": "advance",
      "label": "12",
      "ts": 7219,
      "detail": {
        "headBefore": [
          13,
          2
        ],
        "headAfter": [
          14,
          2
        ],
        "tailBefore": [
          10,
          1
        ],
        "tailAfter": [
          10,
          0
        ],
        "dir": "right"
      }
    },
    {
      "seq": 122,
      "type": "advance",
      "label": "12",
      "ts": 7269,
      "detail": {
        "headBefore": [
          14,
          2
        ],
        "headAfter": [
          15,
          2
        ],
        "tailBefore": [
          10,
          0
        ],
        "tailAfter": [
          11,
          0
        ],
        "dir": "right"
      }
    },
    {
      "seq": 123,
      "type": "advance",
      "label": "12",
      "ts": 7319,
      "detail": {
        "headBefore": [
          15,
          2
        ],
        "headAfter": [
          16,
          2
        ],
        "tailBefore": [
          11,
          0
        ],
        "tailAfter": [
          11,
          1
        ],
        "dir": "right"
      }
    },
    {
      "seq": 124,
      "type": "advance",
      "label": "12",
      "ts": 7369,
      "detail": {
        "headBefore": [
          16,
          2
        ],
        "headAfter": [
          17,
          2
        ],
        "tailBefore": [
          11,
          1
        ],
        "tailAfter": [
          12,
          1
        ],
        "dir": "right"
      }
    },
    {
      "seq": 125,
      "type": "advance",
      "label": "12",
      "ts": 7419,
      "detail": {
        "headBefore": [
          17,
          2
        ],
        "headAfter": [
          18,
          2
        ],
        "tailBefore": [
          12,
          1
        ],
        "tailAfter": [
          12,
          2
        ],
        "dir": "right"
      }
    },
    {
      "seq": 126,
      "type": "advance",
      "label": "12",
      "ts": 7469,
      "detail": {
        "headBefore": [
          18,
          2
        ],
        "headAfter": [
          19,
          2
        ],
        "tailBefore": [
          12,
          2
        ],
        "tailAfter": [
          13,
          2
        ],
        "dir": "right"
      }
    },
    {
      "seq": 127,
      "type": "advance",
      "label": "12",
      "ts": 7519,
      "detail": {
        "headBefore": [
          19,
          2
        ],
        "headAfter": [
          20,
          2
        ],
        "tailBefore": [
          13,
          2
        ],
        "tailAfter": [
          14,
          2
        ],
        "dir": "right"
      }
    },
    {
      "seq": 128,
      "type": "dispose",
      "label": "12",
      "ts": 7519,
      "detail": {}
    },
    {
      "seq": 129,
      "type": "click",
      "label": "13",
      "ts": 7719,
      "detail": {}
    },
    {
      "seq": 130,
      "type": "advance",
      "label": "13",
      "ts": 7720,
      "detail": {
        "headBefore": [
          0,
          22
        ],
        "headAfter": [
          -1,
          22
        ],
        "tailBefore": [
          2,
          20
        ],
        "tailAfter": [
          1,
          20
        ],
        "dir": "left"
      }
    },
    {
      "seq": 131,
      "type": "advance",
      "label": "13",
      "ts": 7769,
      "detail": {
        "headBefore": [
          -1,
          22
        ],
        "headAfter": [
          -2,
          22
        ],
        "tailBefore": [
          1,
          20
        ],
        "tailAfter": [
          1,
          21
        ],
        "dir": "left"
      }
    },
    {
      "seq": 132,
      "type": "advance",
      "label": "13",
      "ts": 7820,
      "detail": {
        "headBefore": [
          -2,
          22
        ],
        "headAfter": [
          -3,
          22
        ],
        "tailBefore": [
          1,
          21
        ],
        "tailAfter": [
          2,
          21
        ],
        "dir": "left"
      }
    },
    {
      "seq": 133,
      "type": "advance",
      "label": "13",
      "ts": 7869,
      "detail": {
        "headBefore": [
          -3,
          22
        ],
        "headAfter": [
          -4,
          22
        ],
        "tailBefore": [
          2,
          21
        ],
        "tailAfter": [
          2,
          22
        ],
        "dir": "left"
      }
    },
    {
      "seq": 134,
      "type": "advance",
      "label": "13",
      "ts": 7920,
      "detail": {
        "headBefore": [
          -4,
          22
        ],
        "headAfter": [
          -5,
          22
        ],
        "tailBefore": [
          2,
          22
        ],
        "tailAfter": [
          1,
          22
        ],
        "dir": "left"
      }
    },
    {
      "seq": 135,
      "type": "advance",
      "label": "13",
      "ts": 7969,
      "detail": {
        "headBefore": [
          -5,
          22
        ],
        "headAfter": [
          -6,
          22
        ],
        "tailBefore": [
          1,
          22
        ],
        "tailAfter": [
          0,
          22
        ],
        "dir": "left"
      }
    },
    {
      "seq": 136,
      "type": "advance",
      "label": "13",
      "ts": 8020,
      "detail": {
        "headBefore": [
          -6,
          22
        ],
        "headAfter": [
          -7,
          22
        ],
        "tailBefore": [
          0,
          22
        ],
        "tailAfter": [
          -1,
          22
        ],
        "dir": "left"
      }
    },
    {
      "seq": 137,
      "type": "dispose",
      "label": "13",
      "ts": 8020,
      "detail": {}
    },
    {
      "seq": 138,
      "type": "click",
      "label": "14",
      "ts": 8219,
      "detail": {}
    },
    {
      "seq": 139,
      "type": "advance",
      "label": "14",
      "ts": 8220,
      "detail": {
        "headBefore": [
          13,
          11
        ],
        "headAfter": [
          14,
          11
        ],
        "tailBefore": [
          10,
          12
        ],
        "tailAfter": [
          10,
          11
        ],
        "dir": "right"
      }
    },
    {
      "seq": 140,
      "type": "advance",
      "label": "14",
      "ts": 8269,
      "detail": {
        "headBefore": [
          14,
          11
        ],
        "headAfter": [
          15,
          11
        ],
        "tailBefore": [
          10,
          11
        ],
        "tailAfter": [
          11,
          11
        ],
        "dir": "right"
      }
    },
    {
      "seq": 141,
      "type": "advance",
      "label": "14",
      "ts": 8319,
      "detail": {
        "headBefore": [
          15,
          11
        ],
        "headAfter": [
          16,
          11
        ],
        "tailBefore": [
          11,
          11
        ],
        "tailAfter": [
          12,
          11
        ],
        "dir": "right"
      }
    },
    {
      "seq": 142,
      "type": "advance",
      "label": "14",
      "ts": 8370,
      "detail": {
        "headBefore": [
          16,
          11
        ],
        "headAfter": [
          17,
          11
        ],
        "tailBefore": [
          12,
          11
        ],
        "tailAfter": [
          13,
          11
        ],
        "dir": "right"
      }
    },
    {
      "seq": 143,
      "type": "advance",
      "label": "14",
      "ts": 8420,
      "detail": {
        "headBefore": [
          17,
          11
        ],
        "headAfter": [
          18,
          11
        ],
        "tailBefore": [
          13,
          11
        ],
        "tailAfter": [
          14,
          11
        ],
        "dir": "right"
      }
    },
    {
      "seq": 144,
      "type": "dispose",
      "label": "14",
      "ts": 8420,
      "detail": {}
    },
    {
      "seq": 145,
      "type": "click",
      "label": "15",
      "ts": 8719,
      "detail": {}
    },
    {
      "seq": 146,
      "type": "advance",
      "label": "15",
      "ts": 8720,
      "detail": {
        "headBefore": [
          13,
          0
        ],
        "headAfter": [
          14,
          0
        ],
        "tailBefore": [
          12,
          0
        ],
        "tailAfter": [
          13,
          0
        ],
        "dir": "right"
      }
    },
    {
      "seq": 147,
      "type": "advance",
      "label": "15",
      "ts": 8770,
      "detail": {
        "headBefore": [
          14,
          0
        ],
        "headAfter": [
          15,
          0
        ],
        "tailBefore": [
          13,
          0
        ],
        "tailAfter": [
          14,
          0
        ],
        "dir": "right"
      }
    },
    {
      "seq": 148,
      "type": "dispose",
      "label": "15",
      "ts": 8770,
      "detail": {}
    },
    {
      "seq": 149,
      "type": "click",
      "label": "16",
      "ts": 9220,
      "detail": {}
    },
    {
      "seq": 150,
      "type": "advance",
      "label": "16",
      "ts": 9221,
      "detail": {
        "headBefore": [
          13,
          7
        ],
        "headAfter": [
          14,
          7
        ],
        "tailBefore": [
          12,
          6
        ],
        "tailAfter": [
          11,
          6
        ],
        "dir": "right"
      }
    },
    {
      "seq": 151,
      "type": "advance",
      "label": "16",
      "ts": 9270,
      "detail": {
        "headBefore": [
          14,
          7
        ],
        "headAfter": [
          15,
          7
        ],
        "tailBefore": [
          11,
          6
        ],
        "tailAfter": [
          11,
          7
        ],
        "dir": "right"
      }
    },
    {
      "seq": 152,
      "type": "advance",
      "label": "16",
      "ts": 9320,
      "detail": {
        "headBefore": [
          15,
          7
        ],
        "headAfter": [
          16,
          7
        ],
        "tailBefore": [
          11,
          7
        ],
        "tailAfter": [
          12,
          7
        ],
        "dir": "right"
      }
    },
    {
      "seq": 153,
      "type": "advance",
      "label": "16",
      "ts": 9387,
      "detail": {
        "headBefore": [
          16,
          7
        ],
        "headAfter": [
          17,
          7
        ],
        "tailBefore": [
          12,
          7
        ],
        "tailAfter": [
          13,
          7
        ],
        "dir": "right"
      }
    },
    {
      "seq": 154,
      "type": "advance",
      "label": "16",
      "ts": 9437,
      "detail": {
        "headBefore": [
          17,
          7
        ],
        "headAfter": [
          18,
          7
        ],
        "tailBefore": [
          13,
          7
        ],
        "tailAfter": [
          14,
          7
        ],
        "dir": "right"
      }
    },
    {
      "seq": 155,
      "type": "dispose",
      "label": "16",
      "ts": 9437,
      "detail": {}
    },
    {
      "seq": 156,
      "type": "click",
      "label": "17",
      "ts": 9720,
      "detail": {}
    },
    {
      "seq": 157,
      "type": "advance",
      "label": "17",
      "ts": 9721,
      "detail": {
        "headBefore": [
          8,
          0
        ],
        "headAfter": [
          8,
          -1
        ],
        "tailBefore": [
          6,
          2
        ],
        "tailAfter": [
          6,
          1
        ],
        "dir": "up"
      }
    },
    {
      "seq": 158,
      "type": "advance",
      "label": "17",
      "ts": 9771,
      "detail": {
        "headBefore": [
          8,
          -1
        ],
        "headAfter": [
          8,
          -2
        ],
        "tailBefore": [
          6,
          1
        ],
        "tailAfter": [
          7,
          1
        ],
        "dir": "up"
      }
    },
    {
      "seq": 159,
      "type": "advance",
      "label": "17",
      "ts": 9821,
      "detail": {
        "headBefore": [
          8,
          -2
        ],
        "headAfter": [
          8,
          -3
        ],
        "tailBefore": [
          7,
          1
        ],
        "tailAfter": [
          8,
          1
        ],
        "dir": "up"
      }
    },
    {
      "seq": 160,
      "type": "advance",
      "label": "17",
      "ts": 9871,
      "detail": {
        "headBefore": [
          8,
          -3
        ],
        "headAfter": [
          8,
          -4
        ],
        "tailBefore": [
          8,
          1
        ],
        "tailAfter": [
          8,
          0
        ],
        "dir": "up"
      }
    },
    {
      "seq": 161,
      "type": "advance",
      "label": "17",
      "ts": 9921,
      "detail": {
        "headBefore": [
          8,
          -4
        ],
        "headAfter": [
          8,
          -5
        ],
        "tailBefore": [
          8,
          0
        ],
        "tailAfter": [
          8,
          -1
        ],
        "dir": "up"
      }
    },
    {
      "seq": 162,
      "type": "dispose",
      "label": "17",
      "ts": 9921,
      "detail": {}
    },
    {
      "seq": 163,
      "type": "click",
      "label": "18",
      "ts": 10221,
      "detail": {}
    },
    {
      "seq": 164,
      "type": "advance",
      "label": "18",
      "ts": 10222,
      "detail": {
        "headBefore": [
          13,
          3
        ],
        "headAfter": [
          14,
          3
        ],
        "tailBefore": [
          10,
          2
        ],
        "tailAfter": [
          11,
          2
        ],
        "dir": "right"
      }
    },
    {
      "seq": 165,
      "type": "advance",
      "label": "18",
      "ts": 10271,
      "detail": {
        "headBefore": [
          14,
          3
        ],
        "headAfter": [
          15,
          3
        ],
        "tailBefore": [
          11,
          2
        ],
        "tailAfter": [
          11,
          3
        ],
        "dir": "right"
      }
    },
    {
      "seq": 166,
      "type": "advance",
      "label": "18",
      "ts": 10321,
      "detail": {
        "headBefore": [
          15,
          3
        ],
        "headAfter": [
          16,
          3
        ],
        "tailBefore": [
          11,
          3
        ],
        "tailAfter": [
          12,
          3
        ],
        "dir": "right"
      }
    },
    {
      "seq": 167,
      "type": "advance",
      "label": "18",
      "ts": 10371,
      "detail": {
        "headBefore": [
          16,
          3
        ],
        "headAfter": [
          17,
          3
        ],
        "tailBefore": [
          12,
          3
        ],
        "tailAfter": [
          13,
          3
        ],
        "dir": "right"
      }
    },
    {
      "seq": 168,
      "type": "advance",
      "label": "18",
      "ts": 10438,
      "detail": {
        "headBefore": [
          17,
          3
        ],
        "headAfter": [
          18,
          3
        ],
        "tailBefore": [
          13,
          3
        ],
        "tailAfter": [
          14,
          3
        ],
        "dir": "right"
      }
    },
    {
      "seq": 169,
      "type": "dispose",
      "label": "18",
      "ts": 10438,
      "detail": {}
    },
    {
      "seq": 170,
      "type": "click",
      "label": "19",
      "ts": 10721,
      "detail": {}
    },
    {
      "seq": 171,
      "type": "advance",
      "label": "19",
      "ts": 10722,
      "detail": {
        "headBefore": [
          9,
          0
        ],
        "headAfter": [
          9,
          -1
        ],
        "tailBefore": [
          5,
          2
        ],
        "tailAfter": [
          5,
          3
        ],
        "dir": "up"
      }
    },
    {
      "seq": 172,
      "type": "advance",
      "label": "19",
      "ts": 10771,
      "detail": {
        "headBefore": [
          9,
          -1
        ],
        "headAfter": [
          9,
          -2
        ],
        "tailBefore": [
          5,
          3
        ],
        "tailAfter": [
          6,
          3
        ],
        "dir": "up"
      }
    },
    {
      "seq": 173,
      "type": "advance",
      "label": "19",
      "ts": 10822,
      "detail": {
        "headBefore": [
          9,
          -2
        ],
        "headAfter": [
          9,
          -3
        ],
        "tailBefore": [
          6,
          3
        ],
        "tailAfter": [
          7,
          3
        ],
        "dir": "up"
      }
    },
    {
      "seq": 174,
      "type": "advance",
      "label": "19",
      "ts": 10872,
      "detail": {
        "headBefore": [
          9,
          -3
        ],
        "headAfter": [
          9,
          -4
        ],
        "tailBefore": [
          7,
          3
        ],
        "tailAfter": [
          8,
          3
        ],
        "dir": "up"
      }
    },
    {
      "seq": 175,
      "type": "advance",
      "label": "19",
      "ts": 10922,
      "detail": {
        "headBefore": [
          9,
          -4
        ],
        "headAfter": [
          9,
          -5
        ],
        "tailBefore": [
          8,
          3
        ],
        "tailAfter": [
          8,
          2
        ],
        "dir": "up"
      }
    },
    {
      "seq": 176,
      "type": "advance",
      "label": "19",
      "ts": 10972,
      "detail": {
        "headBefore": [
          9,
          -5
        ],
        "headAfter": [
          9,
          -6
        ],
        "tailBefore": [
          8,
          2
        ],
        "tailAfter": [
          9,
          2
        ],
        "dir": "up"
      }
    },
    {
      "seq": 177,
      "type": "advance",
      "label": "19",
      "ts": 11022,
      "detail": {
        "headBefore": [
          9,
          -6
        ],
        "headAfter": [
          9,
          -7
        ],
        "tailBefore": [
          9,
          2
        ],
        "tailAfter": [
          9,
          1
        ],
        "dir": "up"
      }
    },
    {
      "seq": 178,
      "type": "advance",
      "label": "19",
      "ts": 11072,
      "detail": {
        "headBefore": [
          9,
          -7
        ],
        "headAfter": [
          9,
          -8
        ],
        "tailBefore": [
          9,
          1
        ],
        "tailAfter": [
          9,
          0
        ],
        "dir": "up"
      }
    },
    {
      "seq": 179,
      "type": "advance",
      "label": "19",
      "ts": 11122,
      "detail": {
        "headBefore": [
          9,
          -8
        ],
        "headAfter": [
          9,
          -9
        ],
        "tailBefore": [
          9,
          0
        ],
        "tailAfter": [
          9,
          -1
        ],
        "dir": "up"
      }
    },
    {
      "seq": 180,
      "type": "dispose",
      "label": "19",
      "ts": 11122,
      "detail": {}
    },
    {
      "seq": 181,
      "type": "click",
      "label": "20",
      "ts": 11221,
      "detail": {}
    },
    {
      "seq": 182,
      "type": "advance",
      "label": "20",
      "ts": 11222,
      "detail": {
        "headBefore": [
          0,
          11
        ],
        "headAfter": [
          -1,
          11
        ],
        "tailBefore": [
          0,
          14
        ],
        "tailAfter": [
          0,
          13
        ],
        "dir": "left"
      }
    },
    {
      "seq": 183,
      "type": "advance",
      "label": "20",
      "ts": 11272,
      "detail": {
        "headBefore": [
          -1,
          11
        ],
        "headAfter": [
          -2,
          11
        ],
        "tailBefore": [
          0,
          13
        ],
        "tailAfter": [
          0,
          12
        ],
        "dir": "left"
      }
    },
    {
      "seq": 184,
      "type": "advance",
      "label": "20",
      "ts": 11322,
      "detail": {
        "headBefore": [
          -2,
          11
        ],
        "headAfter": [
          -3,
          11
        ],
        "tailBefore": [
          0,
          12
        ],
        "tailAfter": [
          1,
          12
        ],
        "dir": "left"
      }
    },
    {
      "seq": 185,
      "type": "advance",
      "label": "20",
      "ts": 11372,
      "detail": {
        "headBefore": [
          -3,
          11
        ],
        "headAfter": [
          -4,
          11
        ],
        "tailBefore": [
          1,
          12
        ],
        "tailAfter": [
          1,
          11
        ],
        "dir": "left"
      }
    },
    {
      "seq": 186,
      "type": "advance",
      "label": "20",
      "ts": 11422,
      "detail": {
        "headBefore": [
          -4,
          11
        ],
        "headAfter": [
          -5,
          11
        ],
        "tailBefore": [
          1,
          11
        ],
        "tailAfter": [
          0,
          11
        ],
        "dir": "left"
      }
    },
    {
      "seq": 187,
      "type": "advance",
      "label": "20",
      "ts": 11489,
      "detail": {
        "headBefore": [
          -5,
          11
        ],
        "headAfter": [
          -6,
          11
        ],
        "tailBefore": [
          0,
          11
        ],
        "tailAfter": [
          -1,
          11
        ],
        "dir": "left"
      }
    },
    {
      "seq": 188,
      "type": "dispose",
      "label": "20",
      "ts": 11489,
      "detail": {}
    },
    {
      "seq": 189,
      "type": "click",
      "label": "21",
      "ts": 11722,
      "detail": {}
    },
    {
      "seq": 190,
      "type": "advance",
      "label": "21",
      "ts": 11722,
      "detail": {
        "headBefore": [
          13,
          20
        ],
        "headAfter": [
          14,
          20
        ],
        "tailBefore": [
          10,
          19
        ],
        "tailAfter": [
          9,
          19
        ],
        "dir": "right"
      }
    },
    {
      "seq": 191,
      "type": "advance",
      "label": "21",
      "ts": 11773,
      "detail": {
        "headBefore": [
          14,
          20
        ],
        "headAfter": [
          15,
          20
        ],
        "tailBefore": [
          9,
          19
        ],
        "tailAfter": [
          9,
          20
        ],
        "dir": "right"
      }
    },
    {
      "seq": 192,
      "type": "advance",
      "label": "21",
      "ts": 11822,
      "detail": {
        "headBefore": [
          15,
          20
        ],
        "headAfter": [
          16,
          20
        ],
        "tailBefore": [
          9,
          20
        ],
        "tailAfter": [
          10,
          20
        ],
        "dir": "right"
      }
    },
    {
      "seq": 193,
      "type": "advance",
      "label": "21",
      "ts": 11873,
      "detail": {
        "headBefore": [
          16,
          20
        ],
        "headAfter": [
          17,
          20
        ],
        "tailBefore": [
          10,
          20
        ],
        "tailAfter": [
          10,
          21
        ],
        "dir": "right"
      }
    },
    {
      "seq": 194,
      "type": "advance",
      "label": "21",
      "ts": 11922,
      "detail": {
        "headBefore": [
          17,
          20
        ],
        "headAfter": [
          18,
          20
        ],
        "tailBefore": [
          10,
          21
        ],
        "tailAfter": [
          11,
          21
        ],
        "dir": "right"
      }
    },
    {
      "seq": 195,
      "type": "advance",
      "label": "21",
      "ts": 11973,
      "detail": {
        "headBefore": [
          18,
          20
        ],
        "headAfter": [
          19,
          20
        ],
        "tailBefore": [
          11,
          21
        ],
        "tailAfter": [
          11,
          20
        ],
        "dir": "right"
      }
    },
    {
      "seq": 196,
      "type": "advance",
      "label": "21",
      "ts": 12023,
      "detail": {
        "headBefore": [
          19,
          20
        ],
        "headAfter": [
          20,
          20
        ],
        "tailBefore": [
          11,
          20
        ],
        "tailAfter": [
          12,
          20
        ],
        "dir": "right"
      }
    },
    {
      "seq": 197,
      "type": "advance",
      "label": "21",
      "ts": 12073,
      "detail": {
        "headBefore": [
          20,
          20
        ],
        "headAfter": [
          21,
          20
        ],
        "tailBefore": [
          12,
          20
        ],
        "tailAfter": [
          13,
          20
        ],
        "dir": "right"
      }
    },
    {
      "seq": 198,
      "type": "advance",
      "label": "21",
      "ts": 12123,
      "detail": {
        "headBefore": [
          21,
          20
        ],
        "headAfter": [
          22,
          20
        ],
        "tailBefore": [
          13,
          20
        ],
        "tailAfter": [
          14,
          20
        ],
        "dir": "right"
      }
    },
    {
      "seq": 199,
      "type": "dispose",
      "label": "21",
      "ts": 12123,
      "detail": {}
    },
    {
      "seq": 200,
      "type": "click",
      "label": "22",
      "ts": 12222,
      "detail": {}
    },
    {
      "seq": 201,
      "type": "advance",
      "label": "22",
      "ts": 12223,
      "detail": {
        "headBefore": [
          13,
          4
        ],
        "headAfter": [
          14,
          4
        ],
        "tailBefore": [
          12,
          4
        ],
        "tailAfter": [
          13,
          4
        ],
        "dir": "right"
      }
    },
    {
      "seq": 202,
      "type": "advance",
      "label": "22",
      "ts": 12273,
      "detail": {
        "headBefore": [
          14,
          4
        ],
        "headAfter": [
          15,
          4
        ],
        "tailBefore": [
          13,
          4
        ],
        "tailAfter": [
          14,
          4
        ],
        "dir": "right"
      }
    },
    {
      "seq": 203,
      "type": "dispose",
      "label": "22",
      "ts": 12273,
      "detail": {}
    },
    {
      "seq": 204,
      "type": "click",
      "label": "23",
      "ts": 12723,
      "detail": {}
    },
    {
      "seq": 205,
      "type": "advance",
      "label": "23",
      "ts": 12724,
      "detail": {
        "headBefore": [
          13,
          19
        ],
        "headAfter": [
          14,
          19
        ],
        "tailBefore": [
          11,
          18
        ],
        "tailAfter": [
          11,
          19
        ],
        "dir": "right"
      }
    },
    {
      "seq": 206,
      "type": "advance",
      "label": "23",
      "ts": 12773,
      "detail": {
        "headBefore": [
          14,
          19
        ],
        "headAfter": [
          15,
          19
        ],
        "tailBefore": [
          11,
          19
        ],
        "tailAfter": [
          12,
          19
        ],
        "dir": "right"
      }
    },
    {
      "seq": 207,
      "type": "advance",
      "label": "23",
      "ts": 12823,
      "detail": {
        "headBefore": [
          15,
          19
        ],
        "headAfter": [
          16,
          19
        ],
        "tailBefore": [
          12,
          19
        ],
        "tailAfter": [
          13,
          19
        ],
        "dir": "right"
      }
    },
    {
      "seq": 208,
      "type": "advance",
      "label": "23",
      "ts": 12874,
      "detail": {
        "headBefore": [
          16,
          19
        ],
        "headAfter": [
          17,
          19
        ],
        "tailBefore": [
          13,
          19
        ],
        "tailAfter": [
          14,
          19
        ],
        "dir": "right"
      }
    },
    {
      "seq": 209,
      "type": "dispose",
      "label": "23",
      "ts": 12874,
      "detail": {}
    },
    {
      "seq": 210,
      "type": "click",
      "label": "24",
      "ts": 13223,
      "detail": {}
    },
    {
      "seq": 211,
      "type": "advance",
      "label": "24",
      "ts": 13223,
      "detail": {
        "headBefore": [
          0,
          23
        ],
        "headAfter": [
          -1,
          23
        ],
        "tailBefore": [
          2,
          23
        ],
        "tailAfter": [
          1,
          23
        ],
        "dir": "left"
      }
    },
    {
      "seq": 212,
      "type": "advance",
      "label": "24",
      "ts": 13273,
      "detail": {
        "headBefore": [
          -1,
          23
        ],
        "headAfter": [
          -2,
          23
        ],
        "tailBefore": [
          1,
          23
        ],
        "tailAfter": [
          0,
          23
        ],
        "dir": "left"
      }
    },
    {
      "seq": 213,
      "type": "advance",
      "label": "24",
      "ts": 13324,
      "detail": {
        "headBefore": [
          -2,
          23
        ],
        "headAfter": [
          -3,
          23
        ],
        "tailBefore": [
          0,
          23
        ],
        "tailAfter": [
          -1,
          23
        ],
        "dir": "left"
      }
    },
    {
      "seq": 214,
      "type": "dispose",
      "label": "24",
      "ts": 13324,
      "detail": {}
    },
    {
      "seq": 215,
      "type": "click",
      "label": "25",
      "ts": 13723,
      "detail": {}
    },
    {
      "seq": 216,
      "type": "advance",
      "label": "25",
      "ts": 13724,
      "detail": {
        "headBefore": [
          0,
          18
        ],
        "headAfter": [
          -1,
          18
        ],
        "tailBefore": [
          2,
          18
        ],
        "tailAfter": [
          1,
          18
        ],
        "dir": "left"
      }
    },
    {
      "seq": 217,
      "type": "advance",
      "label": "25",
      "ts": 13774,
      "detail": {
        "headBefore": [
          -1,
          18
        ],
        "headAfter": [
          -2,
          18
        ],
        "tailBefore": [
          1,
          18
        ],
        "tailAfter": [
          0,
          18
        ],
        "dir": "left"
      }
    },
    {
      "seq": 218,
      "type": "advance",
      "label": "25",
      "ts": 13824,
      "detail": {
        "headBefore": [
          -2,
          18
        ],
        "headAfter": [
          -3,
          18
        ],
        "tailBefore": [
          0,
          18
        ],
        "tailAfter": [
          -1,
          18
        ],
        "dir": "left"
      }
    },
    {
      "seq": 219,
      "type": "dispose",
      "label": "25",
      "ts": 13824,
      "detail": {}
    },
    {
      "seq": 220,
      "type": "click",
      "label": "26",
      "ts": 14224,
      "detail": {}
    },
    {
      "seq": 221,
      "type": "advance",
      "label": "26",
      "ts": 14224,
      "detail": {
        "headBefore": [
          0,
          17
        ],
        "headAfter": [
          -1,
          17
        ],
        "tailBefore": [
          4,
          16
        ],
        "tailAfter": [
          3,
          16
        ],
        "dir": "left"
      }
    },
    {
      "seq": 222,
      "type": "advance",
      "label": "26",
      "ts": 14274,
      "detail": {
        "headBefore": [
          -1,
          17
        ],
        "headAfter": [
          -2,
          17
        ],
        "tailBefore": [
          3,
          16
        ],
        "tailAfter": [
          2,
          16
        ],
        "dir": "left"
      }
    },
    {
      "seq": 223,
      "type": "advance",
      "label": "26",
      "ts": 14341,
      "detail": {
        "headBefore": [
          -2,
          17
        ],
        "headAfter": [
          -3,
          17
        ],
        "tailBefore": [
          2,
          16
        ],
        "tailAfter": [
          1,
          16
        ],
        "dir": "left"
      }
    },
    {
      "seq": 224,
      "type": "advance",
      "label": "26",
      "ts": 14391,
      "detail": {
        "headBefore": [
          -3,
          17
        ],
        "headAfter": [
          -4,
          17
        ],
        "tailBefore": [
          1,
          16
        ],
        "tailAfter": [
          1,
          17
        ],
        "dir": "left"
      }
    },
    {
      "seq": 225,
      "type": "advance",
      "label": "26",
      "ts": 14441,
      "detail": {
        "headBefore": [
          -4,
          17
        ],
        "headAfter": [
          -5,
          17
        ],
        "tailBefore": [
          1,
          17
        ],
        "tailAfter": [
          0,
          17
        ],
        "dir": "left"
      }
    },
    {
      "seq": 226,
      "type": "advance",
      "label": "26",
      "ts": 14492,
      "detail": {
        "headBefore": [
          -5,
          17
        ],
        "headAfter": [
          -6,
          17
        ],
        "tailBefore": [
          0,
          17
        ],
        "tailAfter": [
          -1,
          17
        ],
        "dir": "left"
      }
    },
    {
      "seq": 227,
      "type": "dispose",
      "label": "26",
      "ts": 14492,
      "detail": {}
    },
    {
      "seq": 228,
      "type": "click",
      "label": "27",
      "ts": 14724,
      "detail": {}
    },
    {
      "seq": 229,
      "type": "advance",
      "label": "27",
      "ts": 14725,
      "detail": {
        "headBefore": [
          0,
          19
        ],
        "headAfter": [
          -1,
          19
        ],
        "tailBefore": [
          7,
          16
        ],
        "tailAfter": [
          7,
          17
        ],
        "dir": "left"
      }
    },
    {
      "seq": 230,
      "type": "advance",
      "label": "27",
      "ts": 14775,
      "detail": {
        "headBefore": [
          -1,
          19
        ],
        "headAfter": [
          -2,
          19
        ],
        "tailBefore": [
          7,
          17
        ],
        "tailAfter": [
          7,
          18
        ],
        "dir": "left"
      }
    },
    {
      "seq": 231,
      "type": "advance",
      "label": "27",
      "ts": 14825,
      "detail": {
        "headBefore": [
          -2,
          19
        ],
        "headAfter": [
          -3,
          19
        ],
        "tailBefore": [
          7,
          18
        ],
        "tailAfter": [
          8,
          18
        ],
        "dir": "left"
      }
    },
    {
      "seq": 232,
      "type": "advance",
      "label": "27",
      "ts": 14875,
      "detail": {
        "headBefore": [
          -3,
          19
        ],
        "headAfter": [
          -4,
          19
        ],
        "tailBefore": [
          8,
          18
        ],
        "tailAfter": [
          8,
          19
        ],
        "dir": "left"
      }
    },
    {
      "seq": 233,
      "type": "advance",
      "label": "27",
      "ts": 14925,
      "detail": {
        "headBefore": [
          -4,
          19
        ],
        "headAfter": [
          -5,
          19
        ],
        "tailBefore": [
          8,
          19
        ],
        "tailAfter": [
          7,
          19
        ],
        "dir": "left"
      }
    },
    {
      "seq": 234,
      "type": "advance",
      "label": "27",
      "ts": 14975,
      "detail": {
        "headBefore": [
          -5,
          19
        ],
        "headAfter": [
          -6,
          19
        ],
        "tailBefore": [
          7,
          19
        ],
        "tailAfter": [
          6,
          19
        ],
        "dir": "left"
      }
    },
    {
      "seq": 235,
      "type": "advance",
      "label": "27",
      "ts": 15042,
      "detail": {
        "headBefore": [
          -6,
          19
        ],
        "headAfter": [
          -7,
          19
        ],
        "tailBefore": [
          6,
          19
        ],
        "tailAfter": [
          6,
          18
        ],
        "dir": "left"
      }
    },
    {
      "seq": 236,
      "type": "advance",
      "label": "27",
      "ts": 15092,
      "detail": {
        "headBefore": [
          -7,
          19
        ],
        "headAfter": [
          -8,
          19
        ],
        "tailBefore": [
          6,
          18
        ],
        "tailAfter": [
          5,
          18
        ],
        "dir": "left"
      }
    },
    {
      "seq": 237,
      "type": "advance",
      "label": "27",
      "ts": 15141,
      "detail": {
        "headBefore": [
          -8,
          19
        ],
        "headAfter": [
          -9,
          19
        ],
        "tailBefore": [
          5,
          18
        ],
        "tailAfter": [
          5,
          19
        ],
        "dir": "left"
      }
    },
    {
      "seq": 238,
      "type": "advance",
      "label": "27",
      "ts": 15192,
      "detail": {
        "headBefore": [
          -9,
          19
        ],
        "headAfter": [
          -10,
          19
        ],
        "tailBefore": [
          5,
          19
        ],
        "tailAfter": [
          4,
          19
        ],
        "dir": "left"
      }
    },
    {
      "seq": 239,
      "type": "click",
      "label": "28",
      "ts": 15225,
      "detail": {}
    },
    {
      "seq": 240,
      "type": "advance",
      "label": "28",
      "ts": 15226,
      "detail": {
        "headBefore": [
          13,
          5
        ],
        "headAfter": [
          14,
          5
        ],
        "tailBefore": [
          7,
          5
        ],
        "tailAfter": [
          7,
          4
        ],
        "dir": "right"
      }
    },
    {
      "seq": 241,
      "type": "advance",
      "label": "27",
      "ts": 15242,
      "detail": {
        "headBefore": [
          -10,
          19
        ],
        "headAfter": [
          -11,
          19
        ],
        "tailBefore": [
          4,
          19
        ],
        "tailAfter": [
          4,
          20
        ],
        "dir": "left"
      }
    },
    {
      "seq": 242,
      "type": "advance",
      "label": "28",
      "ts": 15275,
      "detail": {
        "headBefore": [
          14,
          5
        ],
        "headAfter": [
          15,
          5
        ],
        "tailBefore": [
          7,
          4
        ],
        "tailAfter": [
          8,
          4
        ],
        "dir": "right"
      }
    },
    {
      "seq": 243,
      "type": "advance",
      "label": "27",
      "ts": 15292,
      "detail": {
        "headBefore": [
          -11,
          19
        ],
        "headAfter": [
          -12,
          19
        ],
        "tailBefore": [
          4,
          20
        ],
        "tailAfter": [
          3,
          20
        ],
        "dir": "left"
      }
    },
    {
      "seq": 244,
      "type": "advance",
      "label": "28",
      "ts": 15325,
      "detail": {
        "headBefore": [
          15,
          5
        ],
        "headAfter": [
          16,
          5
        ],
        "tailBefore": [
          8,
          4
        ],
        "tailAfter": [
          8,
          5
        ],
        "dir": "right"
      }
    },
    {
      "seq": 245,
      "type": "advance",
      "label": "27",
      "ts": 15342,
      "detail": {
        "headBefore": [
          -12,
          19
        ],
        "headAfter": [
          -13,
          19
        ],
        "tailBefore": [
          3,
          20
        ],
        "tailAfter": [
          3,
          19
        ],
        "dir": "left"
      }
    },
    {
      "seq": 246,
      "type": "advance",
      "label": "28",
      "ts": 15375,
      "detail": {
        "headBefore": [
          16,
          5
        ],
        "headAfter": [
          17,
          5
        ],
        "tailBefore": [
          8,
          5
        ],
        "tailAfter": [
          8,
          6
        ],
        "dir": "right"
      }
    },
    {
      "seq": 247,
      "type": "advance",
      "label": "27",
      "ts": 15392,
      "detail": {
        "headBefore": [
          -13,
          19
        ],
        "headAfter": [
          -14,
          19
        ],
        "tailBefore": [
          3,
          19
        ],
        "tailAfter": [
          2,
          19
        ],
        "dir": "left"
      }
    },
    {
      "seq": 248,
      "type": "advance",
      "label": "28",
      "ts": 15425,
      "detail": {
        "headBefore": [
          17,
          5
        ],
        "headAfter": [
          18,
          5
        ],
        "tailBefore": [
          8,
          6
        ],
        "tailAfter": [
          9,
          6
        ],
        "dir": "right"
      }
    },
    {
      "seq": 249,
      "type": "advance",
      "label": "27",
      "ts": 15442,
      "detail": {
        "headBefore": [
          -14,
          19
        ],
        "headAfter": [
          -15,
          19
        ],
        "tailBefore": [
          2,
          19
        ],
        "tailAfter": [
          1,
          19
        ],
        "dir": "left"
      }
    },
    {
      "seq": 250,
      "type": "advance",
      "label": "28",
      "ts": 15475,
      "detail": {
        "headBefore": [
          18,
          5
        ],
        "headAfter": [
          19,
          5
        ],
        "tailBefore": [
          9,
          6
        ],
        "tailAfter": [
          9,
          7
        ],
        "dir": "right"
      }
    },
    {
      "seq": 251,
      "type": "advance",
      "label": "27",
      "ts": 15492,
      "detail": {
        "headBefore": [
          -15,
          19
        ],
        "headAfter": [
          -16,
          19
        ],
        "tailBefore": [
          1,
          19
        ],
        "tailAfter": [
          0,
          19
        ],
        "dir": "left"
      }
    },
    {
      "seq": 252,
      "type": "advance",
      "label": "28",
      "ts": 15525,
      "detail": {
        "headBefore": [
          19,
          5
        ],
        "headAfter": [
          20,
          5
        ],
        "tailBefore": [
          9,
          7
        ],
        "tailAfter": [
          10,
          7
        ],
        "dir": "right"
      }
    },
    {
      "seq": 253,
      "type": "advance",
      "label": "27",
      "ts": 15542,
      "detail": {
        "headBefore": [
          -16,
          19
        ],
        "headAfter": [
          -17,
          19
        ],
        "tailBefore": [
          0,
          19
        ],
        "tailAfter": [
          -1,
          19
        ],
        "dir": "left"
      }
    },
    {
      "seq": 254,
      "type": "dispose",
      "label": "27",
      "ts": 15542,
      "detail": {}
    },
    {
      "seq": 255,
      "type": "advance",
      "label": "28",
      "ts": 15575,
      "detail": {
        "headBefore": [
          20,
          5
        ],
        "headAfter": [
          21,
          5
        ],
        "tailBefore": [
          10,
          7
        ],
        "tailAfter": [
          10,
          6
        ],
        "dir": "right"
      }
    },
    {
      "seq": 256,
      "type": "advance",
      "label": "28",
      "ts": 15625,
      "detail": {
        "headBefore": [
          21,
          5
        ],
        "headAfter": [
          22,
          5
        ],
        "tailBefore": [
          10,
          6
        ],
        "tailAfter": [
          10,
          5
        ],
        "dir": "right"
      }
    },
    {
      "seq": 257,
      "type": "advance",
      "label": "28",
      "ts": 15675,
      "detail": {
        "headBefore": [
          22,
          5
        ],
        "headAfter": [
          23,
          5
        ],
        "tailBefore": [
          10,
          5
        ],
        "tailAfter": [
          10,
          4
        ],
        "dir": "right"
      }
    },
    {
      "seq": 258,
      "type": "click",
      "label": "29",
      "ts": 15725,
      "detail": {}
    },
    {
      "seq": 259,
      "type": "advance",
      "label": "29",
      "ts": 15726,
      "detail": {
        "headBefore": [
          6,
          21
        ],
        "headAfter": [
          5,
          21
        ],
        "tailBefore": [
          7,
          21
        ],
        "tailAfter": [
          6,
          21
        ],
        "dir": "left"
      }
    },
    {
      "seq": 260,
      "type": "advance",
      "label": "28",
      "ts": 15726,
      "detail": {
        "headBefore": [
          23,
          5
        ],
        "headAfter": [
          24,
          5
        ],
        "tailBefore": [
          10,
          4
        ],
        "tailAfter": [
          11,
          4
        ],
        "dir": "right"
      }
    },
    {
      "seq": 261,
      "type": "advance",
      "label": "29",
      "ts": 15775,
      "detail": {
        "headBefore": [
          5,
          21
        ],
        "headAfter": [
          4,
          21
        ],
        "tailBefore": [
          6,
          21
        ],
        "tailAfter": [
          5,
          21
        ],
        "dir": "left"
      }
    },
    {
      "seq": 262,
      "type": "advance",
      "label": "28",
      "ts": 15776,
      "detail": {
        "headBefore": [
          24,
          5
        ],
        "headAfter": [
          25,
          5
        ],
        "tailBefore": [
          11,
          4
        ],
        "tailAfter": [
          11,
          5
        ],
        "dir": "right"
      }
    },
    {
      "seq": 263,
      "type": "advance",
      "label": "29",
      "ts": 15825,
      "detail": {
        "headBefore": [
          4,
          21
        ],
        "headAfter": [
          3,
          21
        ],
        "tailBefore": [
          5,
          21
        ],
        "tailAfter": [
          4,
          21
        ],
        "dir": "left"
      }
    },
    {
      "seq": 264,
      "type": "advance",
      "label": "28",
      "ts": 15826,
      "detail": {
        "headBefore": [
          25,
          5
        ],
        "headAfter": [
          26,
          5
        ],
        "tailBefore": [
          11,
          5
        ],
        "tailAfter": [
          12,
          5
        ],
        "dir": "right"
      }
    },
    {
      "seq": 265,
      "type": "advance",
      "label": "29",
      "ts": 15875,
      "detail": {
        "headBefore": [
          3,
          21
        ],
        "headAfter": [
          2,
          21
        ],
        "tailBefore": [
          4,
          21
        ],
        "tailAfter": [
          3,
          21
        ],
        "dir": "left"
      }
    },
    {
      "seq": 266,
      "type": "advance",
      "label": "28",
      "ts": 15876,
      "detail": {
        "headBefore": [
          26,
          5
        ],
        "headAfter": [
          27,
          5
        ],
        "tailBefore": [
          12,
          5
        ],
        "tailAfter": [
          13,
          5
        ],
        "dir": "right"
      }
    },
    {
      "seq": 267,
      "type": "advance",
      "label": "29",
      "ts": 15943,
      "detail": {
        "headBefore": [
          2,
          21
        ],
        "headAfter": [
          1,
          21
        ],
        "tailBefore": [
          3,
          21
        ],
        "tailAfter": [
          2,
          21
        ],
        "dir": "left"
      }
    },
    {
      "seq": 268,
      "type": "advance",
      "label": "28",
      "ts": 15943,
      "detail": {
        "headBefore": [
          27,
          5
        ],
        "headAfter": [
          28,
          5
        ],
        "tailBefore": [
          13,
          5
        ],
        "tailAfter": [
          14,
          5
        ],
        "dir": "right"
      }
    },
    {
      "seq": 269,
      "type": "dispose",
      "label": "28",
      "ts": 15943,
      "detail": {}
    },
    {
      "seq": 270,
      "type": "collision",
      "label": "29",
      "ts": 15992,
      "detail": {
        "blocker": "30",
        "headCol": 0,
        "headRow": 21
      }
    },
    {
      "seq": 271,
      "type": "retreat",
      "label": "29",
      "ts": 15993,
      "detail": {
        "headBefore": [
          1,
          21
        ],
        "headAfter": [
          2,
          21
        ],
        "tailBefore": [
          2,
          21
        ],
        "tailAfter": [
          3,
          21
        ],
        "dir": "left"
      }
    },
    {
      "seq": 272,
      "type": "retreat",
      "label": "29",
      "ts": 16043,
      "detail": {
        "headBefore": [
          2,
          21
        ],
        "headAfter": [
          3,
          21
        ],
        "tailBefore": [
          3,
          21
        ],
        "tailAfter": [
          4,
          21
        ],
        "dir": "left"
      }
    },
    {
      "seq": 273,
      "type": "retreat",
      "label": "29",
      "ts": 16093,
      "detail": {
        "headBefore": [
          3,
          21
        ],
        "headAfter": [
          4,
          21
        ],
        "tailBefore": [
          4,
          21
        ],
        "tailAfter": [
          5,
          21
        ],
        "dir": "left"
      }
    },
    {
      "seq": 274,
      "type": "retreat",
      "label": "29",
      "ts": 16142,
      "detail": {
        "headBefore": [
          4,
          21
        ],
        "headAfter": [
          5,
          21
        ],
        "tailBefore": [
          5,
          21
        ],
        "tailAfter": [
          6,
          21
        ],
        "dir": "left"
      }
    },
    {
      "seq": 275,
      "type": "retreat",
      "label": "29",
      "ts": 16193,
      "detail": {
        "headBefore": [
          5,
          21
        ],
        "headAfter": [
          6,
          21
        ],
        "tailBefore": [
          6,
          21
        ],
        "tailAfter": [
          7,
          21
        ],
        "dir": "left"
      }
    },
    {
      "seq": 276,
      "type": "click",
      "label": "30",
      "ts": 16225,
      "detail": {}
    },
    {
      "seq": 277,
      "type": "advance",
      "label": "30",
      "ts": 16226,
      "detail": {
        "headBefore": [
          0,
          20
        ],
        "headAfter": [
          0,
          19
        ],
        "tailBefore": [
          0,
          21
        ],
        "tailAfter": [
          0,
          20
        ],
        "dir": "up"
      }
    },
    {
      "seq": 278,
      "type": "advance",
      "label": "30",
      "ts": 16276,
      "detail": {
        "headBefore": [
          0,
          19
        ],
        "headAfter": [
          0,
          18
        ],
        "tailBefore": [
          0,
          20
        ],
        "tailAfter": [
          0,
          19
        ],
        "dir": "up"
      }
    },
    {
      "seq": 279,
      "type": "advance",
      "label": "30",
      "ts": 16326,
      "detail": {
        "headBefore": [
          0,
          18
        ],
        "headAfter": [
          0,
          17
        ],
        "tailBefore": [
          0,
          19
        ],
        "tailAfter": [
          0,
          18
        ],
        "dir": "up"
      }
    },
    {
      "seq": 280,
      "type": "advance",
      "label": "30",
      "ts": 16376,
      "detail": {
        "headBefore": [
          0,
          17
        ],
        "headAfter": [
          0,
          16
        ],
        "tailBefore": [
          0,
          18
        ],
        "tailAfter": [
          0,
          17
        ],
        "dir": "up"
      }
    },
    {
      "seq": 281,
      "type": "advance",
      "label": "30",
      "ts": 16426,
      "detail": {
        "headBefore": [
          0,
          16
        ],
        "headAfter": [
          0,
          15
        ],
        "tailBefore": [
          0,
          17
        ],
        "tailAfter": [
          0,
          16
        ],
        "dir": "up"
      }
    },
    {
      "seq": 282,
      "type": "advance",
      "label": "30",
      "ts": 16493,
      "detail": {
        "headBefore": [
          0,
          15
        ],
        "headAfter": [
          0,
          14
        ],
        "tailBefore": [
          0,
          16
        ],
        "tailAfter": [
          0,
          15
        ],
        "dir": "up"
      }
    },
    {
      "seq": 283,
      "type": "advance",
      "label": "30",
      "ts": 16543,
      "detail": {
        "headBefore": [
          0,
          14
        ],
        "headAfter": [
          0,
          13
        ],
        "tailBefore": [
          0,
          15
        ],
        "tailAfter": [
          0,
          14
        ],
        "dir": "up"
      }
    },
    {
      "seq": 284,
      "type": "advance",
      "label": "30",
      "ts": 16593,
      "detail": {
        "headBefore": [
          0,
          13
        ],
        "headAfter": [
          0,
          12
        ],
        "tailBefore": [
          0,
          14
        ],
        "tailAfter": [
          0,
          13
        ],
        "dir": "up"
      }
    },
    {
      "seq": 285,
      "type": "advance",
      "label": "30",
      "ts": 16643,
      "detail": {
        "headBefore": [
          0,
          12
        ],
        "headAfter": [
          0,
          11
        ],
        "tailBefore": [
          0,
          13
        ],
        "tailAfter": [
          0,
          12
        ],
        "dir": "up"
      }
    },
    {
      "seq": 286,
      "type": "advance",
      "label": "30",
      "ts": 16693,
      "detail": {
        "headBefore": [
          0,
          11
        ],
        "headAfter": [
          0,
          10
        ],
        "tailBefore": [
          0,
          12
        ],
        "tailAfter": [
          0,
          11
        ],
        "dir": "up"
      }
    },
    {
      "seq": 287,
      "type": "click",
      "label": "31",
      "ts": 16726,
      "detail": {}
    },
    {
      "seq": 288,
      "type": "advance",
      "label": "31",
      "ts": 16726,
      "detail": {
        "headBefore": [
          7,
          0
        ],
        "headAfter": [
          8,
          0
        ],
        "tailBefore": [
          6,
          0
        ],
        "tailAfter": [
          7,
          0
        ],
        "dir": "right"
      }
    },
    {
      "seq": 289,
      "type": "advance",
      "label": "30",
      "ts": 16743,
      "detail": {
        "headBefore": [
          0,
          10
        ],
        "headAfter": [
          0,
          9
        ],
        "tailBefore": [
          0,
          11
        ],
        "tailAfter": [
          0,
          10
        ],
        "dir": "up"
      }
    },
    {
      "seq": 290,
      "type": "advance",
      "label": "31",
      "ts": 16776,
      "detail": {
        "headBefore": [
          8,
          0
        ],
        "headAfter": [
          9,
          0
        ],
        "tailBefore": [
          7,
          0
        ],
        "tailAfter": [
          8,
          0
        ],
        "dir": "right"
      }
    },
    {
      "seq": 291,
      "type": "advance",
      "label": "30",
      "ts": 16793,
      "detail": {
        "headBefore": [
          0,
          9
        ],
        "headAfter": [
          0,
          8
        ],
        "tailBefore": [
          0,
          10
        ],
        "tailAfter": [
          0,
          9
        ],
        "dir": "up"
      }
    },
    {
      "seq": 292,
      "type": "advance",
      "label": "31",
      "ts": 16826,
      "detail": {
        "headBefore": [
          9,
          0
        ],
        "headAfter": [
          10,
          0
        ],
        "tailBefore": [
          8,
          0
        ],
        "tailAfter": [
          9,
          0
        ],
        "dir": "right"
      }
    },
    {
      "seq": 293,
      "type": "advance",
      "label": "30",
      "ts": 16843,
      "detail": {
        "headBefore": [
          0,
          8
        ],
        "headAfter": [
          0,
          7
        ],
        "tailBefore": [
          0,
          9
        ],
        "tailAfter": [
          0,
          8
        ],
        "dir": "up"
      }
    },
    {
      "seq": 294,
      "type": "advance",
      "label": "31",
      "ts": 16893,
      "detail": {
        "headBefore": [
          10,
          0
        ],
        "headAfter": [
          11,
          0
        ],
        "tailBefore": [
          9,
          0
        ],
        "tailAfter": [
          10,
          0
        ],
        "dir": "right"
      }
    },
    {
      "seq": 295,
      "type": "collision",
      "label": "30",
      "ts": 16909,
      "detail": {
        "blocker": "34",
        "headCol": 0,
        "headRow": 6
      }
    },
    {
      "seq": 296,
      "type": "retreat",
      "label": "30",
      "ts": 16910,
      "detail": {
        "headBefore": [
          0,
          7
        ],
        "headAfter": [
          0,
          8
        ],
        "tailBefore": [
          0,
          8
        ],
        "tailAfter": [
          0,
          9
        ],
        "dir": "up"
      }
    },
    {
      "seq": 297,
      "type": "advance",
      "label": "31",
      "ts": 16943,
      "detail": {
        "headBefore": [
          11,
          0
        ],
        "headAfter": [
          12,
          0
        ],
        "tailBefore": [
          10,
          0
        ],
        "tailAfter": [
          11,
          0
        ],
        "dir": "right"
      }
    },
    {
      "seq": 298,
      "type": "retreat",
      "label": "30",
      "ts": 16976,
      "detail": {
        "headBefore": [
          0,
          8
        ],
        "headAfter": [
          0,
          9
        ],
        "tailBefore": [
          0,
          9
        ],
        "tailAfter": [
          0,
          10
        ],
        "dir": "up"
      }
    },
    {
      "seq": 299,
      "type": "advance",
      "label": "31",
      "ts": 17010,
      "detail": {
        "headBefore": [
          12,
          0
        ],
        "headAfter": [
          13,
          0
        ],
        "tailBefore": [
          11,
          0
        ],
        "tailAfter": [
          12,
          0
        ],
        "dir": "right"
      }
    },
    {
      "seq": 300,
      "type": "retreat",
      "label": "30",
      "ts": 17026,
      "detail": {
        "headBefore": [
          0,
          9
        ],
        "headAfter": [
          0,
          10
        ],
        "tailBefore": [
          0,
          10
        ],
        "tailAfter": [
          0,
          11
        ],
        "dir": "up"
      }
    },
    {
      "seq": 301,
      "type": "advance",
      "label": "31",
      "ts": 17060,
      "detail": {
        "headBefore": [
          13,
          0
        ],
        "headAfter": [
          14,
          0
        ],
        "tailBefore": [
          12,
          0
        ],
        "tailAfter": [
          13,
          0
        ],
        "dir": "right"
      }
    },
    {
      "seq": 302,
      "type": "retreat",
      "label": "30",
      "ts": 17077,
      "detail": {
        "headBefore": [
          0,
          10
        ],
        "headAfter": [
          0,
          11
        ],
        "tailBefore": [
          0,
          11
        ],
        "tailAfter": [
          0,
          12
        ],
        "dir": "up"
      }
    },
    {
      "seq": 303,
      "type": "advance",
      "label": "31",
      "ts": 17110,
      "detail": {
        "headBefore": [
          14,
          0
        ],
        "headAfter": [
          15,
          0
        ],
        "tailBefore": [
          13,
          0
        ],
        "tailAfter": [
          14,
          0
        ],
        "dir": "right"
      }
    },
    {
      "seq": 304,
      "type": "dispose",
      "label": "31",
      "ts": 17110,
      "detail": {}
    },
    {
      "seq": 305,
      "type": "retreat",
      "label": "30",
      "ts": 17127,
      "detail": {
        "headBefore": [
          0,
          11
        ],
        "headAfter": [
          0,
          12
        ],
        "tailBefore": [
          0,
          12
        ],
        "tailAfter": [
          0,
          13
        ],
        "dir": "up"
      }
    },
    {
      "seq": 306,
      "type": "retreat",
      "label": "30",
      "ts": 17176,
      "detail": {
        "headBefore": [
          0,
          12
        ],
        "headAfter": [
          0,
          13
        ],
        "tailBefore": [
          0,
          13
        ],
        "tailAfter": [
          0,
          14
        ],
        "dir": "up"
      }
    },
    {
      "seq": 307,
      "type": "click",
      "label": "32",
      "ts": 17226,
      "detail": {}
    },
    {
      "seq": 308,
      "type": "advance",
      "label": "32",
      "ts": 17227,
      "detail": {
        "headBefore": [
          4,
          0
        ],
        "headAfter": [
          5,
          0
        ],
        "tailBefore": [
          2,
          0
        ],
        "tailAfter": [
          3,
          0
        ],
        "dir": "right"
      }
    },
    {
      "seq": 309,
      "type": "retreat",
      "label": "30",
      "ts": 17227,
      "detail": {
        "headBefore": [
          0,
          13
        ],
        "headAfter": [
          0,
          14
        ],
        "tailBefore": [
          0,
          14
        ],
        "tailAfter": [
          0,
          15
        ],
        "dir": "up"
      }
    },
    {
      "seq": 310,
      "type": "advance",
      "label": "32",
      "ts": 17277,
      "detail": {
        "headBefore": [
          5,
          0
        ],
        "headAfter": [
          6,
          0
        ],
        "tailBefore": [
          3,
          0
        ],
        "tailAfter": [
          4,
          0
        ],
        "dir": "right"
      }
    },
    {
      "seq": 311,
      "type": "retreat",
      "label": "30",
      "ts": 17277,
      "detail": {
        "headBefore": [
          0,
          14
        ],
        "headAfter": [
          0,
          15
        ],
        "tailBefore": [
          0,
          15
        ],
        "tailAfter": [
          0,
          16
        ],
        "dir": "up"
      }
    },
    {
      "seq": 312,
      "type": "advance",
      "label": "32",
      "ts": 17327,
      "detail": {
        "headBefore": [
          6,
          0
        ],
        "headAfter": [
          7,
          0
        ],
        "tailBefore": [
          4,
          0
        ],
        "tailAfter": [
          5,
          0
        ],
        "dir": "right"
      }
    },
    {
      "seq": 313,
      "type": "retreat",
      "label": "30",
      "ts": 17327,
      "detail": {
        "headBefore": [
          0,
          15
        ],
        "headAfter": [
          0,
          16
        ],
        "tailBefore": [
          0,
          16
        ],
        "tailAfter": [
          0,
          17
        ],
        "dir": "up"
      }
    },
    {
      "seq": 314,
      "type": "advance",
      "label": "32",
      "ts": 17377,
      "detail": {
        "headBefore": [
          7,
          0
        ],
        "headAfter": [
          8,
          0
        ],
        "tailBefore": [
          5,
          0
        ],
        "tailAfter": [
          6,
          0
        ],
        "dir": "right"
      }
    },
    {
      "seq": 315,
      "type": "retreat",
      "label": "30",
      "ts": 17377,
      "detail": {
        "headBefore": [
          0,
          16
        ],
        "headAfter": [
          0,
          17
        ],
        "tailBefore": [
          0,
          17
        ],
        "tailAfter": [
          0,
          18
        ],
        "dir": "up"
      }
    },
    {
      "seq": 316,
      "type": "advance",
      "label": "32",
      "ts": 17427,
      "detail": {
        "headBefore": [
          8,
          0
        ],
        "headAfter": [
          9,
          0
        ],
        "tailBefore": [
          6,
          0
        ],
        "tailAfter": [
          7,
          0
        ],
        "dir": "right"
      }
    },
    {
      "seq": 317,
      "type": "retreat",
      "label": "30",
      "ts": 17427,
      "detail": {
        "headBefore": [
          0,
          17
        ],
        "headAfter": [
          0,
          18
        ],
        "tailBefore": [
          0,
          18
        ],
        "tailAfter": [
          0,
          19
        ],
        "dir": "up"
      }
    },
    {
      "seq": 318,
      "type": "advance",
      "label": "32",
      "ts": 17477,
      "detail": {
        "headBefore": [
          9,
          0
        ],
        "headAfter": [
          10,
          0
        ],
        "tailBefore": [
          7,
          0
        ],
        "tailAfter": [
          8,
          0
        ],
        "dir": "right"
      }
    },
    {
      "seq": 319,
      "type": "retreat",
      "label": "30",
      "ts": 17477,
      "detail": {
        "headBefore": [
          0,
          18
        ],
        "headAfter": [
          0,
          19
        ],
        "tailBefore": [
          0,
          19
        ],
        "tailAfter": [
          0,
          20
        ],
        "dir": "up"
      }
    },
    {
      "seq": 320,
      "type": "advance",
      "label": "32",
      "ts": 17527,
      "detail": {
        "headBefore": [
          10,
          0
        ],
        "headAfter": [
          11,
          0
        ],
        "tailBefore": [
          8,
          0
        ],
        "tailAfter": [
          9,
          0
        ],
        "dir": "right"
      }
    },
    {
      "seq": 321,
      "type": "retreat",
      "label": "30",
      "ts": 17527,
      "detail": {
        "headBefore": [
          0,
          19
        ],
        "headAfter": [
          0,
          20
        ],
        "tailBefore": [
          0,
          20
        ],
        "tailAfter": [
          0,
          21
        ],
        "dir": "up"
      }
    },
    {
      "seq": 322,
      "type": "advance",
      "label": "32",
      "ts": 17577,
      "detail": {
        "headBefore": [
          11,
          0
        ],
        "headAfter": [
          12,
          0
        ],
        "tailBefore": [
          9,
          0
        ],
        "tailAfter": [
          10,
          0
        ],
        "dir": "right"
      }
    },
    {
      "seq": 323,
      "type": "advance",
      "label": "32",
      "ts": 17627,
      "detail": {
        "headBefore": [
          12,
          0
        ],
        "headAfter": [
          13,
          0
        ],
        "tailBefore": [
          10,
          0
        ],
        "tailAfter": [
          11,
          0
        ],
        "dir": "right"
      }
    },
    {
      "seq": 324,
      "type": "advance",
      "label": "32",
      "ts": 17677,
      "detail": {
        "headBefore": [
          13,
          0
        ],
        "headAfter": [
          14,
          0
        ],
        "tailBefore": [
          11,
          0
        ],
        "tailAfter": [
          12,
          0
        ],
        "dir": "right"
      }
    },
    {
      "seq": 325,
      "type": "click",
      "label": "33",
      "ts": 17727,
      "detail": {}
    },
    {
      "seq": 326,
      "type": "advance",
      "label": "33",
      "ts": 17727,
      "detail": {
        "headBefore": [
          13,
          17
        ],
        "headAfter": [
          13,
          18
        ],
        "tailBefore": [
          13,
          15
        ],
        "tailAfter": [
          13,
          16
        ],
        "dir": "down"
      }
    },
    {
      "seq": 327,
      "type": "advance",
      "label": "32",
      "ts": 17727,
      "detail": {
        "headBefore": [
          14,
          0
        ],
        "headAfter": [
          15,
          0
        ],
        "tailBefore": [
          12,
          0
        ],
        "tailAfter": [
          13,
          0
        ],
        "dir": "right"
      }
    },
    {
      "seq": 328,
      "type": "advance",
      "label": "33",
      "ts": 17777,
      "detail": {
        "headBefore": [
          13,
          18
        ],
        "headAfter": [
          13,
          19
        ],
        "tailBefore": [
          13,
          16
        ],
        "tailAfter": [
          13,
          17
        ],
        "dir": "down"
      }
    },
    {
      "seq": 329,
      "type": "advance",
      "label": "32",
      "ts": 17777,
      "detail": {
        "headBefore": [
          15,
          0
        ],
        "headAfter": [
          16,
          0
        ],
        "tailBefore": [
          13,
          0
        ],
        "tailAfter": [
          14,
          0
        ],
        "dir": "right"
      }
    },
    {
      "seq": 330,
      "type": "dispose",
      "label": "32",
      "ts": 17777,
      "detail": {}
    },
    {
      "seq": 331,
      "type": "advance",
      "label": "33",
      "ts": 17827,
      "detail": {
        "headBefore": [
          13,
          19
        ],
        "headAfter": [
          13,
          20
        ],
        "tailBefore": [
          13,
          17
        ],
        "tailAfter": [
          13,
          18
        ],
        "dir": "down"
      }
    },
    {
      "seq": 332,
      "type": "advance",
      "label": "33",
      "ts": 17877,
      "detail": {
        "headBefore": [
          13,
          20
        ],
        "headAfter": [
          13,
          21
        ],
        "tailBefore": [
          13,
          18
        ],
        "tailAfter": [
          13,
          19
        ],
        "dir": "down"
      }
    },
    {
      "seq": 333,
      "type": "advance",
      "label": "33",
      "ts": 17927,
      "detail": {
        "headBefore": [
          13,
          21
        ],
        "headAfter": [
          13,
          22
        ],
        "tailBefore": [
          13,
          19
        ],
        "tailAfter": [
          13,
          20
        ],
        "dir": "down"
      }
    },
    {
      "seq": 334,
      "type": "advance",
      "label": "33",
      "ts": 17977,
      "detail": {
        "headBefore": [
          13,
          22
        ],
        "headAfter": [
          13,
          23
        ],
        "tailBefore": [
          13,
          20
        ],
        "tailAfter": [
          13,
          21
        ],
        "dir": "down"
      }
    },
    {
      "seq": 335,
      "type": "advance",
      "label": "33",
      "ts": 18027,
      "detail": {
        "headBefore": [
          13,
          23
        ],
        "headAfter": [
          13,
          24
        ],
        "tailBefore": [
          13,
          21
        ],
        "tailAfter": [
          13,
          22
        ],
        "dir": "down"
      }
    },
    {
      "seq": 336,
      "type": "advance",
      "label": "33",
      "ts": 18077,
      "detail": {
        "headBefore": [
          13,
          24
        ],
        "headAfter": [
          13,
          25
        ],
        "tailBefore": [
          13,
          22
        ],
        "tailAfter": [
          13,
          23
        ],
        "dir": "down"
      }
    },
    {
      "seq": 337,
      "type": "advance",
      "label": "33",
      "ts": 18127,
      "detail": {
        "headBefore": [
          13,
          25
        ],
        "headAfter": [
          13,
          26
        ],
        "tailBefore": [
          13,
          23
        ],
        "tailAfter": [
          13,
          24
        ],
        "dir": "down"
      }
    },
    {
      "seq": 338,
      "type": "dispose",
      "label": "33",
      "ts": 18127,
      "detail": {}
    },
    {
      "seq": 339,
      "type": "click",
      "label": "34",
      "ts": 18227,
      "detail": {}
    },
    {
      "seq": 340,
      "type": "collision",
      "label": "34",
      "ts": 18227,
      "detail": {
        "blocker": "30",
        "headCol": 0,
        "headRow": 7
      }
    },
    {
      "seq": 341,
      "type": "click",
      "label": "35",
      "ts": 18727,
      "detail": {}
    },
    {
      "seq": 342,
      "type": "advance",
      "label": "35",
      "ts": 18728,
      "detail": {
        "headBefore": [
          9,
          5
        ],
        "headAfter": [
          9,
          6
        ],
        "tailBefore": [
          9,
          4
        ],
        "tailAfter": [
          9,
          5
        ],
        "dir": "down"
      }
    },
    {
      "seq": 343,
      "type": "advance",
      "label": "35",
      "ts": 18778,
      "detail": {
        "headBefore": [
          9,
          6
        ],
        "headAfter": [
          9,
          7
        ],
        "tailBefore": [
          9,
          5
        ],
        "tailAfter": [
          9,
          6
        ],
        "dir": "down"
      }
    },
    {
      "seq": 344,
      "type": "advance",
      "label": "35",
      "ts": 18828,
      "detail": {
        "headBefore": [
          9,
          7
        ],
        "headAfter": [
          9,
          8
        ],
        "tailBefore": [
          9,
          6
        ],
        "tailAfter": [
          9,
          7
        ],
        "dir": "down"
      }
    },
    {
      "seq": 345,
      "type": "advance",
      "label": "35",
      "ts": 18878,
      "detail": {
        "headBefore": [
          9,
          8
        ],
        "headAfter": [
          9,
          9
        ],
        "tailBefore": [
          9,
          7
        ],
        "tailAfter": [
          9,
          8
        ],
        "dir": "down"
      }
    },
    {
      "seq": 346,
      "type": "advance",
      "label": "35",
      "ts": 18928,
      "detail": {
        "headBefore": [
          9,
          9
        ],
        "headAfter": [
          9,
          10
        ],
        "tailBefore": [
          9,
          8
        ],
        "tailAfter": [
          9,
          9
        ],
        "dir": "down"
      }
    },
    {
      "seq": 347,
      "type": "collision",
      "label": "35",
      "ts": 18977,
      "detail": {
        "blocker": "42",
        "headCol": 9,
        "headRow": 11
      }
    },
    {
      "seq": 348,
      "type": "retreat",
      "label": "35",
      "ts": 18978,
      "detail": {
        "headBefore": [
          9,
          10
        ],
        "headAfter": [
          9,
          9
        ],
        "tailBefore": [
          9,
          9
        ],
        "tailAfter": [
          9,
          8
        ],
        "dir": "down"
      }
    },
    {
      "seq": 349,
      "type": "retreat",
      "label": "35",
      "ts": 19028,
      "detail": {
        "headBefore": [
          9,
          9
        ],
        "headAfter": [
          9,
          8
        ],
        "tailBefore": [
          9,
          8
        ],
        "tailAfter": [
          9,
          7
        ],
        "dir": "down"
      }
    },
    {
      "seq": 350,
      "type": "retreat",
      "label": "35",
      "ts": 19078,
      "detail": {
        "headBefore": [
          9,
          8
        ],
        "headAfter": [
          9,
          7
        ],
        "tailBefore": [
          9,
          7
        ],
        "tailAfter": [
          9,
          6
        ],
        "dir": "down"
      }
    },
    {
      "seq": 351,
      "type": "retreat",
      "label": "35",
      "ts": 19128,
      "detail": {
        "headBefore": [
          9,
          7
        ],
        "headAfter": [
          9,
          6
        ],
        "tailBefore": [
          9,
          6
        ],
        "tailAfter": [
          9,
          5
        ],
        "dir": "down"
      }
    },
    {
      "seq": 352,
      "type": "retreat",
      "label": "35",
      "ts": 19178,
      "detail": {
        "headBefore": [
          9,
          6
        ],
        "headAfter": [
          9,
          5
        ],
        "tailBefore": [
          9,
          5
        ],
        "tailAfter": [
          9,
          4
        ],
        "dir": "down"
      }
    },
    {
      "seq": 353,
      "type": "click",
      "label": "36",
      "ts": 19228,
      "detail": {}
    },
    {
      "seq": 354,
      "type": "advance",
      "label": "36",
      "ts": 19228,
      "detail": {
        "headBefore": [
          9,
          3
        ],
        "headAfter": [
          8,
          3
        ],
        "tailBefore": [
          10,
          3
        ],
        "tailAfter": [
          9,
          3
        ],
        "dir": "left"
      }
    },
    {
      "seq": 355,
      "type": "advance",
      "label": "36",
      "ts": 19278,
      "detail": {
        "headBefore": [
          8,
          3
        ],
        "headAfter": [
          7,
          3
        ],
        "tailBefore": [
          9,
          3
        ],
        "tailAfter": [
          8,
          3
        ],
        "dir": "left"
      }
    },
    {
      "seq": 356,
      "type": "advance",
      "label": "36",
      "ts": 19328,
      "detail": {
        "headBefore": [
          7,
          3
        ],
        "headAfter": [
          6,
          3
        ],
        "tailBefore": [
          8,
          3
        ],
        "tailAfter": [
          7,
          3
        ],
        "dir": "left"
      }
    },
    {
      "seq": 357,
      "type": "advance",
      "label": "36",
      "ts": 19378,
      "detail": {
        "headBefore": [
          6,
          3
        ],
        "headAfter": [
          5,
          3
        ],
        "tailBefore": [
          7,
          3
        ],
        "tailAfter": [
          6,
          3
        ],
        "dir": "left"
      }
    },
    {
      "seq": 358,
      "type": "collision",
      "label": "36",
      "ts": 19428,
      "detail": {
        "blocker": "44",
        "headCol": 4,
        "headRow": 3
      }
    },
    {
      "seq": 359,
      "type": "retreat",
      "label": "36",
      "ts": 19428,
      "detail": {
        "headBefore": [
          5,
          3
        ],
        "headAfter": [
          6,
          3
        ],
        "tailBefore": [
          6,
          3
        ],
        "tailAfter": [
          7,
          3
        ],
        "dir": "left"
      }
    },
    {
      "seq": 360,
      "type": "retreat",
      "label": "36",
      "ts": 19479,
      "detail": {
        "headBefore": [
          6,
          3
        ],
        "headAfter": [
          7,
          3
        ],
        "tailBefore": [
          7,
          3
        ],
        "tailAfter": [
          8,
          3
        ],
        "dir": "left"
      }
    },
    {
      "seq": 361,
      "type": "retreat",
      "label": "36",
      "ts": 19528,
      "detail": {
        "headBefore": [
          7,
          3
        ],
        "headAfter": [
          8,
          3
        ],
        "tailBefore": [
          8,
          3
        ],
        "tailAfter": [
          9,
          3
        ],
        "dir": "left"
      }
    },
    {
      "seq": 362,
      "type": "retreat",
      "label": "36",
      "ts": 19579,
      "detail": {
        "headBefore": [
          8,
          3
        ],
        "headAfter": [
          9,
          3
        ],
        "tailBefore": [
          9,
          3
        ],
        "tailAfter": [
          10,
          3
        ],
        "dir": "left"
      }
    },
    {
      "seq": 363,
      "type": "click",
      "label": "37",
      "ts": 19728,
      "detail": {}
    },
    {
      "seq": 364,
      "type": "advance",
      "label": "37",
      "ts": 19729,
      "detail": {
        "headBefore": [
          10,
          13
        ],
        "headAfter": [
          11,
          13
        ],
        "tailBefore": [
          8,
          13
        ],
        "tailAfter": [
          9,
          13
        ],
        "dir": "right"
      }
    },
    {
      "seq": 365,
      "type": "advance",
      "label": "37",
      "ts": 19779,
      "detail": {
        "headBefore": [
          11,
          13
        ],
        "headAfter": [
          12,
          13
        ],
        "tailBefore": [
          9,
          13
        ],
        "tailAfter": [
          10,
          13
        ],
        "dir": "right"
      }
    },
    {
      "seq": 366,
      "type": "advance",
      "label": "37",
      "ts": 19828,
      "detail": {
        "headBefore": [
          12,
          13
        ],
        "headAfter": [
          13,
          13
        ],
        "tailBefore": [
          10,
          13
        ],
        "tailAfter": [
          11,
          13
        ],
        "dir": "right"
      }
    },
    {
      "seq": 367,
      "type": "advance",
      "label": "37",
      "ts": 19879,
      "detail": {
        "headBefore": [
          13,
          13
        ],
        "headAfter": [
          14,
          13
        ],
        "tailBefore": [
          11,
          13
        ],
        "tailAfter": [
          12,
          13
        ],
        "dir": "right"
      }
    },
    {
      "seq": 368,
      "type": "advance",
      "label": "37",
      "ts": 19929,
      "detail": {
        "headBefore": [
          14,
          13
        ],
        "headAfter": [
          15,
          13
        ],
        "tailBefore": [
          12,
          13
        ],
        "tailAfter": [
          13,
          13
        ],
        "dir": "right"
      }
    },
    {
      "seq": 369,
      "type": "advance",
      "label": "37",
      "ts": 19979,
      "detail": {
        "headBefore": [
          15,
          13
        ],
        "headAfter": [
          16,
          13
        ],
        "tailBefore": [
          13,
          13
        ],
        "tailAfter": [
          14,
          13
        ],
        "dir": "right"
      }
    },
    {
      "seq": 370,
      "type": "dispose",
      "label": "37",
      "ts": 19979,
      "detail": {}
    },
    {
      "seq": 371,
      "type": "click",
      "label": "38",
      "ts": 20229,
      "detail": {}
    },
    {
      "seq": 372,
      "type": "advance",
      "label": "38",
      "ts": 20229,
      "detail": {
        "headBefore": [
          2,
          6
        ],
        "headAfter": [
          2,
          5
        ],
        "tailBefore": [
          2,
          8
        ],
        "tailAfter": [
          2,
          7
        ],
        "dir": "up"
      }
    },
    {
      "seq": 373,
      "type": "advance",
      "label": "38",
      "ts": 20279,
      "detail": {
        "headBefore": [
          2,
          5
        ],
        "headAfter": [
          2,
          4
        ],
        "tailBefore": [
          2,
          7
        ],
        "tailAfter": [
          2,
          6
        ],
        "dir": "up"
      }
    },
    {
      "seq": 374,
      "type": "advance",
      "label": "38",
      "ts": 20329,
      "detail": {
        "headBefore": [
          2,
          4
        ],
        "headAfter": [
          2,
          3
        ],
        "tailBefore": [
          2,
          6
        ],
        "tailAfter": [
          2,
          5
        ],
        "dir": "up"
      }
    },
    {
      "seq": 375,
      "type": "advance",
      "label": "38",
      "ts": 20379,
      "detail": {
        "headBefore": [
          2,
          3
        ],
        "headAfter": [
          2,
          2
        ],
        "tailBefore": [
          2,
          5
        ],
        "tailAfter": [
          2,
          4
        ],
        "dir": "up"
      }
    },
    {
      "seq": 376,
      "type": "advance",
      "label": "38",
      "ts": 20429,
      "detail": {
        "headBefore": [
          2,
          2
        ],
        "headAfter": [
          2,
          1
        ],
        "tailBefore": [
          2,
          4
        ],
        "tailAfter": [
          2,
          3
        ],
        "dir": "up"
      }
    },
    {
      "seq": 377,
      "type": "advance",
      "label": "38",
      "ts": 20479,
      "detail": {
        "headBefore": [
          2,
          1
        ],
        "headAfter": [
          2,
          0
        ],
        "tailBefore": [
          2,
          3
        ],
        "tailAfter": [
          2,
          2
        ],
        "dir": "up"
      }
    },
    {
      "seq": 378,
      "type": "advance",
      "label": "38",
      "ts": 20529,
      "detail": {
        "headBefore": [
          2,
          0
        ],
        "headAfter": [
          2,
          -1
        ],
        "tailBefore": [
          2,
          2
        ],
        "tailAfter": [
          2,
          1
        ],
        "dir": "up"
      }
    },
    {
      "seq": 379,
      "type": "advance",
      "label": "38",
      "ts": 20579,
      "detail": {
        "headBefore": [
          2,
          -1
        ],
        "headAfter": [
          2,
          -2
        ],
        "tailBefore": [
          2,
          1
        ],
        "tailAfter": [
          2,
          0
        ],
        "dir": "up"
      }
    },
    {
      "seq": 380,
      "type": "advance",
      "label": "38",
      "ts": 20630,
      "detail": {
        "headBefore": [
          2,
          -2
        ],
        "headAfter": [
          2,
          -3
        ],
        "tailBefore": [
          2,
          0
        ],
        "tailAfter": [
          2,
          -1
        ],
        "dir": "up"
      }
    },
    {
      "seq": 381,
      "type": "dispose",
      "label": "38",
      "ts": 20630,
      "detail": {}
    },
    {
      "seq": 382,
      "type": "click",
      "label": "39",
      "ts": 20729,
      "detail": {}
    },
    {
      "seq": 383,
      "type": "advance",
      "label": "39",
      "ts": 20729,
      "detail": {
        "headBefore": [
          3,
          10
        ],
        "headAfter": [
          2,
          10
        ],
        "tailBefore": [
          5,
          10
        ],
        "tailAfter": [
          5,
          9
        ],
        "dir": "left"
      }
    },
    {
      "seq": 384,
      "type": "advance",
      "label": "39",
      "ts": 20780,
      "detail": {
        "headBefore": [
          2,
          10
        ],
        "headAfter": [
          1,
          10
        ],
        "tailBefore": [
          5,
          9
        ],
        "tailAfter": [
          5,
          8
        ],
        "dir": "left"
      }
    },
    {
      "seq": 385,
      "type": "advance",
      "label": "39",
      "ts": 20830,
      "detail": {
        "headBefore": [
          1,
          10
        ],
        "headAfter": [
          0,
          10
        ],
        "tailBefore": [
          5,
          8
        ],
        "tailAfter": [
          4,
          8
        ],
        "dir": "left"
      }
    },
    {
      "seq": 386,
      "type": "advance",
      "label": "39",
      "ts": 20880,
      "detail": {
        "headBefore": [
          0,
          10
        ],
        "headAfter": [
          -1,
          10
        ],
        "tailBefore": [
          4,
          8
        ],
        "tailAfter": [
          4,
          9
        ],
        "dir": "left"
      }
    },
    {
      "seq": 387,
      "type": "advance",
      "label": "39",
      "ts": 20930,
      "detail": {
        "headBefore": [
          -1,
          10
        ],
        "headAfter": [
          -2,
          10
        ],
        "tailBefore": [
          4,
          9
        ],
        "tailAfter": [
          4,
          10
        ],
        "dir": "left"
      }
    },
    {
      "seq": 388,
      "type": "advance",
      "label": "39",
      "ts": 20980,
      "detail": {
        "headBefore": [
          -2,
          10
        ],
        "headAfter": [
          -3,
          10
        ],
        "tailBefore": [
          4,
          10
        ],
        "tailAfter": [
          3,
          10
        ],
        "dir": "left"
      }
    },
    {
      "seq": 389,
      "type": "advance",
      "label": "39",
      "ts": 21030,
      "detail": {
        "headBefore": [
          -3,
          10
        ],
        "headAfter": [
          -4,
          10
        ],
        "tailBefore": [
          3,
          10
        ],
        "tailAfter": [
          2,
          10
        ],
        "dir": "left"
      }
    },
    {
      "seq": 390,
      "type": "advance",
      "label": "39",
      "ts": 21080,
      "detail": {
        "headBefore": [
          -4,
          10
        ],
        "headAfter": [
          -5,
          10
        ],
        "tailBefore": [
          2,
          10
        ],
        "tailAfter": [
          1,
          10
        ],
        "dir": "left"
      }
    },
    {
      "seq": 391,
      "type": "advance",
      "label": "39",
      "ts": 21130,
      "detail": {
        "headBefore": [
          -5,
          10
        ],
        "headAfter": [
          -6,
          10
        ],
        "tailBefore": [
          1,
          10
        ],
        "tailAfter": [
          0,
          10
        ],
        "dir": "left"
      }
    },
    {
      "seq": 392,
      "type": "advance",
      "label": "39",
      "ts": 21196,
      "detail": {
        "headBefore": [
          -6,
          10
        ],
        "headAfter": [
          -7,
          10
        ],
        "tailBefore": [
          0,
          10
        ],
        "tailAfter": [
          -1,
          10
        ],
        "dir": "left"
      }
    },
    {
      "seq": 393,
      "type": "dispose",
      "label": "39",
      "ts": 21196,
      "detail": {}
    },
    {
      "seq": 394,
      "type": "click",
      "label": "40",
      "ts": 21229,
      "detail": {}
    },
    {
      "seq": 395,
      "type": "advance",
      "label": "40",
      "ts": 21230,
      "detail": {
        "headBefore": [
          9,
          18
        ],
        "headAfter": [
          8,
          18
        ],
        "tailBefore": [
          10,
          18
        ],
        "tailAfter": [
          9,
          18
        ],
        "dir": "left"
      }
    },
    {
      "seq": 396,
      "type": "advance",
      "label": "40",
      "ts": 21280,
      "detail": {
        "headBefore": [
          8,
          18
        ],
        "headAfter": [
          7,
          18
        ],
        "tailBefore": [
          9,
          18
        ],
        "tailAfter": [
          8,
          18
        ],
        "dir": "left"
      }
    },
    {
      "seq": 397,
      "type": "advance",
      "label": "40",
      "ts": 21330,
      "detail": {
        "headBefore": [
          7,
          18
        ],
        "headAfter": [
          6,
          18
        ],
        "tailBefore": [
          8,
          18
        ],
        "tailAfter": [
          7,
          18
        ],
        "dir": "left"
      }
    },
    {
      "seq": 398,
      "type": "advance",
      "label": "40",
      "ts": 21380,
      "detail": {
        "headBefore": [
          6,
          18
        ],
        "headAfter": [
          5,
          18
        ],
        "tailBefore": [
          7,
          18
        ],
        "tailAfter": [
          6,
          18
        ],
        "dir": "left"
      }
    },
    {
      "seq": 399,
      "type": "collision",
      "label": "40",
      "ts": 21429,
      "detail": {
        "blocker": "43",
        "headCol": 4,
        "headRow": 18
      }
    },
    {
      "seq": 400,
      "type": "retreat",
      "label": "40",
      "ts": 21430,
      "detail": {
        "headBefore": [
          5,
          18
        ],
        "headAfter": [
          6,
          18
        ],
        "tailBefore": [
          6,
          18
        ],
        "tailAfter": [
          7,
          18
        ],
        "dir": "left"
      }
    },
    {
      "seq": 401,
      "type": "retreat",
      "label": "40",
      "ts": 21480,
      "detail": {
        "headBefore": [
          6,
          18
        ],
        "headAfter": [
          7,
          18
        ],
        "tailBefore": [
          7,
          18
        ],
        "tailAfter": [
          8,
          18
        ],
        "dir": "left"
      }
    },
    {
      "seq": 402,
      "type": "retreat",
      "label": "40",
      "ts": 21530,
      "detail": {
        "headBefore": [
          7,
          18
        ],
        "headAfter": [
          8,
          18
        ],
        "tailBefore": [
          8,
          18
        ],
        "tailAfter": [
          9,
          18
        ],
        "dir": "left"
      }
    },
    {
      "seq": 403,
      "type": "retreat",
      "label": "40",
      "ts": 21580,
      "detail": {
        "headBefore": [
          8,
          18
        ],
        "headAfter": [
          9,
          18
        ],
        "tailBefore": [
          9,
          18
        ],
        "tailAfter": [
          10,
          18
        ],
        "dir": "left"
      }
    },
    {
      "seq": 404,
      "type": "click",
      "label": "41",
      "ts": 21730,
      "detail": {}
    },
    {
      "seq": 405,
      "type": "advance",
      "label": "41",
      "ts": 21730,
      "detail": {
        "headBefore": [
          2,
          9
        ],
        "headAfter": [
          1,
          9
        ],
        "tailBefore": [
          3,
          8
        ],
        "tailAfter": [
          3,
          9
        ],
        "dir": "left"
      }
    },
    {
      "seq": 406,
      "type": "advance",
      "label": "41",
      "ts": 21780,
      "detail": {
        "headBefore": [
          1,
          9
        ],
        "headAfter": [
          0,
          9
        ],
        "tailBefore": [
          3,
          9
        ],
        "tailAfter": [
          2,
          9
        ],
        "dir": "left"
      }
    },
    {
      "seq": 407,
      "type": "advance",
      "label": "41",
      "ts": 21830,
      "detail": {
        "headBefore": [
          0,
          9
        ],
        "headAfter": [
          -1,
          9
        ],
        "tailBefore": [
          2,
          9
        ],
        "tailAfter": [
          1,
          9
        ],
        "dir": "left"
      }
    },
    {
      "seq": 408,
      "type": "advance",
      "label": "41",
      "ts": 21880,
      "detail": {
        "headBefore": [
          -1,
          9
        ],
        "headAfter": [
          -2,
          9
        ],
        "tailBefore": [
          1,
          9
        ],
        "tailAfter": [
          0,
          9
        ],
        "dir": "left"
      }
    },
    {
      "seq": 409,
      "type": "advance",
      "label": "41",
      "ts": 21930,
      "detail": {
        "headBefore": [
          -2,
          9
        ],
        "headAfter": [
          -3,
          9
        ],
        "tailBefore": [
          0,
          9
        ],
        "tailAfter": [
          -1,
          9
        ],
        "dir": "left"
      }
    },
    {
      "seq": 410,
      "type": "dispose",
      "label": "41",
      "ts": 21930,
      "detail": {}
    },
    {
      "seq": 411,
      "type": "click",
      "label": "42",
      "ts": 22230,
      "detail": {}
    },
    {
      "seq": 412,
      "type": "advance",
      "label": "42",
      "ts": 22230,
      "detail": {
        "headBefore": [
          2,
          11
        ],
        "headAfter": [
          1,
          11
        ],
        "tailBefore": [
          6,
          12
        ],
        "tailAfter": [
          5,
          12
        ],
        "dir": "left"
      }
    },
    {
      "seq": 413,
      "type": "advance",
      "label": "42",
      "ts": 22281,
      "detail": {
        "headBefore": [
          1,
          11
        ],
        "headAfter": [
          0,
          11
        ],
        "tailBefore": [
          5,
          12
        ],
        "tailAfter": [
          5,
          11
        ],
        "dir": "left"
      }
    },
    {
      "seq": 414,
      "type": "advance",
      "label": "42",
      "ts": 22330,
      "detail": {
        "headBefore": [
          0,
          11
        ],
        "headAfter": [
          -1,
          11
        ],
        "tailBefore": [
          5,
          11
        ],
        "tailAfter": [
          6,
          11
        ],
        "dir": "left"
      }
    },
    {
      "seq": 415,
      "type": "advance",
      "label": "42",
      "ts": 22381,
      "detail": {
        "headBefore": [
          -1,
          11
        ],
        "headAfter": [
          -2,
          11
        ],
        "tailBefore": [
          6,
          11
        ],
        "tailAfter": [
          7,
          11
        ],
        "dir": "left"
      }
    },
    {
      "seq": 416,
      "type": "advance",
      "label": "42",
      "ts": 22431,
      "detail": {
        "headBefore": [
          -2,
          11
        ],
        "headAfter": [
          -3,
          11
        ],
        "tailBefore": [
          7,
          11
        ],
        "tailAfter": [
          8,
          11
        ],
        "dir": "left"
      }
    },
    {
      "seq": 417,
      "type": "advance",
      "label": "42",
      "ts": 22481,
      "detail": {
        "headBefore": [
          -3,
          11
        ],
        "headAfter": [
          -4,
          11
        ],
        "tailBefore": [
          8,
          11
        ],
        "tailAfter": [
          9,
          11
        ],
        "dir": "left"
      }
    },
    {
      "seq": 418,
      "type": "advance",
      "label": "42",
      "ts": 22531,
      "detail": {
        "headBefore": [
          -4,
          11
        ],
        "headAfter": [
          -5,
          11
        ],
        "tailBefore": [
          9,
          11
        ],
        "tailAfter": [
          9,
          12
        ],
        "dir": "left"
      }
    },
    {
      "seq": 419,
      "type": "advance",
      "label": "42",
      "ts": 22581,
      "detail": {
        "headBefore": [
          -5,
          11
        ],
        "headAfter": [
          -6,
          11
        ],
        "tailBefore": [
          9,
          12
        ],
        "tailAfter": [
          8,
          12
        ],
        "dir": "left"
      }
    },
    {
      "seq": 420,
      "type": "advance",
      "label": "42",
      "ts": 22631,
      "detail": {
        "headBefore": [
          -6,
          11
        ],
        "headAfter": [
          -7,
          11
        ],
        "tailBefore": [
          8,
          12
        ],
        "tailAfter": [
          7,
          12
        ],
        "dir": "left"
      }
    },
    {
      "seq": 421,
      "type": "advance",
      "label": "42",
      "ts": 22681,
      "detail": {
        "headBefore": [
          -7,
          11
        ],
        "headAfter": [
          -8,
          11
        ],
        "tailBefore": [
          7,
          12
        ],
        "tailAfter": [
          7,
          13
        ],
        "dir": "left"
      }
    },
    {
      "seq": 422,
      "type": "click",
      "label": "43",
      "ts": 22730,
      "detail": {}
    },
    {
      "seq": 423,
      "type": "advance",
      "label": "43",
      "ts": 22731,
      "detail": {
        "headBefore": [
          3,
          18
        ],
        "headAfter": [
          3,
          19
        ],
        "tailBefore": [
          4,
          18
        ],
        "tailAfter": [
          4,
          17
        ],
        "dir": "down"
      }
    },
    {
      "seq": 424,
      "type": "advance",
      "label": "42",
      "ts": 22748,
      "detail": {
        "headBefore": [
          -8,
          11
        ],
        "headAfter": [
          -9,
          11
        ],
        "tailBefore": [
          7,
          13
        ],
        "tailAfter": [
          6,
          13
        ],
        "dir": "left"
      }
    },
    {
      "seq": 425,
      "type": "advance",
      "label": "43",
      "ts": 22781,
      "detail": {
        "headBefore": [
          3,
          19
        ],
        "headAfter": [
          3,
          20
        ],
        "tailBefore": [
          4,
          17
        ],
        "tailAfter": [
          3,
          17
        ],
        "dir": "down"
      }
    },
    {
      "seq": 426,
      "type": "advance",
      "label": "42",
      "ts": 22798,
      "detail": {
        "headBefore": [
          -9,
          11
        ],
        "headAfter": [
          -10,
          11
        ],
        "tailBefore": [
          6,
          13
        ],
        "tailAfter": [
          6,
          14
        ],
        "dir": "left"
      }
    },
    {
      "seq": 427,
      "type": "advance",
      "label": "43",
      "ts": 22831,
      "detail": {
        "headBefore": [
          3,
          20
        ],
        "headAfter": [
          3,
          21
        ],
        "tailBefore": [
          3,
          17
        ],
        "tailAfter": [
          3,
          18
        ],
        "dir": "down"
      }
    },
    {
      "seq": 428,
      "type": "advance",
      "label": "42",
      "ts": 22848,
      "detail": {
        "headBefore": [
          -10,
          11
        ],
        "headAfter": [
          -11,
          11
        ],
        "tailBefore": [
          6,
          14
        ],
        "tailAfter": [
          7,
          14
        ],
        "dir": "left"
      }
    },
    {
      "seq": 429,
      "type": "advance",
      "label": "43",
      "ts": 22881,
      "detail": {
        "headBefore": [
          3,
          21
        ],
        "headAfter": [
          3,
          22
        ],
        "tailBefore": [
          3,
          18
        ],
        "tailAfter": [
          3,
          19
        ],
        "dir": "down"
      }
    },
    {
      "seq": 430,
      "type": "advance",
      "label": "42",
      "ts": 22898,
      "detail": {
        "headBefore": [
          -11,
          11
        ],
        "headAfter": [
          -12,
          11
        ],
        "tailBefore": [
          7,
          14
        ],
        "tailAfter": [
          7,
          15
        ],
        "dir": "left"
      }
    },
    {
      "seq": 431,
      "type": "advance",
      "label": "43",
      "ts": 22931,
      "detail": {
        "headBefore": [
          3,
          22
        ],
        "headAfter": [
          3,
          23
        ],
        "tailBefore": [
          3,
          19
        ],
        "tailAfter": [
          3,
          20
        ],
        "dir": "down"
      }
    },
    {
      "seq": 432,
      "type": "advance",
      "label": "42",
      "ts": 22948,
      "detail": {
        "headBefore": [
          -12,
          11
        ],
        "headAfter": [
          -13,
          11
        ],
        "tailBefore": [
          7,
          15
        ],
        "tailAfter": [
          6,
          15
        ],
        "dir": "left"
      }
    },
    {
      "seq": 433,
      "type": "advance",
      "label": "43",
      "ts": 22981,
      "detail": {
        "headBefore": [
          3,
          23
        ],
        "headAfter": [
          3,
          24
        ],
        "tailBefore": [
          3,
          20
        ],
        "tailAfter": [
          3,
          21
        ],
        "dir": "down"
      }
    },
    {
      "seq": 434,
      "type": "advance",
      "label": "42",
      "ts": 22998,
      "detail": {
        "headBefore": [
          -13,
          11
        ],
        "headAfter": [
          -14,
          11
        ],
        "tailBefore": [
          6,
          15
        ],
        "tailAfter": [
          5,
          15
        ],
        "dir": "left"
      }
    },
    {
      "seq": 435,
      "type": "advance",
      "label": "43",
      "ts": 23031,
      "detail": {
        "headBefore": [
          3,
          24
        ],
        "headAfter": [
          3,
          25
        ],
        "tailBefore": [
          3,
          21
        ],
        "tailAfter": [
          3,
          22
        ],
        "dir": "down"
      }
    },
    {
      "seq": 436,
      "type": "advance",
      "label": "42",
      "ts": 23048,
      "detail": {
        "headBefore": [
          -14,
          11
        ],
        "headAfter": [
          -15,
          11
        ],
        "tailBefore": [
          5,
          15
        ],
        "tailAfter": [
          5,
          14
        ],
        "dir": "left"
      }
    },
    {
      "seq": 437,
      "type": "advance",
      "label": "43",
      "ts": 23081,
      "detail": {
        "headBefore": [
          3,
          25
        ],
        "headAfter": [
          3,
          26
        ],
        "tailBefore": [
          3,
          22
        ],
        "tailAfter": [
          3,
          23
        ],
        "dir": "down"
      }
    },
    {
      "seq": 438,
      "type": "advance",
      "label": "42",
      "ts": 23098,
      "detail": {
        "headBefore": [
          -15,
          11
        ],
        "headAfter": [
          -16,
          11
        ],
        "tailBefore": [
          5,
          14
        ],
        "tailAfter": [
          5,
          13
        ],
        "dir": "left"
      }
    },
    {
      "seq": 439,
      "type": "advance",
      "label": "43",
      "ts": 23131,
      "detail": {
        "headBefore": [
          3,
          26
        ],
        "headAfter": [
          3,
          27
        ],
        "tailBefore": [
          3,
          23
        ],
        "tailAfter": [
          3,
          24
        ],
        "dir": "down"
      }
    },
    {
      "seq": 440,
      "type": "dispose",
      "label": "43",
      "ts": 23131,
      "detail": {}
    },
    {
      "seq": 441,
      "type": "advance",
      "label": "42",
      "ts": 23148,
      "detail": {
        "headBefore": [
          -16,
          11
        ],
        "headAfter": [
          -17,
          11
        ],
        "tailBefore": [
          5,
          13
        ],
        "tailAfter": [
          4,
          13
        ],
        "dir": "left"
      }
    },
    {
      "seq": 442,
      "type": "advance",
      "label": "42",
      "ts": 23198,
      "detail": {
        "headBefore": [
          -17,
          11
        ],
        "headAfter": [
          -18,
          11
        ],
        "tailBefore": [
          4,
          13
        ],
        "tailAfter": [
          4,
          12
        ],
        "dir": "left"
      }
    },
    {
      "seq": 443,
      "type": "click",
      "label": "44",
      "ts": 23231,
      "detail": {}
    },
    {
      "seq": 444,
      "type": "advance",
      "label": "44",
      "ts": 23232,
      "detail": {
        "headBefore": [
          3,
          2
        ],
        "headAfter": [
          2,
          2
        ],
        "tailBefore": [
          5,
          4
        ],
        "tailAfter": [
          5,
          5
        ],
        "dir": "left"
      }
    },
    {
      "seq": 445,
      "type": "advance",
      "label": "42",
      "ts": 23248,
      "detail": {
        "headBefore": [
          -18,
          11
        ],
        "headAfter": [
          -19,
          11
        ],
        "tailBefore": [
          4,
          12
        ],
        "tailAfter": [
          4,
          11
        ],
        "dir": "left"
      }
    },
    {
      "seq": 446,
      "type": "advance",
      "label": "44",
      "ts": 23282,
      "detail": {
        "headBefore": [
          2,
          2
        ],
        "headAfter": [
          1,
          2
        ],
        "tailBefore": [
          5,
          5
        ],
        "tailAfter": [
          5,
          6
        ],
        "dir": "left"
      }
    },
    {
      "seq": 447,
      "type": "advance",
      "label": "42",
      "ts": 23298,
      "detail": {
        "headBefore": [
          -19,
          11
        ],
        "headAfter": [
          -20,
          11
        ],
        "tailBefore": [
          4,
          11
        ],
        "tailAfter": [
          3,
          11
        ],
        "dir": "left"
      }
    },
    {
      "seq": 448,
      "type": "advance",
      "label": "44",
      "ts": 23331,
      "detail": {
        "headBefore": [
          1,
          2
        ],
        "headAfter": [
          0,
          2
        ],
        "tailBefore": [
          5,
          6
        ],
        "tailAfter": [
          5,
          7
        ],
        "dir": "left"
      }
    },
    {
      "seq": 449,
      "type": "advance",
      "label": "42",
      "ts": 23365,
      "detail": {
        "headBefore": [
          -20,
          11
        ],
        "headAfter": [
          -21,
          11
        ],
        "tailBefore": [
          3,
          11
        ],
        "tailAfter": [
          2,
          11
        ],
        "dir": "left"
      }
    },
    {
      "seq": 450,
      "type": "advance",
      "label": "44",
      "ts": 23382,
      "detail": {
        "headBefore": [
          0,
          2
        ],
        "headAfter": [
          -1,
          2
        ],
        "tailBefore": [
          5,
          7
        ],
        "tailAfter": [
          4,
          7
        ],
        "dir": "left"
      }
    },
    {
      "seq": 451,
      "type": "advance",
      "label": "42",
      "ts": 23415,
      "detail": {
        "headBefore": [
          -21,
          11
        ],
        "headAfter": [
          -22,
          11
        ],
        "tailBefore": [
          2,
          11
        ],
        "tailAfter": [
          1,
          11
        ],
        "dir": "left"
      }
    },
    {
      "seq": 452,
      "type": "advance",
      "label": "44",
      "ts": 23448,
      "detail": {
        "headBefore": [
          -1,
          2
        ],
        "headAfter": [
          -2,
          2
        ],
        "tailBefore": [
          4,
          7
        ],
        "tailAfter": [
          4,
          6
        ],
        "dir": "left"
      }
    },
    {
      "seq": 453,
      "type": "advance",
      "label": "42",
      "ts": 23482,
      "detail": {
        "headBefore": [
          -22,
          11
        ],
        "headAfter": [
          -23,
          11
        ],
        "tailBefore": [
          1,
          11
        ],
        "tailAfter": [
          0,
          11
        ],
        "dir": "left"
      }
    },
    {
      "seq": 454,
      "type": "advance",
      "label": "44",
      "ts": 23498,
      "detail": {
        "headBefore": [
          -2,
          2
        ],
        "headAfter": [
          -3,
          2
        ],
        "tailBefore": [
          4,
          6
        ],
        "tailAfter": [
          4,
          5
        ],
        "dir": "left"
      }
    },
    {
      "seq": 455,
      "type": "advance",
      "label": "42",
      "ts": 23532,
      "detail": {
        "headBefore": [
          -23,
          11
        ],
        "headAfter": [
          -24,
          11
        ],
        "tailBefore": [
          0,
          11
        ],
        "tailAfter": [
          -1,
          11
        ],
        "dir": "left"
      }
    },
    {
      "seq": 456,
      "type": "dispose",
      "label": "42",
      "ts": 23532,
      "detail": {}
    },
    {
      "seq": 457,
      "type": "advance",
      "label": "44",
      "ts": 23548,
      "detail": {
        "headBefore": [
          -3,
          2
        ],
        "headAfter": [
          -4,
          2
        ],
        "tailBefore": [
          4,
          5
        ],
        "tailAfter": [
          4,
          4
        ],
        "dir": "left"
      }
    },
    {
      "seq": 458,
      "type": "advance",
      "label": "44",
      "ts": 23598,
      "detail": {
        "headBefore": [
          -4,
          2
        ],
        "headAfter": [
          -5,
          2
        ],
        "tailBefore": [
          4,
          4
        ],
        "tailAfter": [
          4,
          3
        ],
        "dir": "left"
      }
    },
    {
      "seq": 459,
      "type": "advance",
      "label": "44",
      "ts": 23648,
      "detail": {
        "headBefore": [
          -5,
          2
        ],
        "headAfter": [
          -6,
          2
        ],
        "tailBefore": [
          4,
          3
        ],
        "tailAfter": [
          4,
          2
        ],
        "dir": "left"
      }
    },
    {
      "seq": 460,
      "type": "advance",
      "label": "44",
      "ts": 23699,
      "detail": {
        "headBefore": [
          -6,
          2
        ],
        "headAfter": [
          -7,
          2
        ],
        "tailBefore": [
          4,
          2
        ],
        "tailAfter": [
          3,
          2
        ],
        "dir": "left"
      }
    },
    {
      "seq": 461,
      "type": "click",
      "label": "45",
      "ts": 23731,
      "detail": {}
    },
    {
      "seq": 462,
      "type": "advance",
      "label": "45",
      "ts": 23732,
      "detail": {
        "headBefore": [
          2,
          12
        ],
        "headAfter": [
          1,
          12
        ],
        "tailBefore": [
          4,
          14
        ],
        "tailAfter": [
          4,
          15
        ],
        "dir": "left"
      }
    },
    {
      "seq": 463,
      "type": "advance",
      "label": "44",
      "ts": 23749,
      "detail": {
        "headBefore": [
          -7,
          2
        ],
        "headAfter": [
          -8,
          2
        ],
        "tailBefore": [
          3,
          2
        ],
        "tailAfter": [
          2,
          2
        ],
        "dir": "left"
      }
    },
    {
      "seq": 464,
      "type": "advance",
      "label": "45",
      "ts": 23782,
      "detail": {
        "headBefore": [
          1,
          12
        ],
        "headAfter": [
          0,
          12
        ],
        "tailBefore": [
          4,
          15
        ],
        "tailAfter": [
          3,
          15
        ],
        "dir": "left"
      }
    },
    {
      "seq": 465,
      "type": "advance",
      "label": "44",
      "ts": 23799,
      "detail": {
        "headBefore": [
          -8,
          2
        ],
        "headAfter": [
          -9,
          2
        ],
        "tailBefore": [
          2,
          2
        ],
        "tailAfter": [
          1,
          2
        ],
        "dir": "left"
      }
    },
    {
      "seq": 466,
      "type": "advance",
      "label": "45",
      "ts": 23832,
      "detail": {
        "headBefore": [
          0,
          12
        ],
        "headAfter": [
          -1,
          12
        ],
        "tailBefore": [
          3,
          15
        ],
        "tailAfter": [
          2,
          15
        ],
        "dir": "left"
      }
    },
    {
      "seq": 467,
      "type": "advance",
      "label": "44",
      "ts": 23849,
      "detail": {
        "headBefore": [
          -9,
          2
        ],
        "headAfter": [
          -10,
          2
        ],
        "tailBefore": [
          1,
          2
        ],
        "tailAfter": [
          0,
          2
        ],
        "dir": "left"
      }
    },
    {
      "seq": 468,
      "type": "advance",
      "label": "45",
      "ts": 23882,
      "detail": {
        "headBefore": [
          -1,
          12
        ],
        "headAfter": [
          -2,
          12
        ],
        "tailBefore": [
          2,
          15
        ],
        "tailAfter": [
          2,
          14
        ],
        "dir": "left"
      }
    },
    {
      "seq": 469,
      "type": "advance",
      "label": "44",
      "ts": 23899,
      "detail": {
        "headBefore": [
          -10,
          2
        ],
        "headAfter": [
          -11,
          2
        ],
        "tailBefore": [
          0,
          2
        ],
        "tailAfter": [
          -1,
          2
        ],
        "dir": "left"
      }
    },
    {
      "seq": 470,
      "type": "dispose",
      "label": "44",
      "ts": 23899,
      "detail": {}
    },
    {
      "seq": 471,
      "type": "advance",
      "label": "45",
      "ts": 23932,
      "detail": {
        "headBefore": [
          -2,
          12
        ],
        "headAfter": [
          -3,
          12
        ],
        "tailBefore": [
          2,
          14
        ],
        "tailAfter": [
          2,
          13
        ],
        "dir": "left"
      }
    },
    {
      "seq": 472,
      "type": "advance",
      "label": "45",
      "ts": 23982,
      "detail": {
        "headBefore": [
          -3,
          12
        ],
        "headAfter": [
          -4,
          12
        ],
        "tailBefore": [
          2,
          13
        ],
        "tailAfter": [
          3,
          13
        ],
        "dir": "left"
      }
    },
    {
      "seq": 473,
      "type": "advance",
      "label": "45",
      "ts": 24032,
      "detail": {
        "headBefore": [
          -4,
          12
        ],
        "headAfter": [
          -5,
          12
        ],
        "tailBefore": [
          3,
          13
        ],
        "tailAfter": [
          3,
          12
        ],
        "dir": "left"
      }
    },
    {
      "seq": 474,
      "type": "advance",
      "label": "45",
      "ts": 24083,
      "detail": {
        "headBefore": [
          -5,
          12
        ],
        "headAfter": [
          -6,
          12
        ],
        "tailBefore": [
          3,
          12
        ],
        "tailAfter": [
          2,
          12
        ],
        "dir": "left"
      }
    },
    {
      "seq": 475,
      "type": "advance",
      "label": "45",
      "ts": 24132,
      "detail": {
        "headBefore": [
          -6,
          12
        ],
        "headAfter": [
          -7,
          12
        ],
        "tailBefore": [
          2,
          12
        ],
        "tailAfter": [
          1,
          12
        ],
        "dir": "left"
      }
    },
    {
      "seq": 476,
      "type": "advance",
      "label": "45",
      "ts": 24182,
      "detail": {
        "headBefore": [
          -7,
          12
        ],
        "headAfter": [
          -8,
          12
        ],
        "tailBefore": [
          1,
          12
        ],
        "tailAfter": [
          0,
          12
        ],
        "dir": "left"
      }
    },
    {
      "seq": 477,
      "type": "click",
      "label": "46",
      "ts": 24232,
      "detail": {}
    },
    {
      "seq": 478,
      "type": "advance",
      "label": "46",
      "ts": 24232,
      "detail": {
        "headBefore": [
          11,
          15
        ],
        "headAfter": [
          12,
          15
        ],
        "tailBefore": [
          9,
          14
        ],
        "tailAfter": [
          8,
          14
        ],
        "dir": "right"
      }
    },
    {
      "seq": 479,
      "type": "advance",
      "label": "45",
      "ts": 24233,
      "detail": {
        "headBefore": [
          -8,
          12
        ],
        "headAfter": [
          -9,
          12
        ],
        "tailBefore": [
          0,
          12
        ],
        "tailAfter": [
          -1,
          12
        ],
        "dir": "left"
      }
    },
    {
      "seq": 480,
      "type": "dispose",
      "label": "45",
      "ts": 24233,
      "detail": {}
    },
    {
      "seq": 481,
      "type": "advance",
      "label": "46",
      "ts": 24282,
      "detail": {
        "headBefore": [
          12,
          15
        ],
        "headAfter": [
          13,
          15
        ],
        "tailBefore": [
          8,
          14
        ],
        "tailAfter": [
          8,
          15
        ],
        "dir": "right"
      }
    },
    {
      "seq": 482,
      "type": "advance",
      "label": "46",
      "ts": 24333,
      "detail": {
        "headBefore": [
          13,
          15
        ],
        "headAfter": [
          14,
          15
        ],
        "tailBefore": [
          8,
          15
        ],
        "tailAfter": [
          8,
          16
        ],
        "dir": "right"
      }
    },
    {
      "seq": 483,
      "type": "advance",
      "label": "46",
      "ts": 24382,
      "detail": {
        "headBefore": [
          14,
          15
        ],
        "headAfter": [
          15,
          15
        ],
        "tailBefore": [
          8,
          16
        ],
        "tailAfter": [
          8,
          17
        ],
        "dir": "right"
      }
    },
    {
      "seq": 484,
      "type": "advance",
      "label": "46",
      "ts": 24432,
      "detail": {
        "headBefore": [
          15,
          15
        ],
        "headAfter": [
          16,
          15
        ],
        "tailBefore": [
          8,
          17
        ],
        "tailAfter": [
          9,
          17
        ],
        "dir": "right"
      }
    },
    {
      "seq": 485,
      "type": "advance",
      "label": "46",
      "ts": 24482,
      "detail": {
        "headBefore": [
          16,
          15
        ],
        "headAfter": [
          17,
          15
        ],
        "tailBefore": [
          9,
          17
        ],
        "tailAfter": [
          10,
          17
        ],
        "dir": "right"
      }
    },
    {
      "seq": 486,
      "type": "advance",
      "label": "46",
      "ts": 24533,
      "detail": {
        "headBefore": [
          17,
          15
        ],
        "headAfter": [
          18,
          15
        ],
        "tailBefore": [
          10,
          17
        ],
        "tailAfter": [
          10,
          16
        ],
        "dir": "right"
      }
    },
    {
      "seq": 487,
      "type": "advance",
      "label": "46",
      "ts": 24582,
      "detail": {
        "headBefore": [
          18,
          15
        ],
        "headAfter": [
          19,
          15
        ],
        "tailBefore": [
          10,
          16
        ],
        "tailAfter": [
          9,
          16
        ],
        "dir": "right"
      }
    },
    {
      "seq": 488,
      "type": "advance",
      "label": "46",
      "ts": 24632,
      "detail": {
        "headBefore": [
          19,
          15
        ],
        "headAfter": [
          20,
          15
        ],
        "tailBefore": [
          9,
          16
        ],
        "tailAfter": [
          9,
          15
        ],
        "dir": "right"
      }
    },
    {
      "seq": 489,
      "type": "advance",
      "label": "46",
      "ts": 24683,
      "detail": {
        "headBefore": [
          20,
          15
        ],
        "headAfter": [
          21,
          15
        ],
        "tailBefore": [
          9,
          15
        ],
        "tailAfter": [
          10,
          15
        ],
        "dir": "right"
      }
    },
    {
      "seq": 490,
      "type": "click",
      "label": "47",
      "ts": 24732,
      "detail": {}
    },
    {
      "seq": 491,
      "type": "advance",
      "label": "47",
      "ts": 24733,
      "detail": {
        "headBefore": [
          6,
          4
        ],
        "headAfter": [
          6,
          3
        ],
        "tailBefore": [
          7,
          10
        ],
        "tailAfter": [
          7,
          9
        ],
        "dir": "up"
      }
    },
    {
      "seq": 492,
      "type": "advance",
      "label": "46",
      "ts": 24733,
      "detail": {
        "headBefore": [
          21,
          15
        ],
        "headAfter": [
          22,
          15
        ],
        "tailBefore": [
          10,
          15
        ],
        "tailAfter": [
          11,
          15
        ],
        "dir": "right"
      }
    },
    {
      "seq": 493,
      "type": "advance",
      "label": "47",
      "ts": 24783,
      "detail": {
        "headBefore": [
          6,
          3
        ],
        "headAfter": [
          6,
          2
        ],
        "tailBefore": [
          7,
          9
        ],
        "tailAfter": [
          7,
          8
        ],
        "dir": "up"
      }
    },
    {
      "seq": 494,
      "type": "advance",
      "label": "46",
      "ts": 24783,
      "detail": {
        "headBefore": [
          22,
          15
        ],
        "headAfter": [
          23,
          15
        ],
        "tailBefore": [
          11,
          15
        ],
        "tailAfter": [
          12,
          15
        ],
        "dir": "right"
      }
    },
    {
      "seq": 495,
      "type": "advance",
      "label": "47",
      "ts": 24833,
      "detail": {
        "headBefore": [
          6,
          2
        ],
        "headAfter": [
          6,
          1
        ],
        "tailBefore": [
          7,
          8
        ],
        "tailAfter": [
          7,
          7
        ],
        "dir": "up"
      }
    },
    {
      "seq": 496,
      "type": "advance",
      "label": "46",
      "ts": 24833,
      "detail": {
        "headBefore": [
          23,
          15
        ],
        "headAfter": [
          24,
          15
        ],
        "tailBefore": [
          12,
          15
        ],
        "tailAfter": [
          13,
          15
        ],
        "dir": "right"
      }
    },
    {
      "seq": 497,
      "type": "advance",
      "label": "47",
      "ts": 24883,
      "detail": {
        "headBefore": [
          6,
          1
        ],
        "headAfter": [
          6,
          0
        ],
        "tailBefore": [
          7,
          7
        ],
        "tailAfter": [
          6,
          7
        ],
        "dir": "up"
      }
    },
    {
      "seq": 498,
      "type": "advance",
      "label": "46",
      "ts": 24883,
      "detail": {
        "headBefore": [
          24,
          15
        ],
        "headAfter": [
          25,
          15
        ],
        "tailBefore": [
          13,
          15
        ],
        "tailAfter": [
          14,
          15
        ],
        "dir": "right"
      }
    },
    {
      "seq": 499,
      "type": "dispose",
      "label": "46",
      "ts": 24883,
      "detail": {}
    },
    {
      "seq": 500,
      "type": "advance",
      "label": "47",
      "ts": 24949,
      "detail": {
        "headBefore": [
          6,
          0
        ],
        "headAfter": [
          6,
          -1
        ],
        "tailBefore": [
          6,
          7
        ],
        "tailAfter": [
          6,
          6
        ],
        "dir": "up"
      }
    },
    {
      "seq": 501,
      "type": "advance",
      "label": "47",
      "ts": 25000,
      "detail": {
        "headBefore": [
          6,
          -1
        ],
        "headAfter": [
          6,
          -2
        ],
        "tailBefore": [
          6,
          6
        ],
        "tailAfter": [
          6,
          5
        ],
        "dir": "up"
      }
    },
    {
      "seq": 502,
      "type": "advance",
      "label": "47",
      "ts": 25049,
      "detail": {
        "headBefore": [
          6,
          -2
        ],
        "headAfter": [
          6,
          -3
        ],
        "tailBefore": [
          6,
          5
        ],
        "tailAfter": [
          6,
          4
        ],
        "dir": "up"
      }
    },
    {
      "seq": 503,
      "type": "advance",
      "label": "47",
      "ts": 25100,
      "detail": {
        "headBefore": [
          6,
          -3
        ],
        "headAfter": [
          6,
          -4
        ],
        "tailBefore": [
          6,
          4
        ],
        "tailAfter": [
          6,
          3
        ],
        "dir": "up"
      }
    },
    {
      "seq": 504,
      "type": "advance",
      "label": "47",
      "ts": 25150,
      "detail": {
        "headBefore": [
          6,
          -4
        ],
        "headAfter": [
          6,
          -5
        ],
        "tailBefore": [
          6,
          3
        ],
        "tailAfter": [
          6,
          2
        ],
        "dir": "up"
      }
    },
    {
      "seq": 505,
      "type": "advance",
      "label": "47",
      "ts": 25200,
      "detail": {
        "headBefore": [
          6,
          -5
        ],
        "headAfter": [
          6,
          -6
        ],
        "tailBefore": [
          6,
          2
        ],
        "tailAfter": [
          6,
          1
        ],
        "dir": "up"
      }
    },
    {
      "seq": 506,
      "type": "click",
      "label": "48",
      "ts": 25232,
      "detail": {}
    },
    {
      "seq": 507,
      "type": "advance",
      "label": "48",
      "ts": 25233,
      "detail": {
        "headBefore": [
          3,
          6
        ],
        "headAfter": [
          3,
          5
        ],
        "tailBefore": [
          3,
          7
        ],
        "tailAfter": [
          3,
          6
        ],
        "dir": "up"
      }
    },
    {
      "seq": 508,
      "type": "advance",
      "label": "47",
      "ts": 25250,
      "detail": {
        "headBefore": [
          6,
          -6
        ],
        "headAfter": [
          6,
          -7
        ],
        "tailBefore": [
          6,
          1
        ],
        "tailAfter": [
          6,
          0
        ],
        "dir": "up"
      }
    },
    {
      "seq": 509,
      "type": "advance",
      "label": "48",
      "ts": 25300,
      "detail": {
        "headBefore": [
          3,
          5
        ],
        "headAfter": [
          3,
          4
        ],
        "tailBefore": [
          3,
          6
        ],
        "tailAfter": [
          3,
          5
        ],
        "dir": "up"
      }
    },
    {
      "seq": 510,
      "type": "advance",
      "label": "47",
      "ts": 25300,
      "detail": {
        "headBefore": [
          6,
          -7
        ],
        "headAfter": [
          6,
          -8
        ],
        "tailBefore": [
          6,
          0
        ],
        "tailAfter": [
          6,
          -1
        ],
        "dir": "up"
      }
    },
    {
      "seq": 511,
      "type": "dispose",
      "label": "47",
      "ts": 25300,
      "detail": {}
    },
    {
      "seq": 512,
      "type": "advance",
      "label": "48",
      "ts": 25350,
      "detail": {
        "headBefore": [
          3,
          4
        ],
        "headAfter": [
          3,
          3
        ],
        "tailBefore": [
          3,
          5
        ],
        "tailAfter": [
          3,
          4
        ],
        "dir": "up"
      }
    },
    {
      "seq": 513,
      "type": "advance",
      "label": "48",
      "ts": 25400,
      "detail": {
        "headBefore": [
          3,
          3
        ],
        "headAfter": [
          3,
          2
        ],
        "tailBefore": [
          3,
          4
        ],
        "tailAfter": [
          3,
          3
        ],
        "dir": "up"
      }
    },
    {
      "seq": 514,
      "type": "advance",
      "label": "48",
      "ts": 25450,
      "detail": {
        "headBefore": [
          3,
          2
        ],
        "headAfter": [
          3,
          1
        ],
        "tailBefore": [
          3,
          3
        ],
        "tailAfter": [
          3,
          2
        ],
        "dir": "up"
      }
    },
    {
      "seq": 515,
      "type": "advance",
      "label": "48",
      "ts": 25500,
      "detail": {
        "headBefore": [
          3,
          1
        ],
        "headAfter": [
          3,
          0
        ],
        "tailBefore": [
          3,
          2
        ],
        "tailAfter": [
          3,
          1
        ],
        "dir": "up"
      }
    },
    {
      "seq": 516,
      "type": "advance",
      "label": "48",
      "ts": 25550,
      "detail": {
        "headBefore": [
          3,
          0
        ],
        "headAfter": [
          3,
          -1
        ],
        "tailBefore": [
          3,
          1
        ],
        "tailAfter": [
          3,
          0
        ],
        "dir": "up"
      }
    },
    {
      "seq": 517,
      "type": "advance",
      "label": "48",
      "ts": 25600,
      "detail": {
        "headBefore": [
          3,
          -1
        ],
        "headAfter": [
          3,
          -2
        ],
        "tailBefore": [
          3,
          0
        ],
        "tailAfter": [
          3,
          -1
        ],
        "dir": "up"
      }
    },
    {
      "seq": 518,
      "type": "dispose",
      "label": "48",
      "ts": 25600,
      "detail": {}
    },
    {
      "seq": 519,
      "type": "click",
      "label": "49",
      "ts": 25733,
      "detail": {}
    },
    {
      "seq": 520,
      "type": "advance",
      "label": "49",
      "ts": 25734,
      "detail": {
        "headBefore": [
          6,
          17
        ],
        "headAfter": [
          6,
          18
        ],
        "tailBefore": [
          5,
          17
        ],
        "tailAfter": [
          5,
          16
        ],
        "dir": "down"
      }
    },
    {
      "seq": 521,
      "type": "advance",
      "label": "49",
      "ts": 25784,
      "detail": {
        "headBefore": [
          6,
          18
        ],
        "headAfter": [
          6,
          19
        ],
        "tailBefore": [
          5,
          16
        ],
        "tailAfter": [
          6,
          16
        ],
        "dir": "down"
      }
    },
    {
      "seq": 522,
      "type": "advance",
      "label": "49",
      "ts": 25834,
      "detail": {
        "headBefore": [
          6,
          19
        ],
        "headAfter": [
          6,
          20
        ],
        "tailBefore": [
          6,
          16
        ],
        "tailAfter": [
          6,
          17
        ],
        "dir": "down"
      }
    },
    {
      "seq": 523,
      "type": "advance",
      "label": "49",
      "ts": 25884,
      "detail": {
        "headBefore": [
          6,
          20
        ],
        "headAfter": [
          6,
          21
        ],
        "tailBefore": [
          6,
          17
        ],
        "tailAfter": [
          6,
          18
        ],
        "dir": "down"
      }
    },
    {
      "seq": 524,
      "type": "advance",
      "label": "49",
      "ts": 25933,
      "detail": {
        "headBefore": [
          6,
          21
        ],
        "headAfter": [
          6,
          22
        ],
        "tailBefore": [
          6,
          18
        ],
        "tailAfter": [
          6,
          19
        ],
        "dir": "down"
      }
    },
    {
      "seq": 525,
      "type": "advance",
      "label": "49",
      "ts": 25983,
      "detail": {
        "headBefore": [
          6,
          22
        ],
        "headAfter": [
          6,
          23
        ],
        "tailBefore": [
          6,
          19
        ],
        "tailAfter": [
          6,
          20
        ],
        "dir": "down"
      }
    },
    {
      "seq": 526,
      "type": "advance",
      "label": "49",
      "ts": 26034,
      "detail": {
        "headBefore": [
          6,
          23
        ],
        "headAfter": [
          6,
          24
        ],
        "tailBefore": [
          6,
          20
        ],
        "tailAfter": [
          6,
          21
        ],
        "dir": "down"
      }
    },
    {
      "seq": 527,
      "type": "advance",
      "label": "49",
      "ts": 26084,
      "detail": {
        "headBefore": [
          6,
          24
        ],
        "headAfter": [
          6,
          25
        ],
        "tailBefore": [
          6,
          21
        ],
        "tailAfter": [
          6,
          22
        ],
        "dir": "down"
      }
    },
    {
      "seq": 528,
      "type": "advance",
      "label": "49",
      "ts": 26133,
      "detail": {
        "headBefore": [
          6,
          25
        ],
        "headAfter": [
          6,
          26
        ],
        "tailBefore": [
          6,
          22
        ],
        "tailAfter": [
          6,
          23
        ],
        "dir": "down"
      }
    },
    {
      "seq": 529,
      "type": "advance",
      "label": "49",
      "ts": 26184,
      "detail": {
        "headBefore": [
          6,
          26
        ],
        "headAfter": [
          6,
          27
        ],
        "tailBefore": [
          6,
          23
        ],
        "tailAfter": [
          6,
          24
        ],
        "dir": "down"
      }
    },
    {
      "seq": 530,
      "type": "dispose",
      "label": "49",
      "ts": 26184,
      "detail": {}
    },
    {
      "seq": 531,
      "type": "click",
      "label": "50",
      "ts": 26233,
      "detail": {}
    },
    {
      "seq": 532,
      "type": "advance",
      "label": "50",
      "ts": 26234,
      "detail": {
        "headBefore": [
          6,
          8
        ],
        "headAfter": [
          6,
          7
        ],
        "tailBefore": [
          6,
          9
        ],
        "tailAfter": [
          6,
          8
        ],
        "dir": "up"
      }
    },
    {
      "seq": 533,
      "type": "advance",
      "label": "50",
      "ts": 26284,
      "detail": {
        "headBefore": [
          6,
          7
        ],
        "headAfter": [
          6,
          6
        ],
        "tailBefore": [
          6,
          8
        ],
        "tailAfter": [
          6,
          7
        ],
        "dir": "up"
      }
    },
    {
      "seq": 534,
      "type": "advance",
      "label": "50",
      "ts": 26334,
      "detail": {
        "headBefore": [
          6,
          6
        ],
        "headAfter": [
          6,
          5
        ],
        "tailBefore": [
          6,
          7
        ],
        "tailAfter": [
          6,
          6
        ],
        "dir": "up"
      }
    },
    {
      "seq": 535,
      "type": "advance",
      "label": "50",
      "ts": 26384,
      "detail": {
        "headBefore": [
          6,
          5
        ],
        "headAfter": [
          6,
          4
        ],
        "tailBefore": [
          6,
          6
        ],
        "tailAfter": [
          6,
          5
        ],
        "dir": "up"
      }
    },
    {
      "seq": 536,
      "type": "advance",
      "label": "50",
      "ts": 26434,
      "detail": {
        "headBefore": [
          6,
          4
        ],
        "headAfter": [
          6,
          3
        ],
        "tailBefore": [
          6,
          5
        ],
        "tailAfter": [
          6,
          4
        ],
        "dir": "up"
      }
    },
    {
      "seq": 537,
      "type": "advance",
      "label": "50",
      "ts": 26484,
      "detail": {
        "headBefore": [
          6,
          3
        ],
        "headAfter": [
          6,
          2
        ],
        "tailBefore": [
          6,
          4
        ],
        "tailAfter": [
          6,
          3
        ],
        "dir": "up"
      }
    },
    {
      "seq": 538,
      "type": "advance",
      "label": "50",
      "ts": 26534,
      "detail": {
        "headBefore": [
          6,
          2
        ],
        "headAfter": [
          6,
          1
        ],
        "tailBefore": [
          6,
          3
        ],
        "tailAfter": [
          6,
          2
        ],
        "dir": "up"
      }
    },
    {
      "seq": 539,
      "type": "advance",
      "label": "50",
      "ts": 26584,
      "detail": {
        "headBefore": [
          6,
          1
        ],
        "headAfter": [
          6,
          0
        ],
        "tailBefore": [
          6,
          2
        ],
        "tailAfter": [
          6,
          1
        ],
        "dir": "up"
      }
    },
    {
      "seq": 540,
      "type": "advance",
      "label": "50",
      "ts": 26634,
      "detail": {
        "headBefore": [
          6,
          0
        ],
        "headAfter": [
          6,
          -1
        ],
        "tailBefore": [
          6,
          1
        ],
        "tailAfter": [
          6,
          0
        ],
        "dir": "up"
      }
    },
    {
      "seq": 541,
      "type": "advance",
      "label": "50",
      "ts": 26684,
      "detail": {
        "headBefore": [
          6,
          -1
        ],
        "headAfter": [
          6,
          -2
        ],
        "tailBefore": [
          6,
          0
        ],
        "tailAfter": [
          6,
          -1
        ],
        "dir": "up"
      }
    },
    {
      "seq": 542,
      "type": "dispose",
      "label": "50",
      "ts": 26684,
      "detail": {}
    }
  ],
  "currentState": {
    "totalLines": 50,
    "solvable": false,
    "lines": [
      {
        "index": 0,
        "label": "50",
        "round": "1-8-1",
        "flyDir": "up",
        "headCol": 6,
        "headRow": -2,
        "tailCol": 6,
        "tailRow": 9,
        "stepCount": 0,
        "path": "up×1",
        "disposed": true
      },
      {
        "index": 1,
        "label": "49",
        "round": "1-8",
        "flyDir": "down",
        "headCol": 6,
        "headRow": 27,
        "tailCol": 5,
        "tailRow": 17,
        "stepCount": 0,
        "path": "up×1 → right×1 → down×1",
        "disposed": true
      },
      {
        "index": 2,
        "label": "48",
        "round": "1-8",
        "flyDir": "up",
        "headCol": 3,
        "headRow": -2,
        "tailCol": 3,
        "tailRow": 7,
        "stepCount": 0,
        "path": "up×1",
        "disposed": true
      },
      {
        "index": 3,
        "label": "47",
        "round": "1-8",
        "flyDir": "up",
        "headCol": 6,
        "headRow": -8,
        "tailCol": 7,
        "tailRow": 10,
        "stepCount": 0,
        "path": "up×3 → left×1 → up×3",
        "disposed": true
      },
      {
        "index": 4,
        "label": "46",
        "round": "1-8",
        "flyDir": "right",
        "headCol": 25,
        "headRow": 15,
        "tailCol": 9,
        "tailRow": 14,
        "stepCount": 0,
        "path": "left×1 → down×3 → right×2 → up×1 → left×1 → up×1 → right×2",
        "disposed": true
      },
      {
        "index": 5,
        "label": "45",
        "round": "1-8",
        "flyDir": "left",
        "headCol": -9,
        "headRow": 12,
        "tailCol": 4,
        "tailRow": 14,
        "stepCount": 0,
        "path": "down×1 → left×2 → up×2 → right×1 → up×1 → left×1",
        "disposed": true
      },
      {
        "index": 6,
        "label": "44",
        "round": "1-8",
        "flyDir": "left",
        "headCol": -11,
        "headRow": 2,
        "tailCol": 5,
        "tailRow": 4,
        "stepCount": 0,
        "path": "down×3 → left×1 → up×5 → left×1",
        "disposed": true
      },
      {
        "index": 7,
        "label": "43",
        "round": "1-8",
        "flyDir": "down",
        "headCol": 3,
        "headRow": 27,
        "tailCol": 4,
        "tailRow": 18,
        "stepCount": 0,
        "path": "up×1 → left×1 → down×1",
        "disposed": true
      },
      {
        "index": 8,
        "label": "42",
        "round": "1-8",
        "flyDir": "left",
        "headCol": -24,
        "headRow": 11,
        "tailCol": 6,
        "tailRow": 12,
        "stepCount": 0,
        "path": "left×1 → up×1 → right×4 → down×1 → left×2 → down×1 → left×1 → down×1 → right×1 → down×1 → left×2 → up×2 → left×1 → up×2 → left×2",
        "disposed": true
      },
      {
        "index": 9,
        "label": "41",
        "round": "1-8",
        "flyDir": "left",
        "headCol": -3,
        "headRow": 9,
        "tailCol": 3,
        "tailRow": 8,
        "stepCount": 0,
        "path": "down×1 → left×1",
        "disposed": true
      },
      {
        "index": 10,
        "label": "40",
        "round": "1-8",
        "flyDir": "left",
        "headCol": 9,
        "headRow": 18,
        "tailCol": 10,
        "tailRow": 18,
        "stepCount": 1,
        "path": "left×1",
        "disposed": false
      },
      {
        "index": 11,
        "label": "39",
        "round": "1-8",
        "flyDir": "left",
        "headCol": -7,
        "headRow": 10,
        "tailCol": 5,
        "tailRow": 10,
        "stepCount": 0,
        "path": "up×2 → left×1 → down×2 → left×1",
        "disposed": true
      },
      {
        "index": 12,
        "label": "38",
        "round": "1-8",
        "flyDir": "up",
        "headCol": 2,
        "headRow": -3,
        "tailCol": 2,
        "tailRow": 8,
        "stepCount": 0,
        "path": "up×2",
        "disposed": true
      },
      {
        "index": 13,
        "label": "37",
        "round": "1-8",
        "flyDir": "right",
        "headCol": 16,
        "headRow": 13,
        "tailCol": 8,
        "tailRow": 13,
        "stepCount": 0,
        "path": "right×2",
        "disposed": true
      },
      {
        "index": 14,
        "label": "36",
        "round": "1-7",
        "flyDir": "left",
        "headCol": 9,
        "headRow": 3,
        "tailCol": 10,
        "tailRow": 3,
        "stepCount": 1,
        "path": "left×1",
        "disposed": false
      },
      {
        "index": 15,
        "label": "35",
        "round": "1-7",
        "flyDir": "down",
        "headCol": 9,
        "headRow": 5,
        "tailCol": 9,
        "tailRow": 4,
        "stepCount": 1,
        "path": "down×1",
        "disposed": false
      },
      {
        "index": 16,
        "label": "34",
        "round": "1-6",
        "flyDir": "down",
        "headCol": 0,
        "headRow": 6,
        "tailCol": 1,
        "tailRow": 4,
        "stepCount": 3,
        "path": "left×1 → down×2",
        "disposed": false
      },
      {
        "index": 17,
        "label": "33",
        "round": "1-5",
        "flyDir": "down",
        "headCol": 13,
        "headRow": 26,
        "tailCol": 13,
        "tailRow": 15,
        "stepCount": 0,
        "path": "down×2",
        "disposed": true
      },
      {
        "index": 18,
        "label": "32",
        "round": "1-4",
        "flyDir": "right",
        "headCol": 16,
        "headRow": 0,
        "tailCol": 2,
        "tailRow": 0,
        "stepCount": 0,
        "path": "right×2",
        "disposed": true
      },
      {
        "index": 19,
        "label": "31",
        "round": "1-3",
        "flyDir": "right",
        "headCol": 15,
        "headRow": 0,
        "tailCol": 6,
        "tailRow": 0,
        "stepCount": 0,
        "path": "right×1",
        "disposed": true
      },
      {
        "index": 20,
        "label": "30",
        "round": "1-2",
        "flyDir": "up",
        "headCol": 0,
        "headRow": 20,
        "tailCol": 0,
        "tailRow": 21,
        "stepCount": 1,
        "path": "up×1",
        "disposed": false
      },
      {
        "index": 21,
        "label": "29",
        "round": "1-1",
        "flyDir": "left",
        "headCol": 6,
        "headRow": 21,
        "tailCol": 7,
        "tailRow": 21,
        "stepCount": 1,
        "path": "left×1",
        "disposed": false
      },
      {
        "index": 22,
        "label": "28",
        "round": "1",
        "flyDir": "right",
        "headCol": 28,
        "headRow": 5,
        "tailCol": 7,
        "tailRow": 5,
        "stepCount": 0,
        "path": "up×1 → right×1 → down×2 → right×1 → down×1 → right×1 → up×3 → right×1 → down×1 → right×2",
        "disposed": true
      },
      {
        "index": 23,
        "label": "27",
        "round": "1",
        "flyDir": "left",
        "headCol": -17,
        "headRow": 19,
        "tailCol": 7,
        "tailRow": 16,
        "stepCount": 0,
        "path": "down×2 → right×1 → down×1 → left×2 → up×1 → left×1 → down×1 → left×1 → down×1 → left×1 → up×1 → left×3",
        "disposed": true
      },
      {
        "index": 24,
        "label": "26",
        "round": "1",
        "flyDir": "left",
        "headCol": -6,
        "headRow": 17,
        "tailCol": 4,
        "tailRow": 16,
        "stepCount": 0,
        "path": "left×3 → down×1 → left×1",
        "disposed": true
      },
      {
        "index": 25,
        "label": "25",
        "round": "1",
        "flyDir": "left",
        "headCol": -3,
        "headRow": 18,
        "tailCol": 2,
        "tailRow": 18,
        "stepCount": 0,
        "path": "left×2",
        "disposed": true
      },
      {
        "index": 26,
        "label": "24",
        "round": "1",
        "flyDir": "left",
        "headCol": -3,
        "headRow": 23,
        "tailCol": 2,
        "tailRow": 23,
        "stepCount": 0,
        "path": "left×2",
        "disposed": true
      },
      {
        "index": 27,
        "label": "23",
        "round": "1",
        "flyDir": "right",
        "headCol": 17,
        "headRow": 19,
        "tailCol": 11,
        "tailRow": 18,
        "stepCount": 0,
        "path": "down×1 → right×2",
        "disposed": true
      },
      {
        "index": 28,
        "label": "22",
        "round": "1",
        "flyDir": "right",
        "headCol": 15,
        "headRow": 4,
        "tailCol": 12,
        "tailRow": 4,
        "stepCount": 0,
        "path": "right×1",
        "disposed": true
      },
      {
        "index": 29,
        "label": "21",
        "round": "1",
        "flyDir": "right",
        "headCol": 22,
        "headRow": 20,
        "tailCol": 10,
        "tailRow": 19,
        "stepCount": 0,
        "path": "left×1 → down×1 → right×1 → down×1 → right×1 → up×1 → right×2",
        "disposed": true
      },
      {
        "index": 30,
        "label": "20",
        "round": "1",
        "flyDir": "left",
        "headCol": -6,
        "headRow": 11,
        "tailCol": 0,
        "tailRow": 14,
        "stepCount": 0,
        "path": "up×2 → right×1 → up×1 → left×1",
        "disposed": true
      },
      {
        "index": 31,
        "label": "19",
        "round": "1",
        "flyDir": "up",
        "headCol": 9,
        "headRow": -9,
        "tailCol": 5,
        "tailRow": 2,
        "stepCount": 0,
        "path": "down×1 → right×3 → up×1 → right×1 → up×2",
        "disposed": true
      },
      {
        "index": 32,
        "label": "18",
        "round": "1",
        "flyDir": "right",
        "headCol": 18,
        "headRow": 3,
        "tailCol": 10,
        "tailRow": 2,
        "stepCount": 0,
        "path": "right×1 → down×1 → right×2",
        "disposed": true
      },
      {
        "index": 33,
        "label": "17",
        "round": "1",
        "flyDir": "up",
        "headCol": 8,
        "headRow": -5,
        "tailCol": 6,
        "tailRow": 2,
        "stepCount": 0,
        "path": "up×1 → right×2 → up×1",
        "disposed": true
      },
      {
        "index": 34,
        "label": "16",
        "round": "1",
        "flyDir": "right",
        "headCol": 18,
        "headRow": 7,
        "tailCol": 12,
        "tailRow": 6,
        "stepCount": 0,
        "path": "left×1 → down×1 → right×2",
        "disposed": true
      },
      {
        "index": 35,
        "label": "15",
        "round": "1",
        "flyDir": "right",
        "headCol": 15,
        "headRow": 0,
        "tailCol": 12,
        "tailRow": 0,
        "stepCount": 0,
        "path": "right×1",
        "disposed": true
      },
      {
        "index": 36,
        "label": "14",
        "round": "1",
        "flyDir": "right",
        "headCol": 18,
        "headRow": 11,
        "tailCol": 10,
        "tailRow": 12,
        "stepCount": 0,
        "path": "up×1 → right×3",
        "disposed": true
      },
      {
        "index": 37,
        "label": "13",
        "round": "1",
        "flyDir": "left",
        "headCol": -7,
        "headRow": 22,
        "tailCol": 2,
        "tailRow": 20,
        "stepCount": 0,
        "path": "left×1 → down×1 → right×1 → down×1 → left×2",
        "disposed": true
      },
      {
        "index": 38,
        "label": "12",
        "round": "1",
        "flyDir": "right",
        "headCol": 20,
        "headRow": 2,
        "tailCol": 10,
        "tailRow": 1,
        "stepCount": 0,
        "path": "up×1 → right×1 → down×1 → right×1 → down×1 → right×1",
        "disposed": true
      },
      {
        "index": 39,
        "label": "11",
        "round": "1",
        "flyDir": "right",
        "headCol": 21,
        "headRow": 9,
        "tailCol": 13,
        "tailRow": 10,
        "stepCount": 0,
        "path": "left×3 → up×1 → right×3",
        "disposed": true
      },
      {
        "index": 40,
        "label": "10",
        "round": "1",
        "flyDir": "left",
        "headCol": -3,
        "headRow": 15,
        "tailCol": 1,
        "tailRow": 14,
        "stepCount": 0,
        "path": "down×1 → left×1",
        "disposed": true
      },
      {
        "index": 41,
        "label": "9",
        "round": "1",
        "flyDir": "down",
        "headCol": 11,
        "headRow": 31,
        "tailCol": 12,
        "tailRow": 23,
        "stepCount": 0,
        "path": "right×1 → up×2 → left×1 → down×1 → left×1 → down×1",
        "disposed": true
      },
      {
        "index": 42,
        "label": "8",
        "round": "1",
        "flyDir": "down",
        "headCol": 4,
        "headRow": 38,
        "tailCol": 6,
        "tailRow": 23,
        "stepCount": 0,
        "path": "left×1 → up×1 → right×3 → up×2 → left×3 → down×1 → left×1 → down×2",
        "disposed": true
      },
      {
        "index": 43,
        "label": "7",
        "round": "1",
        "flyDir": "right",
        "headCol": 21,
        "headRow": 12,
        "tailCol": 13,
        "tailRow": 13,
        "stepCount": 0,
        "path": "left×1 → down×1 → left×1 → up×2 → right×2",
        "disposed": true
      },
      {
        "index": 44,
        "label": "6",
        "round": "1",
        "flyDir": "down",
        "headCol": 3,
        "headRow": 25,
        "tailCol": 3,
        "tailRow": 22,
        "stepCount": 0,
        "path": "down×1",
        "disposed": true
      },
      {
        "index": 45,
        "label": "5",
        "round": "1",
        "flyDir": "right",
        "headCol": 20,
        "headRow": 18,
        "tailCol": 12,
        "tailRow": 15,
        "stepCount": 0,
        "path": "down×1 → left×1 → down×1 → right×1 → down×1 → right×1",
        "disposed": true
      },
      {
        "index": 46,
        "label": "4",
        "round": "1",
        "flyDir": "left",
        "headCol": -18,
        "headRow": 3,
        "tailCol": 2,
        "tailRow": 10,
        "stepCount": 0,
        "path": "left×2 → up×1 → right×1 → up×1 → left×1 → up×1 → right×1 → up×2 → right×2 → up×1 → left×1 → up×1 → left×2",
        "disposed": true
      },
      {
        "index": 47,
        "label": "3",
        "round": "1",
        "flyDir": "down",
        "headCol": 10,
        "headRow": 28,
        "tailCol": 8,
        "tailRow": 23,
        "stepCount": 0,
        "path": "right×1 → up×1 → right×1 → down×1",
        "disposed": true
      },
      {
        "index": 48,
        "label": "2",
        "round": "1",
        "flyDir": "up",
        "headCol": 5,
        "headRow": -12,
        "tailCol": 2,
        "tailRow": 2,
        "stepCount": 0,
        "path": "left×2 → up×2 → right×1 → down×1 → right×4 → up×1",
        "disposed": true
      },
      {
        "index": 49,
        "label": "1",
        "round": "1",
        "flyDir": "right",
        "headCol": 24,
        "headRow": 8,
        "tailCol": 8,
        "tailRow": 7,
        "stepCount": 0,
        "path": "down×3 → right×1 → up×2 → right×4",
        "disposed": true
      }
    ],
    "dependencies": {
      "0": null,
      "1": null,
      "2": null,
      "3": null,
      "4": null,
      "5": null,
      "6": null,
      "7": null,
      "8": null,
      "9": null,
      "10": null,
      "11": null,
      "12": null,
      "13": null,
      "14": null,
      "15": null,
      "16": 20,
      "17": null,
      "18": null,
      "19": null,
      "20": 16,
      "21": 20,
      "22": null,
      "23": null,
      "24": null,
      "25": null,
      "26": null,
      "27": null,
      "28": null,
      "29": null,
      "30": null,
      "31": null,
      "32": null,
      "33": null,
      "34": null,
      "35": null,
      "36": null,
      "37": null,
      "38": null,
      "39": null,
      "40": null,
      "41": null,
      "42": null,
      "43": null,
      "44": null,
      "45": null,
      "46": null,
      "47": null,
      "48": null,
      "49": null
    },
    "cycles": [
      "16 → 20 → 16"
    ]
  }
}