{
  "meta": {
    "version": 1,
    "exportedAt": "2026-06-16T04:47:01.613Z",
    "config": {
      "cols": 14,
      "rows": 24,
      "spacing": 25
    }
  },
  "initialState": {
    "totalLines": 54,
    "solvable": true,
    "lines": [
      {
        "index": 0,
        "label": "54",
        "round": "1-5-5",
        "flyDir": "right",
        "headCol": 9,
        "headRow": 10,
        "tailCol": 6,
        "tailRow": 13,
        "stepCount": 6,
        "path": "right×1 → up×3 → right×2",
        "disposed": false
      },
      {
        "index": 1,
        "label": "53",
        "round": "1-5-5",
        "flyDir": "left",
        "headCol": 4,
        "headRow": 10,
        "tailCol": 6,
        "tailRow": 10,
        "stepCount": 2,
        "path": "left×2",
        "disposed": false
      },
      {
        "index": 2,
        "label": "52",
        "round": "1-5-5",
        "flyDir": "right",
        "headCol": 9,
        "headRow": 13,
        "tailCol": 8,
        "tailRow": 13,
        "stepCount": 1,
        "path": "right×1",
        "disposed": false
      },
      {
        "index": 3,
        "label": "51",
        "round": "1-5-4",
        "flyDir": "up",
        "headCol": 6,
        "headRow": 4,
        "tailCol": 7,
        "tailRow": 4,
        "stepCount": 3,
        "path": "down×1 → left×1 → up×1",
        "disposed": false
      },
      {
        "index": 4,
        "label": "50",
        "round": "1-5-3",
        "flyDir": "down",
        "headCol": 5,
        "headRow": 18,
        "tailCol": 6,
        "tailRow": 17,
        "stepCount": 2,
        "path": "left×1 → down×1",
        "disposed": false
      },
      {
        "index": 5,
        "label": "49",
        "round": "1-5-2",
        "flyDir": "up",
        "headCol": 4,
        "headRow": 6,
        "tailCol": 4,
        "tailRow": 7,
        "stepCount": 1,
        "path": "up×1",
        "disposed": false
      },
      {
        "index": 6,
        "label": "48",
        "round": "1-5-1",
        "flyDir": "right",
        "headCol": 9,
        "headRow": 15,
        "tailCol": 8,
        "tailRow": 15,
        "stepCount": 1,
        "path": "right×1",
        "disposed": false
      },
      {
        "index": 7,
        "label": "47",
        "round": "1-5",
        "flyDir": "right",
        "headCol": 7,
        "headRow": 21,
        "tailCol": 6,
        "tailRow": 22,
        "stepCount": 2,
        "path": "up×1 → right×1",
        "disposed": false
      },
      {
        "index": 8,
        "label": "46",
        "round": "1-5",
        "flyDir": "left",
        "headCol": 2,
        "headRow": 16,
        "tailCol": 4,
        "tailRow": 16,
        "stepCount": 6,
        "path": "down×2 → left×1 → up×2 → left×1",
        "disposed": false
      },
      {
        "index": 9,
        "label": "45",
        "round": "1-5",
        "flyDir": "right",
        "headCol": 9,
        "headRow": 2,
        "tailCol": 5,
        "tailRow": 2,
        "stepCount": 6,
        "path": "right×1 → down×1 → right×1 → up×1 → right×2",
        "disposed": false
      },
      {
        "index": 10,
        "label": "44",
        "round": "1-5",
        "flyDir": "right",
        "headCol": 7,
        "headRow": 18,
        "tailCol": 6,
        "tailRow": 19,
        "stepCount": 2,
        "path": "up×1 → right×1",
        "disposed": false
      },
      {
        "index": 11,
        "label": "43",
        "round": "1-5",
        "flyDir": "down",
        "headCol": 11,
        "headRow": 14,
        "tailCol": 10,
        "tailRow": 13,
        "stepCount": 2,
        "path": "right×1 → down×1",
        "disposed": false
      },
      {
        "index": 12,
        "label": "42",
        "round": "1-5",
        "flyDir": "up",
        "headCol": 4,
        "headRow": 2,
        "tailCol": 5,
        "tailRow": 5,
        "stepCount": 6,
        "path": "left×1 → up×1 → right×1 → up×1 → left×1 → up×1",
        "disposed": false
      },
      {
        "index": 13,
        "label": "41",
        "round": "1-5",
        "flyDir": "left",
        "headCol": 3,
        "headRow": 21,
        "tailCol": 5,
        "tailRow": 19,
        "stepCount": 4,
        "path": "down×1 → left×1 → down×1 → left×1",
        "disposed": false
      },
      {
        "index": 14,
        "label": "40",
        "round": "1-5",
        "flyDir": "up",
        "headCol": 2,
        "headRow": 10,
        "tailCol": 4,
        "tailRow": 11,
        "stepCount": 9,
        "path": "right×2 → down×1 → left×4 → up×2",
        "disposed": false
      },
      {
        "index": 15,
        "label": "39",
        "round": "1-5",
        "flyDir": "down",
        "headCol": 10,
        "headRow": 16,
        "tailCol": 8,
        "tailRow": 16,
        "stepCount": 12,
        "path": "right×1 → down×1 → left×2 → up×3 → right×3 → down×2",
        "disposed": false
      },
      {
        "index": 16,
        "label": "38",
        "round": "1-5",
        "flyDir": "down",
        "headCol": 0,
        "headRow": 11,
        "tailCol": 0,
        "tailRow": 8,
        "stepCount": 3,
        "path": "down×3",
        "disposed": false
      },
      {
        "index": 17,
        "label": "37",
        "round": "1-5",
        "flyDir": "right",
        "headCol": 11,
        "headRow": 10,
        "tailCol": 9,
        "tailRow": 7,
        "stepCount": 7,
        "path": "down×1 → left×1 → down×1 → right×2 → down×1 → right×1",
        "disposed": false
      },
      {
        "index": 18,
        "label": "36",
        "round": "1-5",
        "flyDir": "left",
        "headCol": 4,
        "headRow": 13,
        "tailCol": 5,
        "tailRow": 13,
        "stepCount": 1,
        "path": "left×1",
        "disposed": false
      },
      {
        "index": 19,
        "label": "35",
        "round": "1-5",
        "flyDir": "left",
        "headCol": 2,
        "headRow": 19,
        "tailCol": 4,
        "tailRow": 19,
        "stepCount": 2,
        "path": "left×2",
        "disposed": false
      },
      {
        "index": 20,
        "label": "34",
        "round": "1-5",
        "flyDir": "up",
        "headCol": 2,
        "headRow": 7,
        "tailCol": 6,
        "tailRow": 8,
        "stepCount": 11,
        "path": "down×1 → right×1 → up×2 → left×2 → down×1 → left×3 → up×1",
        "disposed": false
      },
      {
        "index": 21,
        "label": "33",
        "round": "1-5",
        "flyDir": "right",
        "headCol": 10,
        "headRow": 12,
        "tailCol": 10,
        "tailRow": 11,
        "stepCount": 5,
        "path": "left×2 → down×1 → right×2",
        "disposed": false
      },
      {
        "index": 22,
        "label": "32",
        "round": "1-5",
        "flyDir": "right",
        "headCol": 7,
        "headRow": 6,
        "tailCol": 5,
        "tailRow": 6,
        "stepCount": 2,
        "path": "right×2",
        "disposed": false
      },
      {
        "index": 23,
        "label": "31",
        "round": "1-5",
        "flyDir": "up",
        "headCol": 3,
        "headRow": 10,
        "tailCol": 3,
        "tailRow": 11,
        "stepCount": 1,
        "path": "up×1",
        "disposed": false
      },
      {
        "index": 24,
        "label": "30",
        "round": "1-5",
        "flyDir": "left",
        "headCol": 5,
        "headRow": 14,
        "tailCol": 6,
        "tailRow": 16,
        "stepCount": 5,
        "path": "left×1 → up×1 → right×1 → up×1 → left×1",
        "disposed": false
      },
      {
        "index": 25,
        "label": "29",
        "round": "1-4",
        "flyDir": "right",
        "headCol": 13,
        "headRow": 8,
        "tailCol": 12,
        "tailRow": 8,
        "stepCount": 1,
        "path": "right×1",
        "disposed": false
      },
      {
        "index": 26,
        "label": "28",
        "round": "1-4",
        "flyDir": "up",
        "headCol": 13,
        "headRow": 5,
        "tailCol": 13,
        "tailRow": 6,
        "stepCount": 1,
        "path": "up×1",
        "disposed": false
      },
      {
        "index": 27,
        "label": "27",
        "round": "1-3",
        "flyDir": "left",
        "headCol": 9,
        "headRow": 4,
        "tailCol": 11,
        "tailRow": 4,
        "stepCount": 4,
        "path": "down×1 → left×1 → up×1 → left×1",
        "disposed": false
      },
      {
        "index": 28,
        "label": "26",
        "round": "1-2",
        "flyDir": "up",
        "headCol": 13,
        "headRow": 12,
        "tailCol": 13,
        "tailRow": 13,
        "stepCount": 1,
        "path": "up×1",
        "disposed": false
      },
      {
        "index": 29,
        "label": "25",
        "round": "1-1",
        "flyDir": "left",
        "headCol": 1,
        "headRow": 14,
        "tailCol": 2,
        "tailRow": 14,
        "stepCount": 1,
        "path": "left×1",
        "disposed": false
      },
      {
        "index": 30,
        "label": "24",
        "round": "1",
        "flyDir": "right",
        "headCol": 13,
        "headRow": 11,
        "tailCol": 11,
        "tailRow": 11,
        "stepCount": 2,
        "path": "right×2",
        "disposed": false
      },
      {
        "index": 31,
        "label": "23",
        "round": "1",
        "flyDir": "right",
        "headCol": 13,
        "headRow": 19,
        "tailCol": 10,
        "tailRow": 17,
        "stepCount": 17,
        "path": "right×3 → down×1 → left×5 → down×1 → right×1 → down×1 → right×1 → up×1 → right×3",
        "disposed": false
      },
      {
        "index": 32,
        "label": "22",
        "round": "1",
        "flyDir": "right",
        "headCol": 13,
        "headRow": 16,
        "tailCol": 11,
        "tailRow": 16,
        "stepCount": 4,
        "path": "up×1 → right×1 → down×1 → right×1",
        "disposed": false
      },
      {
        "index": 33,
        "label": "21",
        "round": "1",
        "flyDir": "up",
        "headCol": 8,
        "headRow": 0,
        "tailCol": 7,
        "tailRow": 1,
        "stepCount": 2,
        "path": "right×1 → up×1",
        "disposed": false
      },
      {
        "index": 34,
        "label": "20",
        "round": "1",
        "flyDir": "up",
        "headCol": 9,
        "headRow": 0,
        "tailCol": 8,
        "tailRow": 6,
        "stepCount": 11,
        "path": "right×1 → up×1 → left×1 → up×2 → right×2 → up×2 → left×1 → up×1",
        "disposed": false
      },
      {
        "index": 35,
        "label": "19",
        "round": "1",
        "flyDir": "down",
        "headCol": 2,
        "headRow": 23,
        "tailCol": 3,
        "tailRow": 20,
        "stepCount": 4,
        "path": "left×1 → down×3",
        "disposed": false
      },
      {
        "index": 36,
        "label": "18",
        "round": "1",
        "flyDir": "right",
        "headCol": 13,
        "headRow": 4,
        "tailCol": 11,
        "tailRow": 7,
        "stepCount": 5,
        "path": "right×1 → up×3 → right×1",
        "disposed": false
      },
      {
        "index": 37,
        "label": "17",
        "round": "1",
        "flyDir": "left",
        "headCol": 0,
        "headRow": 16,
        "tailCol": 2,
        "tailRow": 15,
        "stepCount": 13,
        "path": "right×2 → up×1 → left×1 → up×1 → left×3 → down×2 → right×1 → down×1 → left×1",
        "disposed": false
      },
      {
        "index": 38,
        "label": "16",
        "round": "1",
        "flyDir": "left",
        "headCol": 0,
        "headRow": 23,
        "tailCol": 0,
        "tailRow": 22,
        "stepCount": 3,
        "path": "right×1 → down×1 → left×1",
        "disposed": false
      },
      {
        "index": 39,
        "label": "15",
        "round": "1",
        "flyDir": "left",
        "headCol": 0,
        "headRow": 20,
        "tailCol": 0,
        "tailRow": 19,
        "stepCount": 9,
        "path": "up×2 → right×2 → down×1 → left×1 → down×2 → left×1",
        "disposed": false
      },
      {
        "index": 40,
        "label": "14",
        "round": "1",
        "flyDir": "right",
        "headCol": 13,
        "headRow": 0,
        "tailCol": 12,
        "tailRow": 2,
        "stepCount": 11,
        "path": "left×1 → down×1 → right×2 → up×2 → left×2 → up×1 → right×2",
        "disposed": false
      },
      {
        "index": 41,
        "label": "13",
        "round": "1",
        "flyDir": "right",
        "headCol": 13,
        "headRow": 23,
        "tailCol": 12,
        "tailRow": 23,
        "stepCount": 1,
        "path": "right×1",
        "disposed": false
      },
      {
        "index": 42,
        "label": "12",
        "round": "1",
        "flyDir": "right",
        "headCol": 13,
        "headRow": 14,
        "tailCol": 11,
        "tailRow": 12,
        "stepCount": 4,
        "path": "right×1 → down×2 → right×1",
        "disposed": false
      },
      {
        "index": 43,
        "label": "11",
        "round": "1",
        "flyDir": "left",
        "headCol": 0,
        "headRow": 21,
        "tailCol": 1,
        "tailRow": 21,
        "stepCount": 1,
        "path": "left×1",
        "disposed": false
      },
      {
        "index": 44,
        "label": "10",
        "round": "1",
        "flyDir": "left",
        "headCol": 0,
        "headRow": 12,
        "tailCol": 4,
        "tailRow": 9,
        "stepCount": 7,
        "path": "left×3 → down×3 → left×1",
        "disposed": false
      },
      {
        "index": 45,
        "label": "9",
        "round": "1",
        "flyDir": "up",
        "headCol": 4,
        "headRow": 0,
        "tailCol": 5,
        "tailRow": 0,
        "stepCount": 3,
        "path": "down×1 → left×1 → up×1",
        "disposed": false
      },
      {
        "index": 46,
        "label": "8",
        "round": "1",
        "flyDir": "left",
        "headCol": 0,
        "headRow": 2,
        "tailCol": 3,
        "tailRow": 7,
        "stepCount": 18,
        "path": "up×3 → left×2 → down×1 → right×1 → down×1 → left×1 → down×1 → left×1 → up×4 → right×1 → up×1 → left×1",
        "disposed": false
      },
      {
        "index": 47,
        "label": "7",
        "round": "1",
        "flyDir": "right",
        "headCol": 13,
        "headRow": 22,
        "tailCol": 13,
        "tailRow": 21,
        "stepCount": 3,
        "path": "left×1 → down×1 → right×1",
        "disposed": false
      },
      {
        "index": 48,
        "label": "6",
        "round": "1",
        "flyDir": "down",
        "headCol": 8,
        "headRow": 23,
        "tailCol": 3,
        "tailRow": 23,
        "stepCount": 9,
        "path": "up×1 → right×2 → down×1 → right×2 → up×1 → right×1 → down×1",
        "disposed": false
      },
      {
        "index": 49,
        "label": "5",
        "round": "1",
        "flyDir": "left",
        "headCol": 0,
        "headRow": 1,
        "tailCol": 2,
        "tailRow": 0,
        "stepCount": 3,
        "path": "left×1 → down×1 → left×1",
        "disposed": false
      },
      {
        "index": 50,
        "label": "4",
        "round": "1",
        "flyDir": "up",
        "headCol": 3,
        "headRow": 0,
        "tailCol": 2,
        "tailRow": 2,
        "stepCount": 5,
        "path": "down×1 → right×1 → up×3",
        "disposed": false
      },
      {
        "index": 51,
        "label": "3",
        "round": "1",
        "flyDir": "right",
        "headCol": 13,
        "headRow": 20,
        "tailCol": 7,
        "tailRow": 19,
        "stepCount": 15,
        "path": "down×1 → right×1 → down×1 → right×2 → down×1 → left×1 → down×1 → right×2 → up×3 → right×2",
        "disposed": false
      },
      {
        "index": 52,
        "label": "2",
        "round": "1",
        "flyDir": "up",
        "headCol": 6,
        "headRow": 0,
        "tailCol": 6,
        "tailRow": 1,
        "stepCount": 1,
        "path": "up×1",
        "disposed": false
      },
      {
        "index": 53,
        "label": "1",
        "round": "1",
        "flyDir": "right",
        "headCol": 13,
        "headRow": 10,
        "tailCol": 11,
        "tailRow": 6,
        "stepCount": 8,
        "path": "left×1 → down×2 → right×1 → down×1 → right×1 → down×1 → right×1",
        "disposed": false
      }
    ],
    "dependencies": {
      "0": 17,
      "1": 23,
      "2": 11,
      "3": 9,
      "4": 13,
      "5": 12,
      "6": 15,
      "7": 51,
      "8": 37,
      "9": 34,
      "10": 31,
      "11": 32,
      "12": 45,
      "13": 35,
      "14": 44,
      "15": 31,
      "16": 44,
      "17": 53,
      "18": 37,
      "19": 39,
      "20": 46,
      "21": 42,
      "22": 34,
      "23": 44,
      "24": 37,
      "25": null,
      "26": 36,
      "27": 34,
      "28": 30,
      "29": 37,
      "30": null,
      "31": null,
      "32": null,
      "33": null,
      "34": null,
      "35": null,
      "36": null,
      "37": null,
      "38": null,
      "39": null,
      "40": null,
      "41": null,
      "42": null,
      "43": null,
      "44": null,
      "45": null,
      "46": null,
      "47": null,
      "48": null,
      "49": null,
      "50": null,
      "51": null,
      "52": null,
      "53": null
    },
    "cycles": []
  },
  "summary": {
    "phase": "mid-execution",
    "totalEvents": 559,
    "clicks": 54,
    "advances": 443,
    "retreats": 8,
    "collisions": 4,
    "disposals": 50,
    "linesInBounds": 4,
    "linesOutOfBounds": 0,
    "linesDisposed": 50
  },
  "batches": [
    {
      "round": "1",
      "region": "全棋盘",
      "regionSize": 336,
      "count": 24,
      "labels": "[1-24]",
      "cells": []
    },
    {
      "round": "1-1",
      "region": "空区(2格)",
      "regionSize": 2,
      "count": 1,
      "labels": "[25-25]",
      "cells": [
        [
          1,
          14
        ],
        [
          2,
          14
        ]
      ]
    },
    {
      "round": "1-2",
      "region": "空区(2格)",
      "regionSize": 2,
      "count": 1,
      "labels": "[26-26]",
      "cells": [
        [
          13,
          12
        ],
        [
          13,
          13
        ]
      ]
    },
    {
      "round": "1-3",
      "region": "空区(5格)",
      "regionSize": 5,
      "count": 1,
      "labels": "[27-27]",
      "cells": [
        [
          9,
          4
        ],
        [
          10,
          4
        ],
        [
          11,
          4
        ],
        [
          10,
          5
        ],
        [
          11,
          5
        ]
      ]
    },
    {
      "round": "1-4",
      "region": "空区(6格)",
      "regionSize": 6,
      "count": 2,
      "labels": "[28-29]",
      "cells": [
        [
          13,
          5
        ],
        [
          13,
          6
        ],
        [
          13,
          7
        ],
        [
          13,
          8
        ],
        [
          12,
          8
        ],
        [
          13,
          9
        ]
      ]
    },
    {
      "round": "1-5",
      "region": "空区(132格)",
      "regionSize": 132,
      "count": 18,
      "labels": "[30-47]",
      "cells": [
        [
          4,
          2
        ],
        [
          5,
          2
        ],
        [
          4,
          3
        ],
        [
          6,
          2
        ],
        [
          5,
          3
        ],
        [
          4,
          4
        ],
        [
          7,
          2
        ],
        [
          6,
          3
        ],
        [
          5,
          4
        ],
        [
          4,
          5
        ],
        [
          8,
          2
        ],
        [
          7,
          3
        ],
        [
          6,
          4
        ],
        [
          5,
          5
        ],
        [
          4,
          6
        ],
        [
          9,
          2
        ],
        [
          7,
          4
        ],
        [
          6,
          5
        ],
        [
          5,
          6
        ],
        [
          4,
          7
        ],
        [
          7,
          5
        ],
        [
          6,
          6
        ],
        [
          5,
          7
        ],
        [
          4,
          8
        ],
        [
          7,
          6
        ],
        [
          6,
          7
        ],
        [
          5,
          8
        ],
        [
          3,
          8
        ],
        [
          7,
          7
        ],
        [
          6,
          8
        ],
        [
          5,
          9
        ],
        [
          2,
          8
        ],
        [
          8,
          7
        ],
        [
          7,
          8
        ],
        [
          6,
          9
        ],
        [
          5,
          10
        ],
        [
          1,
          8
        ],
        [
          2,
          7
        ],
        [
          9,
          7
        ],
        [
          8,
          8
        ],
        [
          7,
          9
        ],
        [
          6,
          10
        ],
        [
          4,
          10
        ],
        [
          5,
          11
        ],
        [
          0,
          8
        ],
        [
          9,
          8
        ],
        [
          8,
          9
        ],
        [
          7,
          10
        ],
        [
          6,
          11
        ],
        [
          3,
          10
        ],
        [
          4,
          11
        ],
        [
          5,
          12
        ],
        [
          0,
          9
        ],
        [
          9,
          9
        ],
        [
          8,
          10
        ],
        [
          7,
          11
        ],
        [
          6,
          12
        ],
        [
          2,
          10
        ],
        [
          3,
          11
        ],
        [
          4,
          12
        ],
        [
          5,
          13
        ],
        [
          0,
          10
        ],
        [
          10,
          9
        ],
        [
          9,
          10
        ],
        [
          8,
          11
        ],
        [
          7,
          12
        ],
        [
          6,
          13
        ],
        [
          2,
          11
        ],
        [
          3,
          12
        ],
        [
          4,
          13
        ],
        [
          5,
          14
        ],
        [
          0,
          11
        ],
        [
          10,
          10
        ],
        [
          9,
          11
        ],
        [
          8,
          12
        ],
        [
          7,
          13
        ],
        [
          6,
          14
        ],
        [
          2,
          12
        ],
        [
          5,
          15
        ],
        [
          11,
          10
        ],
        [
          10,
          11
        ],
        [
          9,
          12
        ],
        [
          8,
          13
        ],
        [
          7,
          14
        ],
        [
          6,
          15
        ],
        [
          5,
          16
        ],
        [
          10,
          12
        ],
        [
          9,
          13
        ],
        [
          8,
          14
        ],
        [
          7,
          15
        ],
        [
          6,
          16
        ],
        [
          4,
          16
        ],
        [
          5,
          17
        ],
        [
          10,
          13
        ],
        [
          9,
          14
        ],
        [
          8,
          15
        ],
        [
          7,
          16
        ],
        [
          6,
          17
        ],
        [
          3,
          16
        ],
        [
          4,
          17
        ],
        [
          5,
          18
        ],
        [
          11,
          13
        ],
        [
          10,
          14
        ],
        [
          9,
          15
        ],
        [
          8,
          16
        ],
        [
          7,
          17
        ],
        [
          6,
          18
        ],
        [
          2,
          16
        ],
        [
          3,
          17
        ],
        [
          4,
          18
        ],
        [
          5,
          19
        ],
        [
          11,
          14
        ],
        [
          10,
          15
        ],
        [
          9,
          16
        ],
        [
          8,
          17
        ],
        [
          7,
          18
        ],
        [
          6,
          19
        ],
        [
          3,
          18
        ],
        [
          4,
          19
        ],
        [
          5,
          20
        ],
        [
          10,
          16
        ],
        [
          9,
          17
        ],
        [
          6,
          20
        ],
        [
          3,
          19
        ],
        [
          4,
          20
        ],
        [
          5,
          21
        ],
        [
          6,
          21
        ],
        [
          2,
          19
        ],
        [
          4,
          21
        ],
        [
          7,
          21
        ],
        [
          6,
          22
        ],
        [
          3,
          21
        ]
      ]
    },
    {
      "round": "1-5-1",
      "region": "空区(2格)",
      "regionSize": 2,
      "count": 1,
      "labels": "[48-48]",
      "cells": [
        [
          8,
          15
        ],
        [
          9,
          15
        ]
      ]
    },
    {
      "round": "1-5-2",
      "region": "空区(2格)",
      "regionSize": 2,
      "count": 1,
      "labels": "[49-49]",
      "cells": [
        [
          4,
          6
        ],
        [
          4,
          7
        ]
      ]
    },
    {
      "round": "1-5-3",
      "region": "空区(3格)",
      "regionSize": 3,
      "count": 1,
      "labels": "[50-50]",
      "cells": [
        [
          5,
          17
        ],
        [
          6,
          17
        ],
        [
          5,
          18
        ]
      ]
    },
    {
      "round": "1-5-4",
      "region": "空区(4格)",
      "regionSize": 4,
      "count": 1,
      "labels": "[51-51]",
      "cells": [
        [
          6,
          4
        ],
        [
          7,
          4
        ],
        [
          6,
          5
        ],
        [
          7,
          5
        ]
      ]
    },
    {
      "round": "1-5-5",
      "region": "空区(13格)",
      "regionSize": 13,
      "count": 3,
      "labels": "[52-54]",
      "cells": [
        [
          5,
          9
        ],
        [
          5,
          10
        ],
        [
          6,
          10
        ],
        [
          4,
          10
        ],
        [
          7,
          10
        ],
        [
          8,
          10
        ],
        [
          7,
          11
        ],
        [
          9,
          10
        ],
        [
          7,
          12
        ],
        [
          7,
          13
        ],
        [
          8,
          13
        ],
        [
          6,
          13
        ],
        [
          9,
          13
        ]
      ]
    }
  ],
  "events": [
    {
      "seq": 1,
      "type": "click",
      "label": "1",
      "ts": 1797,
      "detail": {}
    },
    {
      "seq": 2,
      "type": "advance",
      "label": "1",
      "ts": 1797,
      "detail": {
        "headBefore": [
          13,
          10
        ],
        "headAfter": [
          14,
          10
        ],
        "tailBefore": [
          11,
          6
        ],
        "tailAfter": [
          10,
          6
        ],
        "dir": "right"
      }
    },
    {
      "seq": 3,
      "type": "advance",
      "label": "1",
      "ts": 1838,
      "detail": {
        "headBefore": [
          14,
          10
        ],
        "headAfter": [
          15,
          10
        ],
        "tailBefore": [
          10,
          6
        ],
        "tailAfter": [
          10,
          7
        ],
        "dir": "right"
      }
    },
    {
      "seq": 4,
      "type": "advance",
      "label": "1",
      "ts": 1888,
      "detail": {
        "headBefore": [
          15,
          10
        ],
        "headAfter": [
          16,
          10
        ],
        "tailBefore": [
          10,
          7
        ],
        "tailAfter": [
          10,
          8
        ],
        "dir": "right"
      }
    },
    {
      "seq": 5,
      "type": "advance",
      "label": "1",
      "ts": 1938,
      "detail": {
        "headBefore": [
          16,
          10
        ],
        "headAfter": [
          17,
          10
        ],
        "tailBefore": [
          10,
          8
        ],
        "tailAfter": [
          11,
          8
        ],
        "dir": "right"
      }
    },
    {
      "seq": 6,
      "type": "advance",
      "label": "1",
      "ts": 1988,
      "detail": {
        "headBefore": [
          17,
          10
        ],
        "headAfter": [
          18,
          10
        ],
        "tailBefore": [
          11,
          8
        ],
        "tailAfter": [
          11,
          9
        ],
        "dir": "right"
      }
    },
    {
      "seq": 7,
      "type": "advance",
      "label": "1",
      "ts": 2038,
      "detail": {
        "headBefore": [
          18,
          10
        ],
        "headAfter": [
          19,
          10
        ],
        "tailBefore": [
          11,
          9
        ],
        "tailAfter": [
          12,
          9
        ],
        "dir": "right"
      }
    },
    {
      "seq": 8,
      "type": "advance",
      "label": "1",
      "ts": 2089,
      "detail": {
        "headBefore": [
          19,
          10
        ],
        "headAfter": [
          20,
          10
        ],
        "tailBefore": [
          12,
          9
        ],
        "tailAfter": [
          12,
          10
        ],
        "dir": "right"
      }
    },
    {
      "seq": 9,
      "type": "advance",
      "label": "1",
      "ts": 2139,
      "detail": {
        "headBefore": [
          20,
          10
        ],
        "headAfter": [
          21,
          10
        ],
        "tailBefore": [
          12,
          10
        ],
        "tailAfter": [
          13,
          10
        ],
        "dir": "right"
      }
    },
    {
      "seq": 10,
      "type": "advance",
      "label": "1",
      "ts": 2189,
      "detail": {
        "headBefore": [
          21,
          10
        ],
        "headAfter": [
          22,
          10
        ],
        "tailBefore": [
          13,
          10
        ],
        "tailAfter": [
          14,
          10
        ],
        "dir": "right"
      }
    },
    {
      "seq": 11,
      "type": "dispose",
      "label": "1",
      "ts": 2189,
      "detail": {}
    },
    {
      "seq": 12,
      "type": "click",
      "label": "2",
      "ts": 2288,
      "detail": {}
    },
    {
      "seq": 13,
      "type": "advance",
      "label": "2",
      "ts": 2289,
      "detail": {
        "headBefore": [
          6,
          0
        ],
        "headAfter": [
          6,
          -1
        ],
        "tailBefore": [
          6,
          1
        ],
        "tailAfter": [
          6,
          0
        ],
        "dir": "up"
      }
    },
    {
      "seq": 14,
      "type": "advance",
      "label": "2",
      "ts": 2355,
      "detail": {
        "headBefore": [
          6,
          -1
        ],
        "headAfter": [
          6,
          -2
        ],
        "tailBefore": [
          6,
          0
        ],
        "tailAfter": [
          6,
          -1
        ],
        "dir": "up"
      }
    },
    {
      "seq": 15,
      "type": "dispose",
      "label": "2",
      "ts": 2355,
      "detail": {}
    },
    {
      "seq": 16,
      "type": "click",
      "label": "3",
      "ts": 2788,
      "detail": {}
    },
    {
      "seq": 17,
      "type": "advance",
      "label": "3",
      "ts": 2789,
      "detail": {
        "headBefore": [
          13,
          20
        ],
        "headAfter": [
          14,
          20
        ],
        "tailBefore": [
          7,
          19
        ],
        "tailAfter": [
          7,
          20
        ],
        "dir": "right"
      }
    },
    {
      "seq": 18,
      "type": "advance",
      "label": "3",
      "ts": 2839,
      "detail": {
        "headBefore": [
          14,
          20
        ],
        "headAfter": [
          15,
          20
        ],
        "tailBefore": [
          7,
          20
        ],
        "tailAfter": [
          8,
          20
        ],
        "dir": "right"
      }
    },
    {
      "seq": 19,
      "type": "advance",
      "label": "3",
      "ts": 2889,
      "detail": {
        "headBefore": [
          15,
          20
        ],
        "headAfter": [
          16,
          20
        ],
        "tailBefore": [
          8,
          20
        ],
        "tailAfter": [
          8,
          21
        ],
        "dir": "right"
      }
    },
    {
      "seq": 20,
      "type": "advance",
      "label": "3",
      "ts": 2939,
      "detail": {
        "headBefore": [
          16,
          20
        ],
        "headAfter": [
          17,
          20
        ],
        "tailBefore": [
          8,
          21
        ],
        "tailAfter": [
          9,
          21
        ],
        "dir": "right"
      }
    },
    {
      "seq": 21,
      "type": "advance",
      "label": "3",
      "ts": 2989,
      "detail": {
        "headBefore": [
          17,
          20
        ],
        "headAfter": [
          18,
          20
        ],
        "tailBefore": [
          9,
          21
        ],
        "tailAfter": [
          10,
          21
        ],
        "dir": "right"
      }
    },
    {
      "seq": 22,
      "type": "advance",
      "label": "3",
      "ts": 3039,
      "detail": {
        "headBefore": [
          18,
          20
        ],
        "headAfter": [
          19,
          20
        ],
        "tailBefore": [
          10,
          21
        ],
        "tailAfter": [
          10,
          22
        ],
        "dir": "right"
      }
    },
    {
      "seq": 23,
      "type": "advance",
      "label": "3",
      "ts": 3106,
      "detail": {
        "headBefore": [
          19,
          20
        ],
        "headAfter": [
          20,
          20
        ],
        "tailBefore": [
          10,
          22
        ],
        "tailAfter": [
          9,
          22
        ],
        "dir": "right"
      }
    },
    {
      "seq": 24,
      "type": "advance",
      "label": "3",
      "ts": 3156,
      "detail": {
        "headBefore": [
          20,
          20
        ],
        "headAfter": [
          21,
          20
        ],
        "tailBefore": [
          9,
          22
        ],
        "tailAfter": [
          9,
          23
        ],
        "dir": "right"
      }
    },
    {
      "seq": 25,
      "type": "advance",
      "label": "3",
      "ts": 3206,
      "detail": {
        "headBefore": [
          21,
          20
        ],
        "headAfter": [
          22,
          20
        ],
        "tailBefore": [
          9,
          23
        ],
        "tailAfter": [
          10,
          23
        ],
        "dir": "right"
      }
    },
    {
      "seq": 26,
      "type": "advance",
      "label": "3",
      "ts": 3256,
      "detail": {
        "headBefore": [
          22,
          20
        ],
        "headAfter": [
          23,
          20
        ],
        "tailBefore": [
          10,
          23
        ],
        "tailAfter": [
          11,
          23
        ],
        "dir": "right"
      }
    },
    {
      "seq": 27,
      "type": "click",
      "label": "4",
      "ts": 3289,
      "detail": {}
    },
    {
      "seq": 28,
      "type": "advance",
      "label": "4",
      "ts": 3289,
      "detail": {
        "headBefore": [
          3,
          0
        ],
        "headAfter": [
          3,
          -1
        ],
        "tailBefore": [
          2,
          2
        ],
        "tailAfter": [
          2,
          3
        ],
        "dir": "up"
      }
    },
    {
      "seq": 29,
      "type": "advance",
      "label": "3",
      "ts": 3322,
      "detail": {
        "headBefore": [
          23,
          20
        ],
        "headAfter": [
          24,
          20
        ],
        "tailBefore": [
          11,
          23
        ],
        "tailAfter": [
          11,
          22
        ],
        "dir": "right"
      }
    },
    {
      "seq": 30,
      "type": "advance",
      "label": "4",
      "ts": 3339,
      "detail": {
        "headBefore": [
          3,
          -1
        ],
        "headAfter": [
          3,
          -2
        ],
        "tailBefore": [
          2,
          3
        ],
        "tailAfter": [
          3,
          3
        ],
        "dir": "up"
      }
    },
    {
      "seq": 31,
      "type": "advance",
      "label": "3",
      "ts": 3373,
      "detail": {
        "headBefore": [
          24,
          20
        ],
        "headAfter": [
          25,
          20
        ],
        "tailBefore": [
          11,
          22
        ],
        "tailAfter": [
          11,
          21
        ],
        "dir": "right"
      }
    },
    {
      "seq": 32,
      "type": "advance",
      "label": "4",
      "ts": 3389,
      "detail": {
        "headBefore": [
          3,
          -2
        ],
        "headAfter": [
          3,
          -3
        ],
        "tailBefore": [
          3,
          3
        ],
        "tailAfter": [
          3,
          2
        ],
        "dir": "up"
      }
    },
    {
      "seq": 33,
      "type": "advance",
      "label": "3",
      "ts": 3423,
      "detail": {
        "headBefore": [
          25,
          20
        ],
        "headAfter": [
          26,
          20
        ],
        "tailBefore": [
          11,
          21
        ],
        "tailAfter": [
          11,
          20
        ],
        "dir": "right"
      }
    },
    {
      "seq": 34,
      "type": "advance",
      "label": "4",
      "ts": 3439,
      "detail": {
        "headBefore": [
          3,
          -3
        ],
        "headAfter": [
          3,
          -4
        ],
        "tailBefore": [
          3,
          2
        ],
        "tailAfter": [
          3,
          1
        ],
        "dir": "up"
      }
    },
    {
      "seq": 35,
      "type": "advance",
      "label": "3",
      "ts": 3473,
      "detail": {
        "headBefore": [
          26,
          20
        ],
        "headAfter": [
          27,
          20
        ],
        "tailBefore": [
          11,
          20
        ],
        "tailAfter": [
          12,
          20
        ],
        "dir": "right"
      }
    },
    {
      "seq": 36,
      "type": "advance",
      "label": "4",
      "ts": 3490,
      "detail": {
        "headBefore": [
          3,
          -4
        ],
        "headAfter": [
          3,
          -5
        ],
        "tailBefore": [
          3,
          1
        ],
        "tailAfter": [
          3,
          0
        ],
        "dir": "up"
      }
    },
    {
      "seq": 37,
      "type": "advance",
      "label": "3",
      "ts": 3523,
      "detail": {
        "headBefore": [
          27,
          20
        ],
        "headAfter": [
          28,
          20
        ],
        "tailBefore": [
          12,
          20
        ],
        "tailAfter": [
          13,
          20
        ],
        "dir": "right"
      }
    },
    {
      "seq": 38,
      "type": "advance",
      "label": "4",
      "ts": 3540,
      "detail": {
        "headBefore": [
          3,
          -5
        ],
        "headAfter": [
          3,
          -6
        ],
        "tailBefore": [
          3,
          0
        ],
        "tailAfter": [
          3,
          -1
        ],
        "dir": "up"
      }
    },
    {
      "seq": 39,
      "type": "dispose",
      "label": "4",
      "ts": 3540,
      "detail": {}
    },
    {
      "seq": 40,
      "type": "advance",
      "label": "3",
      "ts": 3573,
      "detail": {
        "headBefore": [
          28,
          20
        ],
        "headAfter": [
          29,
          20
        ],
        "tailBefore": [
          13,
          20
        ],
        "tailAfter": [
          14,
          20
        ],
        "dir": "right"
      }
    },
    {
      "seq": 41,
      "type": "dispose",
      "label": "3",
      "ts": 3573,
      "detail": {}
    },
    {
      "seq": 42,
      "type": "click",
      "label": "5",
      "ts": 3789,
      "detail": {}
    },
    {
      "seq": 43,
      "type": "advance",
      "label": "5",
      "ts": 3790,
      "detail": {
        "headBefore": [
          0,
          1
        ],
        "headAfter": [
          -1,
          1
        ],
        "tailBefore": [
          2,
          0
        ],
        "tailAfter": [
          1,
          0
        ],
        "dir": "left"
      }
    },
    {
      "seq": 44,
      "type": "advance",
      "label": "5",
      "ts": 3839,
      "detail": {
        "headBefore": [
          -1,
          1
        ],
        "headAfter": [
          -2,
          1
        ],
        "tailBefore": [
          1,
          0
        ],
        "tailAfter": [
          1,
          1
        ],
        "dir": "left"
      }
    },
    {
      "seq": 45,
      "type": "advance",
      "label": "5",
      "ts": 3889,
      "detail": {
        "headBefore": [
          -2,
          1
        ],
        "headAfter": [
          -3,
          1
        ],
        "tailBefore": [
          1,
          1
        ],
        "tailAfter": [
          0,
          1
        ],
        "dir": "left"
      }
    },
    {
      "seq": 46,
      "type": "advance",
      "label": "5",
      "ts": 3940,
      "detail": {
        "headBefore": [
          -3,
          1
        ],
        "headAfter": [
          -4,
          1
        ],
        "tailBefore": [
          0,
          1
        ],
        "tailAfter": [
          -1,
          1
        ],
        "dir": "left"
      }
    },
    {
      "seq": 47,
      "type": "dispose",
      "label": "5",
      "ts": 3940,
      "detail": {}
    },
    {
      "seq": 48,
      "type": "click",
      "label": "6",
      "ts": 4289,
      "detail": {}
    },
    {
      "seq": 49,
      "type": "advance",
      "label": "6",
      "ts": 4290,
      "detail": {
        "headBefore": [
          8,
          23
        ],
        "headAfter": [
          8,
          24
        ],
        "tailBefore": [
          3,
          23
        ],
        "tailAfter": [
          3,
          22
        ],
        "dir": "down"
      }
    },
    {
      "seq": 50,
      "type": "advance",
      "label": "6",
      "ts": 4340,
      "detail": {
        "headBefore": [
          8,
          24
        ],
        "headAfter": [
          8,
          25
        ],
        "tailBefore": [
          3,
          22
        ],
        "tailAfter": [
          4,
          22
        ],
        "dir": "down"
      }
    },
    {
      "seq": 51,
      "type": "advance",
      "label": "6",
      "ts": 4407,
      "detail": {
        "headBefore": [
          8,
          25
        ],
        "headAfter": [
          8,
          26
        ],
        "tailBefore": [
          4,
          22
        ],
        "tailAfter": [
          5,
          22
        ],
        "dir": "down"
      }
    },
    {
      "seq": 52,
      "type": "advance",
      "label": "6",
      "ts": 4457,
      "detail": {
        "headBefore": [
          8,
          26
        ],
        "headAfter": [
          8,
          27
        ],
        "tailBefore": [
          5,
          22
        ],
        "tailAfter": [
          5,
          23
        ],
        "dir": "down"
      }
    },
    {
      "seq": 53,
      "type": "advance",
      "label": "6",
      "ts": 4507,
      "detail": {
        "headBefore": [
          8,
          27
        ],
        "headAfter": [
          8,
          28
        ],
        "tailBefore": [
          5,
          23
        ],
        "tailAfter": [
          6,
          23
        ],
        "dir": "down"
      }
    },
    {
      "seq": 54,
      "type": "advance",
      "label": "6",
      "ts": 4557,
      "detail": {
        "headBefore": [
          8,
          28
        ],
        "headAfter": [
          8,
          29
        ],
        "tailBefore": [
          6,
          23
        ],
        "tailAfter": [
          7,
          23
        ],
        "dir": "down"
      }
    },
    {
      "seq": 55,
      "type": "advance",
      "label": "6",
      "ts": 4607,
      "detail": {
        "headBefore": [
          8,
          29
        ],
        "headAfter": [
          8,
          30
        ],
        "tailBefore": [
          7,
          23
        ],
        "tailAfter": [
          7,
          22
        ],
        "dir": "down"
      }
    },
    {
      "seq": 56,
      "type": "advance",
      "label": "6",
      "ts": 4674,
      "detail": {
        "headBefore": [
          8,
          30
        ],
        "headAfter": [
          8,
          31
        ],
        "tailBefore": [
          7,
          22
        ],
        "tailAfter": [
          8,
          22
        ],
        "dir": "down"
      }
    },
    {
      "seq": 57,
      "type": "advance",
      "label": "6",
      "ts": 4724,
      "detail": {
        "headBefore": [
          8,
          31
        ],
        "headAfter": [
          8,
          32
        ],
        "tailBefore": [
          8,
          22
        ],
        "tailAfter": [
          8,
          23
        ],
        "dir": "down"
      }
    },
    {
      "seq": 58,
      "type": "advance",
      "label": "6",
      "ts": 4774,
      "detail": {
        "headBefore": [
          8,
          32
        ],
        "headAfter": [
          8,
          33
        ],
        "tailBefore": [
          8,
          23
        ],
        "tailAfter": [
          8,
          24
        ],
        "dir": "down"
      }
    },
    {
      "seq": 59,
      "type": "dispose",
      "label": "6",
      "ts": 4774,
      "detail": {}
    },
    {
      "seq": 60,
      "type": "click",
      "label": "7",
      "ts": 4790,
      "detail": {}
    },
    {
      "seq": 61,
      "type": "advance",
      "label": "7",
      "ts": 4791,
      "detail": {
        "headBefore": [
          13,
          22
        ],
        "headAfter": [
          14,
          22
        ],
        "tailBefore": [
          13,
          21
        ],
        "tailAfter": [
          12,
          21
        ],
        "dir": "right"
      }
    },
    {
      "seq": 62,
      "type": "advance",
      "label": "7",
      "ts": 4840,
      "detail": {
        "headBefore": [
          14,
          22
        ],
        "headAfter": [
          15,
          22
        ],
        "tailBefore": [
          12,
          21
        ],
        "tailAfter": [
          12,
          22
        ],
        "dir": "right"
      }
    },
    {
      "seq": 63,
      "type": "advance",
      "label": "7",
      "ts": 4891,
      "detail": {
        "headBefore": [
          15,
          22
        ],
        "headAfter": [
          16,
          22
        ],
        "tailBefore": [
          12,
          22
        ],
        "tailAfter": [
          13,
          22
        ],
        "dir": "right"
      }
    },
    {
      "seq": 64,
      "type": "advance",
      "label": "7",
      "ts": 4941,
      "detail": {
        "headBefore": [
          16,
          22
        ],
        "headAfter": [
          17,
          22
        ],
        "tailBefore": [
          13,
          22
        ],
        "tailAfter": [
          14,
          22
        ],
        "dir": "right"
      }
    },
    {
      "seq": 65,
      "type": "dispose",
      "label": "7",
      "ts": 4941,
      "detail": {}
    },
    {
      "seq": 66,
      "type": "click",
      "label": "8",
      "ts": 5290,
      "detail": {}
    },
    {
      "seq": 67,
      "type": "advance",
      "label": "8",
      "ts": 5291,
      "detail": {
        "headBefore": [
          0,
          2
        ],
        "headAfter": [
          -1,
          2
        ],
        "tailBefore": [
          3,
          7
        ],
        "tailAfter": [
          3,
          6
        ],
        "dir": "left"
      }
    },
    {
      "seq": 68,
      "type": "advance",
      "label": "8",
      "ts": 5341,
      "detail": {
        "headBefore": [
          -1,
          2
        ],
        "headAfter": [
          -2,
          2
        ],
        "tailBefore": [
          3,
          6
        ],
        "tailAfter": [
          3,
          5
        ],
        "dir": "left"
      }
    },
    {
      "seq": 69,
      "type": "advance",
      "label": "8",
      "ts": 5391,
      "detail": {
        "headBefore": [
          -2,
          2
        ],
        "headAfter": [
          -3,
          2
        ],
        "tailBefore": [
          3,
          5
        ],
        "tailAfter": [
          3,
          4
        ],
        "dir": "left"
      }
    },
    {
      "seq": 70,
      "type": "advance",
      "label": "8",
      "ts": 5441,
      "detail": {
        "headBefore": [
          -3,
          2
        ],
        "headAfter": [
          -4,
          2
        ],
        "tailBefore": [
          3,
          4
        ],
        "tailAfter": [
          2,
          4
        ],
        "dir": "left"
      }
    },
    {
      "seq": 71,
      "type": "advance",
      "label": "8",
      "ts": 5491,
      "detail": {
        "headBefore": [
          -4,
          2
        ],
        "headAfter": [
          -5,
          2
        ],
        "tailBefore": [
          2,
          4
        ],
        "tailAfter": [
          1,
          4
        ],
        "dir": "left"
      }
    },
    {
      "seq": 72,
      "type": "advance",
      "label": "8",
      "ts": 5541,
      "detail": {
        "headBefore": [
          -5,
          2
        ],
        "headAfter": [
          -6,
          2
        ],
        "tailBefore": [
          1,
          4
        ],
        "tailAfter": [
          1,
          5
        ],
        "dir": "left"
      }
    },
    {
      "seq": 73,
      "type": "advance",
      "label": "8",
      "ts": 5608,
      "detail": {
        "headBefore": [
          -6,
          2
        ],
        "headAfter": [
          -7,
          2
        ],
        "tailBefore": [
          1,
          5
        ],
        "tailAfter": [
          2,
          5
        ],
        "dir": "left"
      }
    },
    {
      "seq": 74,
      "type": "advance",
      "label": "8",
      "ts": 5658,
      "detail": {
        "headBefore": [
          -7,
          2
        ],
        "headAfter": [
          -8,
          2
        ],
        "tailBefore": [
          2,
          5
        ],
        "tailAfter": [
          2,
          6
        ],
        "dir": "left"
      }
    },
    {
      "seq": 75,
      "type": "advance",
      "label": "8",
      "ts": 5708,
      "detail": {
        "headBefore": [
          -8,
          2
        ],
        "headAfter": [
          -9,
          2
        ],
        "tailBefore": [
          2,
          6
        ],
        "tailAfter": [
          1,
          6
        ],
        "dir": "left"
      }
    },
    {
      "seq": 76,
      "type": "advance",
      "label": "8",
      "ts": 5758,
      "detail": {
        "headBefore": [
          -9,
          2
        ],
        "headAfter": [
          -10,
          2
        ],
        "tailBefore": [
          1,
          6
        ],
        "tailAfter": [
          1,
          7
        ],
        "dir": "left"
      }
    },
    {
      "seq": 77,
      "type": "click",
      "label": "9",
      "ts": 5791,
      "detail": {}
    },
    {
      "seq": 78,
      "type": "advance",
      "label": "9",
      "ts": 5791,
      "detail": {
        "headBefore": [
          4,
          0
        ],
        "headAfter": [
          4,
          -1
        ],
        "tailBefore": [
          5,
          0
        ],
        "tailAfter": [
          5,
          1
        ],
        "dir": "up"
      }
    },
    {
      "seq": 79,
      "type": "advance",
      "label": "8",
      "ts": 5808,
      "detail": {
        "headBefore": [
          -10,
          2
        ],
        "headAfter": [
          -11,
          2
        ],
        "tailBefore": [
          1,
          7
        ],
        "tailAfter": [
          0,
          7
        ],
        "dir": "left"
      }
    },
    {
      "seq": 80,
      "type": "advance",
      "label": "9",
      "ts": 5841,
      "detail": {
        "headBefore": [
          4,
          -1
        ],
        "headAfter": [
          4,
          -2
        ],
        "tailBefore": [
          5,
          1
        ],
        "tailAfter": [
          4,
          1
        ],
        "dir": "up"
      }
    },
    {
      "seq": 81,
      "type": "advance",
      "label": "8",
      "ts": 5858,
      "detail": {
        "headBefore": [
          -11,
          2
        ],
        "headAfter": [
          -12,
          2
        ],
        "tailBefore": [
          0,
          7
        ],
        "tailAfter": [
          0,
          6
        ],
        "dir": "left"
      }
    },
    {
      "seq": 82,
      "type": "advance",
      "label": "9",
      "ts": 5891,
      "detail": {
        "headBefore": [
          4,
          -2
        ],
        "headAfter": [
          4,
          -3
        ],
        "tailBefore": [
          4,
          1
        ],
        "tailAfter": [
          4,
          0
        ],
        "dir": "up"
      }
    },
    {
      "seq": 83,
      "type": "advance",
      "label": "8",
      "ts": 5908,
      "detail": {
        "headBefore": [
          -12,
          2
        ],
        "headAfter": [
          -13,
          2
        ],
        "tailBefore": [
          0,
          6
        ],
        "tailAfter": [
          0,
          5
        ],
        "dir": "left"
      }
    },
    {
      "seq": 84,
      "type": "advance",
      "label": "9",
      "ts": 5941,
      "detail": {
        "headBefore": [
          4,
          -3
        ],
        "headAfter": [
          4,
          -4
        ],
        "tailBefore": [
          4,
          0
        ],
        "tailAfter": [
          4,
          -1
        ],
        "dir": "up"
      }
    },
    {
      "seq": 85,
      "type": "dispose",
      "label": "9",
      "ts": 5941,
      "detail": {}
    },
    {
      "seq": 86,
      "type": "advance",
      "label": "8",
      "ts": 5958,
      "detail": {
        "headBefore": [
          -13,
          2
        ],
        "headAfter": [
          -14,
          2
        ],
        "tailBefore": [
          0,
          5
        ],
        "tailAfter": [
          0,
          4
        ],
        "dir": "left"
      }
    },
    {
      "seq": 87,
      "type": "advance",
      "label": "8",
      "ts": 6008,
      "detail": {
        "headBefore": [
          -14,
          2
        ],
        "headAfter": [
          -15,
          2
        ],
        "tailBefore": [
          0,
          4
        ],
        "tailAfter": [
          0,
          3
        ],
        "dir": "left"
      }
    },
    {
      "seq": 88,
      "type": "advance",
      "label": "8",
      "ts": 6058,
      "detail": {
        "headBefore": [
          -15,
          2
        ],
        "headAfter": [
          -16,
          2
        ],
        "tailBefore": [
          0,
          3
        ],
        "tailAfter": [
          1,
          3
        ],
        "dir": "left"
      }
    },
    {
      "seq": 89,
      "type": "advance",
      "label": "8",
      "ts": 6108,
      "detail": {
        "headBefore": [
          -16,
          2
        ],
        "headAfter": [
          -17,
          2
        ],
        "tailBefore": [
          1,
          3
        ],
        "tailAfter": [
          1,
          2
        ],
        "dir": "left"
      }
    },
    {
      "seq": 90,
      "type": "advance",
      "label": "8",
      "ts": 6158,
      "detail": {
        "headBefore": [
          -17,
          2
        ],
        "headAfter": [
          -18,
          2
        ],
        "tailBefore": [
          1,
          2
        ],
        "tailAfter": [
          0,
          2
        ],
        "dir": "left"
      }
    },
    {
      "seq": 91,
      "type": "advance",
      "label": "8",
      "ts": 6208,
      "detail": {
        "headBefore": [
          -18,
          2
        ],
        "headAfter": [
          -19,
          2
        ],
        "tailBefore": [
          0,
          2
        ],
        "tailAfter": [
          -1,
          2
        ],
        "dir": "left"
      }
    },
    {
      "seq": 92,
      "type": "dispose",
      "label": "8",
      "ts": 6208,
      "detail": {}
    },
    {
      "seq": 93,
      "type": "click",
      "label": "10",
      "ts": 6291,
      "detail": {}
    },
    {
      "seq": 94,
      "type": "advance",
      "label": "10",
      "ts": 6292,
      "detail": {
        "headBefore": [
          0,
          12
        ],
        "headAfter": [
          -1,
          12
        ],
        "tailBefore": [
          4,
          9
        ],
        "tailAfter": [
          3,
          9
        ],
        "dir": "left"
      }
    },
    {
      "seq": 95,
      "type": "advance",
      "label": "10",
      "ts": 6341,
      "detail": {
        "headBefore": [
          -1,
          12
        ],
        "headAfter": [
          -2,
          12
        ],
        "tailBefore": [
          3,
          9
        ],
        "tailAfter": [
          2,
          9
        ],
        "dir": "left"
      }
    },
    {
      "seq": 96,
      "type": "advance",
      "label": "10",
      "ts": 6392,
      "detail": {
        "headBefore": [
          -2,
          12
        ],
        "headAfter": [
          -3,
          12
        ],
        "tailBefore": [
          2,
          9
        ],
        "tailAfter": [
          1,
          9
        ],
        "dir": "left"
      }
    },
    {
      "seq": 97,
      "type": "advance",
      "label": "10",
      "ts": 6442,
      "detail": {
        "headBefore": [
          -3,
          12
        ],
        "headAfter": [
          -4,
          12
        ],
        "tailBefore": [
          1,
          9
        ],
        "tailAfter": [
          1,
          10
        ],
        "dir": "left"
      }
    },
    {
      "seq": 98,
      "type": "advance",
      "label": "10",
      "ts": 6491,
      "detail": {
        "headBefore": [
          -4,
          12
        ],
        "headAfter": [
          -5,
          12
        ],
        "tailBefore": [
          1,
          10
        ],
        "tailAfter": [
          1,
          11
        ],
        "dir": "left"
      }
    },
    {
      "seq": 99,
      "type": "advance",
      "label": "10",
      "ts": 6542,
      "detail": {
        "headBefore": [
          -5,
          12
        ],
        "headAfter": [
          -6,
          12
        ],
        "tailBefore": [
          1,
          11
        ],
        "tailAfter": [
          1,
          12
        ],
        "dir": "left"
      }
    },
    {
      "seq": 100,
      "type": "advance",
      "label": "10",
      "ts": 6609,
      "detail": {
        "headBefore": [
          -6,
          12
        ],
        "headAfter": [
          -7,
          12
        ],
        "tailBefore": [
          1,
          12
        ],
        "tailAfter": [
          0,
          12
        ],
        "dir": "left"
      }
    },
    {
      "seq": 101,
      "type": "advance",
      "label": "10",
      "ts": 6659,
      "detail": {
        "headBefore": [
          -7,
          12
        ],
        "headAfter": [
          -8,
          12
        ],
        "tailBefore": [
          0,
          12
        ],
        "tailAfter": [
          -1,
          12
        ],
        "dir": "left"
      }
    },
    {
      "seq": 102,
      "type": "dispose",
      "label": "10",
      "ts": 6659,
      "detail": {}
    },
    {
      "seq": 103,
      "type": "click",
      "label": "11",
      "ts": 6791,
      "detail": {}
    },
    {
      "seq": 104,
      "type": "advance",
      "label": "11",
      "ts": 6792,
      "detail": {
        "headBefore": [
          0,
          21
        ],
        "headAfter": [
          -1,
          21
        ],
        "tailBefore": [
          1,
          21
        ],
        "tailAfter": [
          0,
          21
        ],
        "dir": "left"
      }
    },
    {
      "seq": 105,
      "type": "advance",
      "label": "11",
      "ts": 6842,
      "detail": {
        "headBefore": [
          -1,
          21
        ],
        "headAfter": [
          -2,
          21
        ],
        "tailBefore": [
          0,
          21
        ],
        "tailAfter": [
          -1,
          21
        ],
        "dir": "left"
      }
    },
    {
      "seq": 106,
      "type": "dispose",
      "label": "11",
      "ts": 6842,
      "detail": {}
    },
    {
      "seq": 107,
      "type": "click",
      "label": "12",
      "ts": 7292,
      "detail": {}
    },
    {
      "seq": 108,
      "type": "advance",
      "label": "12",
      "ts": 7292,
      "detail": {
        "headBefore": [
          13,
          14
        ],
        "headAfter": [
          14,
          14
        ],
        "tailBefore": [
          11,
          12
        ],
        "tailAfter": [
          12,
          12
        ],
        "dir": "right"
      }
    },
    {
      "seq": 109,
      "type": "advance",
      "label": "12",
      "ts": 7343,
      "detail": {
        "headBefore": [
          14,
          14
        ],
        "headAfter": [
          15,
          14
        ],
        "tailBefore": [
          12,
          12
        ],
        "tailAfter": [
          12,
          13
        ],
        "dir": "right"
      }
    },
    {
      "seq": 110,
      "type": "advance",
      "label": "12",
      "ts": 7392,
      "detail": {
        "headBefore": [
          15,
          14
        ],
        "headAfter": [
          16,
          14
        ],
        "tailBefore": [
          12,
          13
        ],
        "tailAfter": [
          12,
          14
        ],
        "dir": "right"
      }
    },
    {
      "seq": 111,
      "type": "advance",
      "label": "12",
      "ts": 7442,
      "detail": {
        "headBefore": [
          16,
          14
        ],
        "headAfter": [
          17,
          14
        ],
        "tailBefore": [
          12,
          14
        ],
        "tailAfter": [
          13,
          14
        ],
        "dir": "right"
      }
    },
    {
      "seq": 112,
      "type": "advance",
      "label": "12",
      "ts": 7493,
      "detail": {
        "headBefore": [
          17,
          14
        ],
        "headAfter": [
          18,
          14
        ],
        "tailBefore": [
          13,
          14
        ],
        "tailAfter": [
          14,
          14
        ],
        "dir": "right"
      }
    },
    {
      "seq": 113,
      "type": "dispose",
      "label": "12",
      "ts": 7493,
      "detail": {}
    },
    {
      "seq": 114,
      "type": "click",
      "label": "13",
      "ts": 7792,
      "detail": {}
    },
    {
      "seq": 115,
      "type": "advance",
      "label": "13",
      "ts": 7793,
      "detail": {
        "headBefore": [
          13,
          23
        ],
        "headAfter": [
          14,
          23
        ],
        "tailBefore": [
          12,
          23
        ],
        "tailAfter": [
          13,
          23
        ],
        "dir": "right"
      }
    },
    {
      "seq": 116,
      "type": "advance",
      "label": "13",
      "ts": 7843,
      "detail": {
        "headBefore": [
          14,
          23
        ],
        "headAfter": [
          15,
          23
        ],
        "tailBefore": [
          13,
          23
        ],
        "tailAfter": [
          14,
          23
        ],
        "dir": "right"
      }
    },
    {
      "seq": 117,
      "type": "dispose",
      "label": "13",
      "ts": 7843,
      "detail": {}
    },
    {
      "seq": 118,
      "type": "click",
      "label": "14",
      "ts": 8292,
      "detail": {}
    },
    {
      "seq": 119,
      "type": "advance",
      "label": "14",
      "ts": 8293,
      "detail": {
        "headBefore": [
          13,
          0
        ],
        "headAfter": [
          14,
          0
        ],
        "tailBefore": [
          12,
          2
        ],
        "tailAfter": [
          11,
          2
        ],
        "dir": "right"
      }
    },
    {
      "seq": 120,
      "type": "advance",
      "label": "14",
      "ts": 8343,
      "detail": {
        "headBefore": [
          14,
          0
        ],
        "headAfter": [
          15,
          0
        ],
        "tailBefore": [
          11,
          2
        ],
        "tailAfter": [
          11,
          3
        ],
        "dir": "right"
      }
    },
    {
      "seq": 121,
      "type": "advance",
      "label": "14",
      "ts": 8393,
      "detail": {
        "headBefore": [
          15,
          0
        ],
        "headAfter": [
          16,
          0
        ],
        "tailBefore": [
          11,
          3
        ],
        "tailAfter": [
          12,
          3
        ],
        "dir": "right"
      }
    },
    {
      "seq": 122,
      "type": "advance",
      "label": "14",
      "ts": 8443,
      "detail": {
        "headBefore": [
          16,
          0
        ],
        "headAfter": [
          17,
          0
        ],
        "tailBefore": [
          12,
          3
        ],
        "tailAfter": [
          13,
          3
        ],
        "dir": "right"
      }
    },
    {
      "seq": 123,
      "type": "advance",
      "label": "14",
      "ts": 8494,
      "detail": {
        "headBefore": [
          17,
          0
        ],
        "headAfter": [
          18,
          0
        ],
        "tailBefore": [
          13,
          3
        ],
        "tailAfter": [
          13,
          2
        ],
        "dir": "right"
      }
    },
    {
      "seq": 124,
      "type": "advance",
      "label": "14",
      "ts": 8544,
      "detail": {
        "headBefore": [
          18,
          0
        ],
        "headAfter": [
          19,
          0
        ],
        "tailBefore": [
          13,
          2
        ],
        "tailAfter": [
          13,
          1
        ],
        "dir": "right"
      }
    },
    {
      "seq": 125,
      "type": "advance",
      "label": "14",
      "ts": 8593,
      "detail": {
        "headBefore": [
          19,
          0
        ],
        "headAfter": [
          20,
          0
        ],
        "tailBefore": [
          13,
          1
        ],
        "tailAfter": [
          12,
          1
        ],
        "dir": "right"
      }
    },
    {
      "seq": 126,
      "type": "advance",
      "label": "14",
      "ts": 8643,
      "detail": {
        "headBefore": [
          20,
          0
        ],
        "headAfter": [
          21,
          0
        ],
        "tailBefore": [
          12,
          1
        ],
        "tailAfter": [
          11,
          1
        ],
        "dir": "right"
      }
    },
    {
      "seq": 127,
      "type": "advance",
      "label": "14",
      "ts": 8694,
      "detail": {
        "headBefore": [
          21,
          0
        ],
        "headAfter": [
          22,
          0
        ],
        "tailBefore": [
          11,
          1
        ],
        "tailAfter": [
          11,
          0
        ],
        "dir": "right"
      }
    },
    {
      "seq": 128,
      "type": "advance",
      "label": "14",
      "ts": 8744,
      "detail": {
        "headBefore": [
          22,
          0
        ],
        "headAfter": [
          23,
          0
        ],
        "tailBefore": [
          11,
          0
        ],
        "tailAfter": [
          12,
          0
        ],
        "dir": "right"
      }
    },
    {
      "seq": 129,
      "type": "click",
      "label": "15",
      "ts": 8793,
      "detail": {}
    },
    {
      "seq": 130,
      "type": "advance",
      "label": "15",
      "ts": 8794,
      "detail": {
        "headBefore": [
          0,
          20
        ],
        "headAfter": [
          -1,
          20
        ],
        "tailBefore": [
          0,
          19
        ],
        "tailAfter": [
          0,
          18
        ],
        "dir": "left"
      }
    },
    {
      "seq": 131,
      "type": "advance",
      "label": "14",
      "ts": 8794,
      "detail": {
        "headBefore": [
          23,
          0
        ],
        "headAfter": [
          24,
          0
        ],
        "tailBefore": [
          12,
          0
        ],
        "tailAfter": [
          13,
          0
        ],
        "dir": "right"
      }
    },
    {
      "seq": 132,
      "type": "advance",
      "label": "15",
      "ts": 8843,
      "detail": {
        "headBefore": [
          -1,
          20
        ],
        "headAfter": [
          -2,
          20
        ],
        "tailBefore": [
          0,
          18
        ],
        "tailAfter": [
          0,
          17
        ],
        "dir": "left"
      }
    },
    {
      "seq": 133,
      "type": "advance",
      "label": "14",
      "ts": 8844,
      "detail": {
        "headBefore": [
          24,
          0
        ],
        "headAfter": [
          25,
          0
        ],
        "tailBefore": [
          13,
          0
        ],
        "tailAfter": [
          14,
          0
        ],
        "dir": "right"
      }
    },
    {
      "seq": 134,
      "type": "dispose",
      "label": "14",
      "ts": 8844,
      "detail": {}
    },
    {
      "seq": 135,
      "type": "advance",
      "label": "15",
      "ts": 8910,
      "detail": {
        "headBefore": [
          -2,
          20
        ],
        "headAfter": [
          -3,
          20
        ],
        "tailBefore": [
          0,
          17
        ],
        "tailAfter": [
          1,
          17
        ],
        "dir": "left"
      }
    },
    {
      "seq": 136,
      "type": "advance",
      "label": "15",
      "ts": 8961,
      "detail": {
        "headBefore": [
          -3,
          20
        ],
        "headAfter": [
          -4,
          20
        ],
        "tailBefore": [
          1,
          17
        ],
        "tailAfter": [
          2,
          17
        ],
        "dir": "left"
      }
    },
    {
      "seq": 137,
      "type": "advance",
      "label": "15",
      "ts": 9011,
      "detail": {
        "headBefore": [
          -4,
          20
        ],
        "headAfter": [
          -5,
          20
        ],
        "tailBefore": [
          2,
          17
        ],
        "tailAfter": [
          2,
          18
        ],
        "dir": "left"
      }
    },
    {
      "seq": 138,
      "type": "advance",
      "label": "15",
      "ts": 9060,
      "detail": {
        "headBefore": [
          -5,
          20
        ],
        "headAfter": [
          -6,
          20
        ],
        "tailBefore": [
          2,
          18
        ],
        "tailAfter": [
          1,
          18
        ],
        "dir": "left"
      }
    },
    {
      "seq": 139,
      "type": "advance",
      "label": "15",
      "ts": 9110,
      "detail": {
        "headBefore": [
          -6,
          20
        ],
        "headAfter": [
          -7,
          20
        ],
        "tailBefore": [
          1,
          18
        ],
        "tailAfter": [
          1,
          19
        ],
        "dir": "left"
      }
    },
    {
      "seq": 140,
      "type": "advance",
      "label": "15",
      "ts": 9161,
      "detail": {
        "headBefore": [
          -7,
          20
        ],
        "headAfter": [
          -8,
          20
        ],
        "tailBefore": [
          1,
          19
        ],
        "tailAfter": [
          1,
          20
        ],
        "dir": "left"
      }
    },
    {
      "seq": 141,
      "type": "advance",
      "label": "15",
      "ts": 9211,
      "detail": {
        "headBefore": [
          -8,
          20
        ],
        "headAfter": [
          -9,
          20
        ],
        "tailBefore": [
          1,
          20
        ],
        "tailAfter": [
          0,
          20
        ],
        "dir": "left"
      }
    },
    {
      "seq": 142,
      "type": "advance",
      "label": "15",
      "ts": 9261,
      "detail": {
        "headBefore": [
          -9,
          20
        ],
        "headAfter": [
          -10,
          20
        ],
        "tailBefore": [
          0,
          20
        ],
        "tailAfter": [
          -1,
          20
        ],
        "dir": "left"
      }
    },
    {
      "seq": 143,
      "type": "dispose",
      "label": "15",
      "ts": 9261,
      "detail": {}
    },
    {
      "seq": 144,
      "type": "click",
      "label": "16",
      "ts": 9293,
      "detail": {}
    },
    {
      "seq": 145,
      "type": "advance",
      "label": "16",
      "ts": 9294,
      "detail": {
        "headBefore": [
          0,
          23
        ],
        "headAfter": [
          -1,
          23
        ],
        "tailBefore": [
          0,
          22
        ],
        "tailAfter": [
          1,
          22
        ],
        "dir": "left"
      }
    },
    {
      "seq": 146,
      "type": "advance",
      "label": "16",
      "ts": 9361,
      "detail": {
        "headBefore": [
          -1,
          23
        ],
        "headAfter": [
          -2,
          23
        ],
        "tailBefore": [
          1,
          22
        ],
        "tailAfter": [
          1,
          23
        ],
        "dir": "left"
      }
    },
    {
      "seq": 147,
      "type": "advance",
      "label": "16",
      "ts": 9411,
      "detail": {
        "headBefore": [
          -2,
          23
        ],
        "headAfter": [
          -3,
          23
        ],
        "tailBefore": [
          1,
          23
        ],
        "tailAfter": [
          0,
          23
        ],
        "dir": "left"
      }
    },
    {
      "seq": 148,
      "type": "advance",
      "label": "16",
      "ts": 9461,
      "detail": {
        "headBefore": [
          -3,
          23
        ],
        "headAfter": [
          -4,
          23
        ],
        "tailBefore": [
          0,
          23
        ],
        "tailAfter": [
          -1,
          23
        ],
        "dir": "left"
      }
    },
    {
      "seq": 149,
      "type": "dispose",
      "label": "16",
      "ts": 9461,
      "detail": {}
    },
    {
      "seq": 150,
      "type": "click",
      "label": "17",
      "ts": 9794,
      "detail": {}
    },
    {
      "seq": 151,
      "type": "advance",
      "label": "17",
      "ts": 9795,
      "detail": {
        "headBefore": [
          0,
          16
        ],
        "headAfter": [
          -1,
          16
        ],
        "tailBefore": [
          2,
          15
        ],
        "tailAfter": [
          3,
          15
        ],
        "dir": "left"
      }
    },
    {
      "seq": 152,
      "type": "advance",
      "label": "17",
      "ts": 9861,
      "detail": {
        "headBefore": [
          -1,
          16
        ],
        "headAfter": [
          -2,
          16
        ],
        "tailBefore": [
          3,
          15
        ],
        "tailAfter": [
          4,
          15
        ],
        "dir": "left"
      }
    },
    {
      "seq": 153,
      "type": "advance",
      "label": "17",
      "ts": 9911,
      "detail": {
        "headBefore": [
          -2,
          16
        ],
        "headAfter": [
          -3,
          16
        ],
        "tailBefore": [
          4,
          15
        ],
        "tailAfter": [
          4,
          14
        ],
        "dir": "left"
      }
    },
    {
      "seq": 154,
      "type": "advance",
      "label": "17",
      "ts": 9962,
      "detail": {
        "headBefore": [
          -3,
          16
        ],
        "headAfter": [
          -4,
          16
        ],
        "tailBefore": [
          4,
          14
        ],
        "tailAfter": [
          3,
          14
        ],
        "dir": "left"
      }
    },
    {
      "seq": 155,
      "type": "advance",
      "label": "17",
      "ts": 10011,
      "detail": {
        "headBefore": [
          -4,
          16
        ],
        "headAfter": [
          -5,
          16
        ],
        "tailBefore": [
          3,
          14
        ],
        "tailAfter": [
          3,
          13
        ],
        "dir": "left"
      }
    },
    {
      "seq": 156,
      "type": "advance",
      "label": "17",
      "ts": 10061,
      "detail": {
        "headBefore": [
          -5,
          16
        ],
        "headAfter": [
          -6,
          16
        ],
        "tailBefore": [
          3,
          13
        ],
        "tailAfter": [
          2,
          13
        ],
        "dir": "left"
      }
    },
    {
      "seq": 157,
      "type": "advance",
      "label": "17",
      "ts": 10111,
      "detail": {
        "headBefore": [
          -6,
          16
        ],
        "headAfter": [
          -7,
          16
        ],
        "tailBefore": [
          2,
          13
        ],
        "tailAfter": [
          1,
          13
        ],
        "dir": "left"
      }
    },
    {
      "seq": 158,
      "type": "advance",
      "label": "17",
      "ts": 10161,
      "detail": {
        "headBefore": [
          -7,
          16
        ],
        "headAfter": [
          -8,
          16
        ],
        "tailBefore": [
          1,
          13
        ],
        "tailAfter": [
          0,
          13
        ],
        "dir": "left"
      }
    },
    {
      "seq": 159,
      "type": "advance",
      "label": "17",
      "ts": 10212,
      "detail": {
        "headBefore": [
          -8,
          16
        ],
        "headAfter": [
          -9,
          16
        ],
        "tailBefore": [
          0,
          13
        ],
        "tailAfter": [
          0,
          14
        ],
        "dir": "left"
      }
    },
    {
      "seq": 160,
      "type": "advance",
      "label": "17",
      "ts": 10262,
      "detail": {
        "headBefore": [
          -9,
          16
        ],
        "headAfter": [
          -10,
          16
        ],
        "tailBefore": [
          0,
          14
        ],
        "tailAfter": [
          0,
          15
        ],
        "dir": "left"
      }
    },
    {
      "seq": 161,
      "type": "click",
      "label": "18",
      "ts": 10294,
      "detail": {}
    },
    {
      "seq": 162,
      "type": "advance",
      "label": "18",
      "ts": 10295,
      "detail": {
        "headBefore": [
          13,
          4
        ],
        "headAfter": [
          14,
          4
        ],
        "tailBefore": [
          11,
          7
        ],
        "tailAfter": [
          12,
          7
        ],
        "dir": "right"
      }
    },
    {
      "seq": 163,
      "type": "advance",
      "label": "17",
      "ts": 10311,
      "detail": {
        "headBefore": [
          -10,
          16
        ],
        "headAfter": [
          -11,
          16
        ],
        "tailBefore": [
          0,
          15
        ],
        "tailAfter": [
          1,
          15
        ],
        "dir": "left"
      }
    },
    {
      "seq": 164,
      "type": "advance",
      "label": "18",
      "ts": 10345,
      "detail": {
        "headBefore": [
          14,
          4
        ],
        "headAfter": [
          15,
          4
        ],
        "tailBefore": [
          12,
          7
        ],
        "tailAfter": [
          12,
          6
        ],
        "dir": "right"
      }
    },
    {
      "seq": 165,
      "type": "advance",
      "label": "17",
      "ts": 10361,
      "detail": {
        "headBefore": [
          -11,
          16
        ],
        "headAfter": [
          -12,
          16
        ],
        "tailBefore": [
          1,
          15
        ],
        "tailAfter": [
          1,
          16
        ],
        "dir": "left"
      }
    },
    {
      "seq": 166,
      "type": "advance",
      "label": "18",
      "ts": 10395,
      "detail": {
        "headBefore": [
          15,
          4
        ],
        "headAfter": [
          16,
          4
        ],
        "tailBefore": [
          12,
          6
        ],
        "tailAfter": [
          12,
          5
        ],
        "dir": "right"
      }
    },
    {
      "seq": 167,
      "type": "advance",
      "label": "17",
      "ts": 10412,
      "detail": {
        "headBefore": [
          -12,
          16
        ],
        "headAfter": [
          -13,
          16
        ],
        "tailBefore": [
          1,
          16
        ],
        "tailAfter": [
          0,
          16
        ],
        "dir": "left"
      }
    },
    {
      "seq": 168,
      "type": "advance",
      "label": "18",
      "ts": 10445,
      "detail": {
        "headBefore": [
          16,
          4
        ],
        "headAfter": [
          17,
          4
        ],
        "tailBefore": [
          12,
          5
        ],
        "tailAfter": [
          12,
          4
        ],
        "dir": "right"
      }
    },
    {
      "seq": 169,
      "type": "advance",
      "label": "17",
      "ts": 10462,
      "detail": {
        "headBefore": [
          -13,
          16
        ],
        "headAfter": [
          -14,
          16
        ],
        "tailBefore": [
          0,
          16
        ],
        "tailAfter": [
          -1,
          16
        ],
        "dir": "left"
      }
    },
    {
      "seq": 170,
      "type": "dispose",
      "label": "17",
      "ts": 10462,
      "detail": {}
    },
    {
      "seq": 171,
      "type": "advance",
      "label": "18",
      "ts": 10494,
      "detail": {
        "headBefore": [
          17,
          4
        ],
        "headAfter": [
          18,
          4
        ],
        "tailBefore": [
          12,
          4
        ],
        "tailAfter": [
          13,
          4
        ],
        "dir": "right"
      }
    },
    {
      "seq": 172,
      "type": "advance",
      "label": "18",
      "ts": 10544,
      "detail": {
        "headBefore": [
          18,
          4
        ],
        "headAfter": [
          19,
          4
        ],
        "tailBefore": [
          13,
          4
        ],
        "tailAfter": [
          14,
          4
        ],
        "dir": "right"
      }
    },
    {
      "seq": 173,
      "type": "dispose",
      "label": "18",
      "ts": 10544,
      "detail": {}
    },
    {
      "seq": 174,
      "type": "click",
      "label": "19",
      "ts": 10794,
      "detail": {}
    },
    {
      "seq": 175,
      "type": "advance",
      "label": "19",
      "ts": 10795,
      "detail": {
        "headBefore": [
          2,
          23
        ],
        "headAfter": [
          2,
          24
        ],
        "tailBefore": [
          3,
          20
        ],
        "tailAfter": [
          2,
          20
        ],
        "dir": "down"
      }
    },
    {
      "seq": 176,
      "type": "advance",
      "label": "19",
      "ts": 10845,
      "detail": {
        "headBefore": [
          2,
          24
        ],
        "headAfter": [
          2,
          25
        ],
        "tailBefore": [
          2,
          20
        ],
        "tailAfter": [
          2,
          21
        ],
        "dir": "down"
      }
    },
    {
      "seq": 177,
      "type": "advance",
      "label": "19",
      "ts": 10895,
      "detail": {
        "headBefore": [
          2,
          25
        ],
        "headAfter": [
          2,
          26
        ],
        "tailBefore": [
          2,
          21
        ],
        "tailAfter": [
          2,
          22
        ],
        "dir": "down"
      }
    },
    {
      "seq": 178,
      "type": "advance",
      "label": "19",
      "ts": 10945,
      "detail": {
        "headBefore": [
          2,
          26
        ],
        "headAfter": [
          2,
          27
        ],
        "tailBefore": [
          2,
          22
        ],
        "tailAfter": [
          2,
          23
        ],
        "dir": "down"
      }
    },
    {
      "seq": 179,
      "type": "advance",
      "label": "19",
      "ts": 10995,
      "detail": {
        "headBefore": [
          2,
          27
        ],
        "headAfter": [
          2,
          28
        ],
        "tailBefore": [
          2,
          23
        ],
        "tailAfter": [
          2,
          24
        ],
        "dir": "down"
      }
    },
    {
      "seq": 180,
      "type": "dispose",
      "label": "19",
      "ts": 10995,
      "detail": {}
    },
    {
      "seq": 181,
      "type": "click",
      "label": "20",
      "ts": 11295,
      "detail": {}
    },
    {
      "seq": 182,
      "type": "advance",
      "label": "20",
      "ts": 11295,
      "detail": {
        "headBefore": [
          9,
          0
        ],
        "headAfter": [
          9,
          -1
        ],
        "tailBefore": [
          8,
          6
        ],
        "tailAfter": [
          9,
          6
        ],
        "dir": "up"
      }
    },
    {
      "seq": 183,
      "type": "advance",
      "label": "20",
      "ts": 11346,
      "detail": {
        "headBefore": [
          9,
          -1
        ],
        "headAfter": [
          9,
          -2
        ],
        "tailBefore": [
          9,
          6
        ],
        "tailAfter": [
          9,
          5
        ],
        "dir": "up"
      }
    },
    {
      "seq": 184,
      "type": "advance",
      "label": "20",
      "ts": 11396,
      "detail": {
        "headBefore": [
          9,
          -2
        ],
        "headAfter": [
          9,
          -3
        ],
        "tailBefore": [
          9,
          5
        ],
        "tailAfter": [
          8,
          5
        ],
        "dir": "up"
      }
    },
    {
      "seq": 185,
      "type": "advance",
      "label": "20",
      "ts": 11445,
      "detail": {
        "headBefore": [
          9,
          -3
        ],
        "headAfter": [
          9,
          -4
        ],
        "tailBefore": [
          8,
          5
        ],
        "tailAfter": [
          8,
          4
        ],
        "dir": "up"
      }
    },
    {
      "seq": 186,
      "type": "advance",
      "label": "20",
      "ts": 11495,
      "detail": {
        "headBefore": [
          9,
          -4
        ],
        "headAfter": [
          9,
          -5
        ],
        "tailBefore": [
          8,
          4
        ],
        "tailAfter": [
          8,
          3
        ],
        "dir": "up"
      }
    },
    {
      "seq": 187,
      "type": "advance",
      "label": "20",
      "ts": 11546,
      "detail": {
        "headBefore": [
          9,
          -5
        ],
        "headAfter": [
          9,
          -6
        ],
        "tailBefore": [
          8,
          3
        ],
        "tailAfter": [
          9,
          3
        ],
        "dir": "up"
      }
    },
    {
      "seq": 188,
      "type": "advance",
      "label": "20",
      "ts": 11595,
      "detail": {
        "headBefore": [
          9,
          -6
        ],
        "headAfter": [
          9,
          -7
        ],
        "tailBefore": [
          9,
          3
        ],
        "tailAfter": [
          10,
          3
        ],
        "dir": "up"
      }
    },
    {
      "seq": 189,
      "type": "advance",
      "label": "20",
      "ts": 11646,
      "detail": {
        "headBefore": [
          9,
          -7
        ],
        "headAfter": [
          9,
          -8
        ],
        "tailBefore": [
          10,
          3
        ],
        "tailAfter": [
          10,
          2
        ],
        "dir": "up"
      }
    },
    {
      "seq": 190,
      "type": "advance",
      "label": "20",
      "ts": 11696,
      "detail": {
        "headBefore": [
          9,
          -8
        ],
        "headAfter": [
          9,
          -9
        ],
        "tailBefore": [
          10,
          2
        ],
        "tailAfter": [
          10,
          1
        ],
        "dir": "up"
      }
    },
    {
      "seq": 191,
      "type": "advance",
      "label": "20",
      "ts": 11762,
      "detail": {
        "headBefore": [
          9,
          -9
        ],
        "headAfter": [
          9,
          -10
        ],
        "tailBefore": [
          10,
          1
        ],
        "tailAfter": [
          9,
          1
        ],
        "dir": "up"
      }
    },
    {
      "seq": 192,
      "type": "click",
      "label": "21",
      "ts": 11795,
      "detail": {}
    },
    {
      "seq": 193,
      "type": "advance",
      "label": "21",
      "ts": 11796,
      "detail": {
        "headBefore": [
          8,
          0
        ],
        "headAfter": [
          8,
          -1
        ],
        "tailBefore": [
          7,
          1
        ],
        "tailAfter": [
          8,
          1
        ],
        "dir": "up"
      }
    },
    {
      "seq": 194,
      "type": "advance",
      "label": "20",
      "ts": 11813,
      "detail": {
        "headBefore": [
          9,
          -10
        ],
        "headAfter": [
          9,
          -11
        ],
        "tailBefore": [
          9,
          1
        ],
        "tailAfter": [
          9,
          0
        ],
        "dir": "up"
      }
    },
    {
      "seq": 195,
      "type": "advance",
      "label": "21",
      "ts": 11846,
      "detail": {
        "headBefore": [
          8,
          -1
        ],
        "headAfter": [
          8,
          -2
        ],
        "tailBefore": [
          8,
          1
        ],
        "tailAfter": [
          8,
          0
        ],
        "dir": "up"
      }
    },
    {
      "seq": 196,
      "type": "advance",
      "label": "20",
      "ts": 11863,
      "detail": {
        "headBefore": [
          9,
          -11
        ],
        "headAfter": [
          9,
          -12
        ],
        "tailBefore": [
          9,
          0
        ],
        "tailAfter": [
          9,
          -1
        ],
        "dir": "up"
      }
    },
    {
      "seq": 197,
      "type": "dispose",
      "label": "20",
      "ts": 11863,
      "detail": {}
    },
    {
      "seq": 198,
      "type": "advance",
      "label": "21",
      "ts": 11896,
      "detail": {
        "headBefore": [
          8,
          -2
        ],
        "headAfter": [
          8,
          -3
        ],
        "tailBefore": [
          8,
          0
        ],
        "tailAfter": [
          8,
          -1
        ],
        "dir": "up"
      }
    },
    {
      "seq": 199,
      "type": "dispose",
      "label": "21",
      "ts": 11896,
      "detail": {}
    },
    {
      "seq": 200,
      "type": "click",
      "label": "22",
      "ts": 12296,
      "detail": {}
    },
    {
      "seq": 201,
      "type": "advance",
      "label": "22",
      "ts": 12296,
      "detail": {
        "headBefore": [
          13,
          16
        ],
        "headAfter": [
          14,
          16
        ],
        "tailBefore": [
          11,
          16
        ],
        "tailAfter": [
          11,
          15
        ],
        "dir": "right"
      }
    },
    {
      "seq": 202,
      "type": "advance",
      "label": "22",
      "ts": 12346,
      "detail": {
        "headBefore": [
          14,
          16
        ],
        "headAfter": [
          15,
          16
        ],
        "tailBefore": [
          11,
          15
        ],
        "tailAfter": [
          12,
          15
        ],
        "dir": "right"
      }
    },
    {
      "seq": 203,
      "type": "advance",
      "label": "22",
      "ts": 12396,
      "detail": {
        "headBefore": [
          15,
          16
        ],
        "headAfter": [
          16,
          16
        ],
        "tailBefore": [
          12,
          15
        ],
        "tailAfter": [
          12,
          16
        ],
        "dir": "right"
      }
    },
    {
      "seq": 204,
      "type": "advance",
      "label": "22",
      "ts": 12447,
      "detail": {
        "headBefore": [
          16,
          16
        ],
        "headAfter": [
          17,
          16
        ],
        "tailBefore": [
          12,
          16
        ],
        "tailAfter": [
          13,
          16
        ],
        "dir": "right"
      }
    },
    {
      "seq": 205,
      "type": "advance",
      "label": "22",
      "ts": 12497,
      "detail": {
        "headBefore": [
          17,
          16
        ],
        "headAfter": [
          18,
          16
        ],
        "tailBefore": [
          13,
          16
        ],
        "tailAfter": [
          14,
          16
        ],
        "dir": "right"
      }
    },
    {
      "seq": 206,
      "type": "dispose",
      "label": "22",
      "ts": 12497,
      "detail": {}
    },
    {
      "seq": 207,
      "type": "click",
      "label": "23",
      "ts": 12796,
      "detail": {}
    },
    {
      "seq": 208,
      "type": "advance",
      "label": "23",
      "ts": 12797,
      "detail": {
        "headBefore": [
          13,
          19
        ],
        "headAfter": [
          14,
          19
        ],
        "tailBefore": [
          10,
          17
        ],
        "tailAfter": [
          11,
          17
        ],
        "dir": "right"
      }
    },
    {
      "seq": 209,
      "type": "advance",
      "label": "23",
      "ts": 12847,
      "detail": {
        "headBefore": [
          14,
          19
        ],
        "headAfter": [
          15,
          19
        ],
        "tailBefore": [
          11,
          17
        ],
        "tailAfter": [
          12,
          17
        ],
        "dir": "right"
      }
    },
    {
      "seq": 210,
      "type": "advance",
      "label": "23",
      "ts": 12914,
      "detail": {
        "headBefore": [
          15,
          19
        ],
        "headAfter": [
          16,
          19
        ],
        "tailBefore": [
          12,
          17
        ],
        "tailAfter": [
          13,
          17
        ],
        "dir": "right"
      }
    },
    {
      "seq": 211,
      "type": "advance",
      "label": "23",
      "ts": 12980,
      "detail": {
        "headBefore": [
          16,
          19
        ],
        "headAfter": [
          17,
          19
        ],
        "tailBefore": [
          13,
          17
        ],
        "tailAfter": [
          13,
          18
        ],
        "dir": "right"
      }
    },
    {
      "seq": 212,
      "type": "advance",
      "label": "23",
      "ts": 13030,
      "detail": {
        "headBefore": [
          17,
          19
        ],
        "headAfter": [
          18,
          19
        ],
        "tailBefore": [
          13,
          18
        ],
        "tailAfter": [
          12,
          18
        ],
        "dir": "right"
      }
    },
    {
      "seq": 213,
      "type": "advance",
      "label": "23",
      "ts": 13080,
      "detail": {
        "headBefore": [
          18,
          19
        ],
        "headAfter": [
          19,
          19
        ],
        "tailBefore": [
          12,
          18
        ],
        "tailAfter": [
          11,
          18
        ],
        "dir": "right"
      }
    },
    {
      "seq": 214,
      "type": "advance",
      "label": "23",
      "ts": 13130,
      "detail": {
        "headBefore": [
          19,
          19
        ],
        "headAfter": [
          20,
          19
        ],
        "tailBefore": [
          11,
          18
        ],
        "tailAfter": [
          10,
          18
        ],
        "dir": "right"
      }
    },
    {
      "seq": 215,
      "type": "advance",
      "label": "23",
      "ts": 13180,
      "detail": {
        "headBefore": [
          20,
          19
        ],
        "headAfter": [
          21,
          19
        ],
        "tailBefore": [
          10,
          18
        ],
        "tailAfter": [
          9,
          18
        ],
        "dir": "right"
      }
    },
    {
      "seq": 216,
      "type": "advance",
      "label": "23",
      "ts": 13231,
      "detail": {
        "headBefore": [
          21,
          19
        ],
        "headAfter": [
          22,
          19
        ],
        "tailBefore": [
          9,
          18
        ],
        "tailAfter": [
          8,
          18
        ],
        "dir": "right"
      }
    },
    {
      "seq": 217,
      "type": "advance",
      "label": "23",
      "ts": 13280,
      "detail": {
        "headBefore": [
          22,
          19
        ],
        "headAfter": [
          23,
          19
        ],
        "tailBefore": [
          8,
          18
        ],
        "tailAfter": [
          8,
          19
        ],
        "dir": "right"
      }
    },
    {
      "seq": 218,
      "type": "click",
      "label": "24",
      "ts": 13296,
      "detail": {}
    },
    {
      "seq": 219,
      "type": "advance",
      "label": "24",
      "ts": 13297,
      "detail": {
        "headBefore": [
          13,
          11
        ],
        "headAfter": [
          14,
          11
        ],
        "tailBefore": [
          11,
          11
        ],
        "tailAfter": [
          12,
          11
        ],
        "dir": "right"
      }
    },
    {
      "seq": 220,
      "type": "advance",
      "label": "23",
      "ts": 13331,
      "detail": {
        "headBefore": [
          23,
          19
        ],
        "headAfter": [
          24,
          19
        ],
        "tailBefore": [
          8,
          19
        ],
        "tailAfter": [
          9,
          19
        ],
        "dir": "right"
      }
    },
    {
      "seq": 221,
      "type": "advance",
      "label": "24",
      "ts": 13347,
      "detail": {
        "headBefore": [
          14,
          11
        ],
        "headAfter": [
          15,
          11
        ],
        "tailBefore": [
          12,
          11
        ],
        "tailAfter": [
          13,
          11
        ],
        "dir": "right"
      }
    },
    {
      "seq": 222,
      "type": "advance",
      "label": "23",
      "ts": 13380,
      "detail": {
        "headBefore": [
          24,
          19
        ],
        "headAfter": [
          25,
          19
        ],
        "tailBefore": [
          9,
          19
        ],
        "tailAfter": [
          9,
          20
        ],
        "dir": "right"
      }
    },
    {
      "seq": 223,
      "type": "advance",
      "label": "24",
      "ts": 13397,
      "detail": {
        "headBefore": [
          15,
          11
        ],
        "headAfter": [
          16,
          11
        ],
        "tailBefore": [
          13,
          11
        ],
        "tailAfter": [
          14,
          11
        ],
        "dir": "right"
      }
    },
    {
      "seq": 224,
      "type": "dispose",
      "label": "24",
      "ts": 13397,
      "detail": {}
    },
    {
      "seq": 225,
      "type": "advance",
      "label": "23",
      "ts": 13430,
      "detail": {
        "headBefore": [
          25,
          19
        ],
        "headAfter": [
          26,
          19
        ],
        "tailBefore": [
          9,
          20
        ],
        "tailAfter": [
          10,
          20
        ],
        "dir": "right"
      }
    },
    {
      "seq": 226,
      "type": "advance",
      "label": "23",
      "ts": 13481,
      "detail": {
        "headBefore": [
          26,
          19
        ],
        "headAfter": [
          27,
          19
        ],
        "tailBefore": [
          10,
          20
        ],
        "tailAfter": [
          10,
          19
        ],
        "dir": "right"
      }
    },
    {
      "seq": 227,
      "type": "advance",
      "label": "23",
      "ts": 13531,
      "detail": {
        "headBefore": [
          27,
          19
        ],
        "headAfter": [
          28,
          19
        ],
        "tailBefore": [
          10,
          19
        ],
        "tailAfter": [
          11,
          19
        ],
        "dir": "right"
      }
    },
    {
      "seq": 228,
      "type": "advance",
      "label": "23",
      "ts": 13581,
      "detail": {
        "headBefore": [
          28,
          19
        ],
        "headAfter": [
          29,
          19
        ],
        "tailBefore": [
          11,
          19
        ],
        "tailAfter": [
          12,
          19
        ],
        "dir": "right"
      }
    },
    {
      "seq": 229,
      "type": "advance",
      "label": "23",
      "ts": 13630,
      "detail": {
        "headBefore": [
          29,
          19
        ],
        "headAfter": [
          30,
          19
        ],
        "tailBefore": [
          12,
          19
        ],
        "tailAfter": [
          13,
          19
        ],
        "dir": "right"
      }
    },
    {
      "seq": 230,
      "type": "advance",
      "label": "23",
      "ts": 13697,
      "detail": {
        "headBefore": [
          30,
          19
        ],
        "headAfter": [
          31,
          19
        ],
        "tailBefore": [
          13,
          19
        ],
        "tailAfter": [
          14,
          19
        ],
        "dir": "right"
      }
    },
    {
      "seq": 231,
      "type": "dispose",
      "label": "23",
      "ts": 13697,
      "detail": {}
    },
    {
      "seq": 232,
      "type": "click",
      "label": "25",
      "ts": 13797,
      "detail": {}
    },
    {
      "seq": 233,
      "type": "advance",
      "label": "25",
      "ts": 13797,
      "detail": {
        "headBefore": [
          1,
          14
        ],
        "headAfter": [
          0,
          14
        ],
        "tailBefore": [
          2,
          14
        ],
        "tailAfter": [
          1,
          14
        ],
        "dir": "left"
      }
    },
    {
      "seq": 234,
      "type": "advance",
      "label": "25",
      "ts": 13847,
      "detail": {
        "headBefore": [
          0,
          14
        ],
        "headAfter": [
          -1,
          14
        ],
        "tailBefore": [
          1,
          14
        ],
        "tailAfter": [
          0,
          14
        ],
        "dir": "left"
      }
    },
    {
      "seq": 235,
      "type": "advance",
      "label": "25",
      "ts": 13897,
      "detail": {
        "headBefore": [
          -1,
          14
        ],
        "headAfter": [
          -2,
          14
        ],
        "tailBefore": [
          0,
          14
        ],
        "tailAfter": [
          -1,
          14
        ],
        "dir": "left"
      }
    },
    {
      "seq": 236,
      "type": "dispose",
      "label": "25",
      "ts": 13897,
      "detail": {}
    },
    {
      "seq": 237,
      "type": "click",
      "label": "26",
      "ts": 14297,
      "detail": {}
    },
    {
      "seq": 238,
      "type": "advance",
      "label": "26",
      "ts": 14298,
      "detail": {
        "headBefore": [
          13,
          12
        ],
        "headAfter": [
          13,
          11
        ],
        "tailBefore": [
          13,
          13
        ],
        "tailAfter": [
          13,
          12
        ],
        "dir": "up"
      }
    },
    {
      "seq": 239,
      "type": "advance",
      "label": "26",
      "ts": 14348,
      "detail": {
        "headBefore": [
          13,
          11
        ],
        "headAfter": [
          13,
          10
        ],
        "tailBefore": [
          13,
          12
        ],
        "tailAfter": [
          13,
          11
        ],
        "dir": "up"
      }
    },
    {
      "seq": 240,
      "type": "advance",
      "label": "26",
      "ts": 14398,
      "detail": {
        "headBefore": [
          13,
          10
        ],
        "headAfter": [
          13,
          9
        ],
        "tailBefore": [
          13,
          11
        ],
        "tailAfter": [
          13,
          10
        ],
        "dir": "up"
      }
    },
    {
      "seq": 241,
      "type": "collision",
      "label": "26",
      "ts": 14447,
      "detail": {
        "blocker": "29",
        "headCol": 13,
        "headRow": 8
      }
    },
    {
      "seq": 242,
      "type": "retreat",
      "label": "26",
      "ts": 14448,
      "detail": {
        "headBefore": [
          13,
          9
        ],
        "headAfter": [
          13,
          10
        ],
        "tailBefore": [
          13,
          10
        ],
        "tailAfter": [
          13,
          11
        ],
        "dir": "up"
      }
    },
    {
      "seq": 243,
      "type": "retreat",
      "label": "26",
      "ts": 14498,
      "detail": {
        "headBefore": [
          13,
          10
        ],
        "headAfter": [
          13,
          11
        ],
        "tailBefore": [
          13,
          11
        ],
        "tailAfter": [
          13,
          12
        ],
        "dir": "up"
      }
    },
    {
      "seq": 244,
      "type": "retreat",
      "label": "26",
      "ts": 14548,
      "detail": {
        "headBefore": [
          13,
          11
        ],
        "headAfter": [
          13,
          12
        ],
        "tailBefore": [
          13,
          12
        ],
        "tailAfter": [
          13,
          13
        ],
        "dir": "up"
      }
    },
    {
      "seq": 245,
      "type": "click",
      "label": "27",
      "ts": 14798,
      "detail": {}
    },
    {
      "seq": 246,
      "type": "advance",
      "label": "27",
      "ts": 14798,
      "detail": {
        "headBefore": [
          9,
          4
        ],
        "headAfter": [
          8,
          4
        ],
        "tailBefore": [
          11,
          4
        ],
        "tailAfter": [
          11,
          5
        ],
        "dir": "left"
      }
    },
    {
      "seq": 247,
      "type": "collision",
      "label": "27",
      "ts": 14847,
      "detail": {
        "blocker": "51",
        "headCol": 7,
        "headRow": 4
      }
    },
    {
      "seq": 248,
      "type": "retreat",
      "label": "27",
      "ts": 14848,
      "detail": {
        "headBefore": [
          8,
          4
        ],
        "headAfter": [
          9,
          4
        ],
        "tailBefore": [
          11,
          5
        ],
        "tailAfter": [
          11,
          4
        ],
        "dir": "left"
      }
    },
    {
      "seq": 249,
      "type": "click",
      "label": "28",
      "ts": 15298,
      "detail": {}
    },
    {
      "seq": 250,
      "type": "advance",
      "label": "28",
      "ts": 15298,
      "detail": {
        "headBefore": [
          13,
          5
        ],
        "headAfter": [
          13,
          4
        ],
        "tailBefore": [
          13,
          6
        ],
        "tailAfter": [
          13,
          5
        ],
        "dir": "up"
      }
    },
    {
      "seq": 251,
      "type": "advance",
      "label": "28",
      "ts": 15349,
      "detail": {
        "headBefore": [
          13,
          4
        ],
        "headAfter": [
          13,
          3
        ],
        "tailBefore": [
          13,
          5
        ],
        "tailAfter": [
          13,
          4
        ],
        "dir": "up"
      }
    },
    {
      "seq": 252,
      "type": "advance",
      "label": "28",
      "ts": 15399,
      "detail": {
        "headBefore": [
          13,
          3
        ],
        "headAfter": [
          13,
          2
        ],
        "tailBefore": [
          13,
          4
        ],
        "tailAfter": [
          13,
          3
        ],
        "dir": "up"
      }
    },
    {
      "seq": 253,
      "type": "advance",
      "label": "28",
      "ts": 15449,
      "detail": {
        "headBefore": [
          13,
          2
        ],
        "headAfter": [
          13,
          1
        ],
        "tailBefore": [
          13,
          3
        ],
        "tailAfter": [
          13,
          2
        ],
        "dir": "up"
      }
    },
    {
      "seq": 254,
      "type": "advance",
      "label": "28",
      "ts": 15499,
      "detail": {
        "headBefore": [
          13,
          1
        ],
        "headAfter": [
          13,
          0
        ],
        "tailBefore": [
          13,
          2
        ],
        "tailAfter": [
          13,
          1
        ],
        "dir": "up"
      }
    },
    {
      "seq": 255,
      "type": "advance",
      "label": "28",
      "ts": 15549,
      "detail": {
        "headBefore": [
          13,
          0
        ],
        "headAfter": [
          13,
          -1
        ],
        "tailBefore": [
          13,
          1
        ],
        "tailAfter": [
          13,
          0
        ],
        "dir": "up"
      }
    },
    {
      "seq": 256,
      "type": "advance",
      "label": "28",
      "ts": 15599,
      "detail": {
        "headBefore": [
          13,
          -1
        ],
        "headAfter": [
          13,
          -2
        ],
        "tailBefore": [
          13,
          0
        ],
        "tailAfter": [
          13,
          -1
        ],
        "dir": "up"
      }
    },
    {
      "seq": 257,
      "type": "dispose",
      "label": "28",
      "ts": 15599,
      "detail": {}
    },
    {
      "seq": 258,
      "type": "click",
      "label": "29",
      "ts": 15798,
      "detail": {}
    },
    {
      "seq": 259,
      "type": "advance",
      "label": "29",
      "ts": 15799,
      "detail": {
        "headBefore": [
          13,
          8
        ],
        "headAfter": [
          14,
          8
        ],
        "tailBefore": [
          12,
          8
        ],
        "tailAfter": [
          13,
          8
        ],
        "dir": "right"
      }
    },
    {
      "seq": 260,
      "type": "advance",
      "label": "29",
      "ts": 15865,
      "detail": {
        "headBefore": [
          14,
          8
        ],
        "headAfter": [
          15,
          8
        ],
        "tailBefore": [
          13,
          8
        ],
        "tailAfter": [
          14,
          8
        ],
        "dir": "right"
      }
    },
    {
      "seq": 261,
      "type": "dispose",
      "label": "29",
      "ts": 15865,
      "detail": {}
    },
    {
      "seq": 262,
      "type": "click",
      "label": "30",
      "ts": 16299,
      "detail": {}
    },
    {
      "seq": 263,
      "type": "advance",
      "label": "30",
      "ts": 16299,
      "detail": {
        "headBefore": [
          5,
          14
        ],
        "headAfter": [
          4,
          14
        ],
        "tailBefore": [
          6,
          16
        ],
        "tailAfter": [
          5,
          16
        ],
        "dir": "left"
      }
    },
    {
      "seq": 264,
      "type": "advance",
      "label": "30",
      "ts": 16350,
      "detail": {
        "headBefore": [
          4,
          14
        ],
        "headAfter": [
          3,
          14
        ],
        "tailBefore": [
          5,
          16
        ],
        "tailAfter": [
          5,
          15
        ],
        "dir": "left"
      }
    },
    {
      "seq": 265,
      "type": "advance",
      "label": "30",
      "ts": 16400,
      "detail": {
        "headBefore": [
          3,
          14
        ],
        "headAfter": [
          2,
          14
        ],
        "tailBefore": [
          5,
          15
        ],
        "tailAfter": [
          6,
          15
        ],
        "dir": "left"
      }
    },
    {
      "seq": 266,
      "type": "advance",
      "label": "30",
      "ts": 16450,
      "detail": {
        "headBefore": [
          2,
          14
        ],
        "headAfter": [
          1,
          14
        ],
        "tailBefore": [
          6,
          15
        ],
        "tailAfter": [
          6,
          14
        ],
        "dir": "left"
      }
    },
    {
      "seq": 267,
      "type": "advance",
      "label": "30",
      "ts": 16499,
      "detail": {
        "headBefore": [
          1,
          14
        ],
        "headAfter": [
          0,
          14
        ],
        "tailBefore": [
          6,
          14
        ],
        "tailAfter": [
          5,
          14
        ],
        "dir": "left"
      }
    },
    {
      "seq": 268,
      "type": "advance",
      "label": "30",
      "ts": 16549,
      "detail": {
        "headBefore": [
          0,
          14
        ],
        "headAfter": [
          -1,
          14
        ],
        "tailBefore": [
          5,
          14
        ],
        "tailAfter": [
          4,
          14
        ],
        "dir": "left"
      }
    },
    {
      "seq": 269,
      "type": "advance",
      "label": "30",
      "ts": 16600,
      "detail": {
        "headBefore": [
          -1,
          14
        ],
        "headAfter": [
          -2,
          14
        ],
        "tailBefore": [
          4,
          14
        ],
        "tailAfter": [
          3,
          14
        ],
        "dir": "left"
      }
    },
    {
      "seq": 270,
      "type": "advance",
      "label": "30",
      "ts": 16650,
      "detail": {
        "headBefore": [
          -2,
          14
        ],
        "headAfter": [
          -3,
          14
        ],
        "tailBefore": [
          3,
          14
        ],
        "tailAfter": [
          2,
          14
        ],
        "dir": "left"
      }
    },
    {
      "seq": 271,
      "type": "advance",
      "label": "30",
      "ts": 16700,
      "detail": {
        "headBefore": [
          -3,
          14
        ],
        "headAfter": [
          -4,
          14
        ],
        "tailBefore": [
          2,
          14
        ],
        "tailAfter": [
          1,
          14
        ],
        "dir": "left"
      }
    },
    {
      "seq": 272,
      "type": "advance",
      "label": "30",
      "ts": 16749,
      "detail": {
        "headBefore": [
          -4,
          14
        ],
        "headAfter": [
          -5,
          14
        ],
        "tailBefore": [
          1,
          14
        ],
        "tailAfter": [
          0,
          14
        ],
        "dir": "left"
      }
    },
    {
      "seq": 273,
      "type": "click",
      "label": "31",
      "ts": 16799,
      "detail": {}
    },
    {
      "seq": 274,
      "type": "advance",
      "label": "31",
      "ts": 16800,
      "detail": {
        "headBefore": [
          3,
          10
        ],
        "headAfter": [
          3,
          9
        ],
        "tailBefore": [
          3,
          11
        ],
        "tailAfter": [
          3,
          10
        ],
        "dir": "up"
      }
    },
    {
      "seq": 275,
      "type": "advance",
      "label": "30",
      "ts": 16816,
      "detail": {
        "headBefore": [
          -5,
          14
        ],
        "headAfter": [
          -6,
          14
        ],
        "tailBefore": [
          0,
          14
        ],
        "tailAfter": [
          -1,
          14
        ],
        "dir": "left"
      }
    },
    {
      "seq": 276,
      "type": "dispose",
      "label": "30",
      "ts": 16816,
      "detail": {}
    },
    {
      "seq": 277,
      "type": "collision",
      "label": "31",
      "ts": 16849,
      "detail": {
        "blocker": "34",
        "headCol": 3,
        "headRow": 8
      }
    },
    {
      "seq": 278,
      "type": "retreat",
      "label": "31",
      "ts": 16850,
      "detail": {
        "headBefore": [
          3,
          9
        ],
        "headAfter": [
          3,
          10
        ],
        "tailBefore": [
          3,
          10
        ],
        "tailAfter": [
          3,
          11
        ],
        "dir": "up"
      }
    },
    {
      "seq": 279,
      "type": "click",
      "label": "32",
      "ts": 17299,
      "detail": {}
    },
    {
      "seq": 280,
      "type": "advance",
      "label": "32",
      "ts": 17300,
      "detail": {
        "headBefore": [
          7,
          6
        ],
        "headAfter": [
          8,
          6
        ],
        "tailBefore": [
          5,
          6
        ],
        "tailAfter": [
          6,
          6
        ],
        "dir": "right"
      }
    },
    {
      "seq": 281,
      "type": "advance",
      "label": "32",
      "ts": 17350,
      "detail": {
        "headBefore": [
          8,
          6
        ],
        "headAfter": [
          9,
          6
        ],
        "tailBefore": [
          6,
          6
        ],
        "tailAfter": [
          7,
          6
        ],
        "dir": "right"
      }
    },
    {
      "seq": 282,
      "type": "advance",
      "label": "32",
      "ts": 17401,
      "detail": {
        "headBefore": [
          9,
          6
        ],
        "headAfter": [
          10,
          6
        ],
        "tailBefore": [
          7,
          6
        ],
        "tailAfter": [
          8,
          6
        ],
        "dir": "right"
      }
    },
    {
      "seq": 283,
      "type": "advance",
      "label": "32",
      "ts": 17451,
      "detail": {
        "headBefore": [
          10,
          6
        ],
        "headAfter": [
          11,
          6
        ],
        "tailBefore": [
          8,
          6
        ],
        "tailAfter": [
          9,
          6
        ],
        "dir": "right"
      }
    },
    {
      "seq": 284,
      "type": "advance",
      "label": "32",
      "ts": 17500,
      "detail": {
        "headBefore": [
          11,
          6
        ],
        "headAfter": [
          12,
          6
        ],
        "tailBefore": [
          9,
          6
        ],
        "tailAfter": [
          10,
          6
        ],
        "dir": "right"
      }
    },
    {
      "seq": 285,
      "type": "advance",
      "label": "32",
      "ts": 17550,
      "detail": {
        "headBefore": [
          12,
          6
        ],
        "headAfter": [
          13,
          6
        ],
        "tailBefore": [
          10,
          6
        ],
        "tailAfter": [
          11,
          6
        ],
        "dir": "right"
      }
    },
    {
      "seq": 286,
      "type": "advance",
      "label": "32",
      "ts": 17601,
      "detail": {
        "headBefore": [
          13,
          6
        ],
        "headAfter": [
          14,
          6
        ],
        "tailBefore": [
          11,
          6
        ],
        "tailAfter": [
          12,
          6
        ],
        "dir": "right"
      }
    },
    {
      "seq": 287,
      "type": "advance",
      "label": "32",
      "ts": 17651,
      "detail": {
        "headBefore": [
          14,
          6
        ],
        "headAfter": [
          15,
          6
        ],
        "tailBefore": [
          12,
          6
        ],
        "tailAfter": [
          13,
          6
        ],
        "dir": "right"
      }
    },
    {
      "seq": 288,
      "type": "advance",
      "label": "32",
      "ts": 17701,
      "detail": {
        "headBefore": [
          15,
          6
        ],
        "headAfter": [
          16,
          6
        ],
        "tailBefore": [
          13,
          6
        ],
        "tailAfter": [
          14,
          6
        ],
        "dir": "right"
      }
    },
    {
      "seq": 289,
      "type": "dispose",
      "label": "32",
      "ts": 17701,
      "detail": {}
    },
    {
      "seq": 290,
      "type": "click",
      "label": "33",
      "ts": 17800,
      "detail": {}
    },
    {
      "seq": 291,
      "type": "advance",
      "label": "33",
      "ts": 17801,
      "detail": {
        "headBefore": [
          10,
          12
        ],
        "headAfter": [
          11,
          12
        ],
        "tailBefore": [
          10,
          11
        ],
        "tailAfter": [
          9,
          11
        ],
        "dir": "right"
      }
    },
    {
      "seq": 292,
      "type": "advance",
      "label": "33",
      "ts": 17867,
      "detail": {
        "headBefore": [
          11,
          12
        ],
        "headAfter": [
          12,
          12
        ],
        "tailBefore": [
          9,
          11
        ],
        "tailAfter": [
          8,
          11
        ],
        "dir": "right"
      }
    },
    {
      "seq": 293,
      "type": "advance",
      "label": "33",
      "ts": 17917,
      "detail": {
        "headBefore": [
          12,
          12
        ],
        "headAfter": [
          13,
          12
        ],
        "tailBefore": [
          8,
          11
        ],
        "tailAfter": [
          8,
          12
        ],
        "dir": "right"
      }
    },
    {
      "seq": 294,
      "type": "advance",
      "label": "33",
      "ts": 17967,
      "detail": {
        "headBefore": [
          13,
          12
        ],
        "headAfter": [
          14,
          12
        ],
        "tailBefore": [
          8,
          12
        ],
        "tailAfter": [
          9,
          12
        ],
        "dir": "right"
      }
    },
    {
      "seq": 295,
      "type": "advance",
      "label": "33",
      "ts": 18017,
      "detail": {
        "headBefore": [
          14,
          12
        ],
        "headAfter": [
          15,
          12
        ],
        "tailBefore": [
          9,
          12
        ],
        "tailAfter": [
          10,
          12
        ],
        "dir": "right"
      }
    },
    {
      "seq": 296,
      "type": "advance",
      "label": "33",
      "ts": 18068,
      "detail": {
        "headBefore": [
          15,
          12
        ],
        "headAfter": [
          16,
          12
        ],
        "tailBefore": [
          10,
          12
        ],
        "tailAfter": [
          11,
          12
        ],
        "dir": "right"
      }
    },
    {
      "seq": 297,
      "type": "advance",
      "label": "33",
      "ts": 18118,
      "detail": {
        "headBefore": [
          16,
          12
        ],
        "headAfter": [
          17,
          12
        ],
        "tailBefore": [
          11,
          12
        ],
        "tailAfter": [
          12,
          12
        ],
        "dir": "right"
      }
    },
    {
      "seq": 298,
      "type": "advance",
      "label": "33",
      "ts": 18168,
      "detail": {
        "headBefore": [
          17,
          12
        ],
        "headAfter": [
          18,
          12
        ],
        "tailBefore": [
          12,
          12
        ],
        "tailAfter": [
          13,
          12
        ],
        "dir": "right"
      }
    },
    {
      "seq": 299,
      "type": "advance",
      "label": "33",
      "ts": 18217,
      "detail": {
        "headBefore": [
          18,
          12
        ],
        "headAfter": [
          19,
          12
        ],
        "tailBefore": [
          13,
          12
        ],
        "tailAfter": [
          14,
          12
        ],
        "dir": "right"
      }
    },
    {
      "seq": 300,
      "type": "dispose",
      "label": "33",
      "ts": 18217,
      "detail": {}
    },
    {
      "seq": 301,
      "type": "click",
      "label": "34",
      "ts": 18300,
      "detail": {}
    },
    {
      "seq": 302,
      "type": "advance",
      "label": "34",
      "ts": 18301,
      "detail": {
        "headBefore": [
          2,
          7
        ],
        "headAfter": [
          2,
          6
        ],
        "tailBefore": [
          6,
          8
        ],
        "tailAfter": [
          6,
          9
        ],
        "dir": "up"
      }
    },
    {
      "seq": 303,
      "type": "advance",
      "label": "34",
      "ts": 18351,
      "detail": {
        "headBefore": [
          2,
          6
        ],
        "headAfter": [
          2,
          5
        ],
        "tailBefore": [
          6,
          9
        ],
        "tailAfter": [
          7,
          9
        ],
        "dir": "up"
      }
    },
    {
      "seq": 304,
      "type": "advance",
      "label": "34",
      "ts": 18401,
      "detail": {
        "headBefore": [
          2,
          5
        ],
        "headAfter": [
          2,
          4
        ],
        "tailBefore": [
          7,
          9
        ],
        "tailAfter": [
          7,
          8
        ],
        "dir": "up"
      }
    },
    {
      "seq": 305,
      "type": "advance",
      "label": "34",
      "ts": 18451,
      "detail": {
        "headBefore": [
          2,
          4
        ],
        "headAfter": [
          2,
          3
        ],
        "tailBefore": [
          7,
          8
        ],
        "tailAfter": [
          7,
          7
        ],
        "dir": "up"
      }
    },
    {
      "seq": 306,
      "type": "advance",
      "label": "34",
      "ts": 18501,
      "detail": {
        "headBefore": [
          2,
          3
        ],
        "headAfter": [
          2,
          2
        ],
        "tailBefore": [
          7,
          7
        ],
        "tailAfter": [
          6,
          7
        ],
        "dir": "up"
      }
    },
    {
      "seq": 307,
      "type": "advance",
      "label": "34",
      "ts": 18551,
      "detail": {
        "headBefore": [
          2,
          2
        ],
        "headAfter": [
          2,
          1
        ],
        "tailBefore": [
          6,
          7
        ],
        "tailAfter": [
          5,
          7
        ],
        "dir": "up"
      }
    },
    {
      "seq": 308,
      "type": "advance",
      "label": "34",
      "ts": 18601,
      "detail": {
        "headBefore": [
          2,
          1
        ],
        "headAfter": [
          2,
          0
        ],
        "tailBefore": [
          5,
          7
        ],
        "tailAfter": [
          5,
          8
        ],
        "dir": "up"
      }
    },
    {
      "seq": 309,
      "type": "advance",
      "label": "34",
      "ts": 18652,
      "detail": {
        "headBefore": [
          2,
          0
        ],
        "headAfter": [
          2,
          -1
        ],
        "tailBefore": [
          5,
          8
        ],
        "tailAfter": [
          4,
          8
        ],
        "dir": "up"
      }
    },
    {
      "seq": 310,
      "type": "advance",
      "label": "34",
      "ts": 18702,
      "detail": {
        "headBefore": [
          2,
          -1
        ],
        "headAfter": [
          2,
          -2
        ],
        "tailBefore": [
          4,
          8
        ],
        "tailAfter": [
          3,
          8
        ],
        "dir": "up"
      }
    },
    {
      "seq": 311,
      "type": "advance",
      "label": "34",
      "ts": 18751,
      "detail": {
        "headBefore": [
          2,
          -2
        ],
        "headAfter": [
          2,
          -3
        ],
        "tailBefore": [
          3,
          8
        ],
        "tailAfter": [
          2,
          8
        ],
        "dir": "up"
      }
    },
    {
      "seq": 312,
      "type": "click",
      "label": "35",
      "ts": 18801,
      "detail": {}
    },
    {
      "seq": 313,
      "type": "advance",
      "label": "35",
      "ts": 18801,
      "detail": {
        "headBefore": [
          2,
          19
        ],
        "headAfter": [
          1,
          19
        ],
        "tailBefore": [
          4,
          19
        ],
        "tailAfter": [
          3,
          19
        ],
        "dir": "left"
      }
    },
    {
      "seq": 314,
      "type": "advance",
      "label": "34",
      "ts": 18802,
      "detail": {
        "headBefore": [
          2,
          -3
        ],
        "headAfter": [
          2,
          -4
        ],
        "tailBefore": [
          2,
          8
        ],
        "tailAfter": [
          2,
          7
        ],
        "dir": "up"
      }
    },
    {
      "seq": 315,
      "type": "advance",
      "label": "35",
      "ts": 18852,
      "detail": {
        "headBefore": [
          1,
          19
        ],
        "headAfter": [
          0,
          19
        ],
        "tailBefore": [
          3,
          19
        ],
        "tailAfter": [
          2,
          19
        ],
        "dir": "left"
      }
    },
    {
      "seq": 316,
      "type": "advance",
      "label": "34",
      "ts": 18852,
      "detail": {
        "headBefore": [
          2,
          -4
        ],
        "headAfter": [
          2,
          -5
        ],
        "tailBefore": [
          2,
          7
        ],
        "tailAfter": [
          2,
          6
        ],
        "dir": "up"
      }
    },
    {
      "seq": 317,
      "type": "advance",
      "label": "35",
      "ts": 18902,
      "detail": {
        "headBefore": [
          0,
          19
        ],
        "headAfter": [
          -1,
          19
        ],
        "tailBefore": [
          2,
          19
        ],
        "tailAfter": [
          1,
          19
        ],
        "dir": "left"
      }
    },
    {
      "seq": 318,
      "type": "advance",
      "label": "34",
      "ts": 18902,
      "detail": {
        "headBefore": [
          2,
          -5
        ],
        "headAfter": [
          2,
          -6
        ],
        "tailBefore": [
          2,
          6
        ],
        "tailAfter": [
          2,
          5
        ],
        "dir": "up"
      }
    },
    {
      "seq": 319,
      "type": "advance",
      "label": "35",
      "ts": 18952,
      "detail": {
        "headBefore": [
          -1,
          19
        ],
        "headAfter": [
          -2,
          19
        ],
        "tailBefore": [
          1,
          19
        ],
        "tailAfter": [
          0,
          19
        ],
        "dir": "left"
      }
    },
    {
      "seq": 320,
      "type": "advance",
      "label": "34",
      "ts": 18952,
      "detail": {
        "headBefore": [
          2,
          -6
        ],
        "headAfter": [
          2,
          -7
        ],
        "tailBefore": [
          2,
          5
        ],
        "tailAfter": [
          2,
          4
        ],
        "dir": "up"
      }
    },
    {
      "seq": 321,
      "type": "advance",
      "label": "35",
      "ts": 19018,
      "detail": {
        "headBefore": [
          -2,
          19
        ],
        "headAfter": [
          -3,
          19
        ],
        "tailBefore": [
          0,
          19
        ],
        "tailAfter": [
          -1,
          19
        ],
        "dir": "left"
      }
    },
    {
      "seq": 322,
      "type": "dispose",
      "label": "35",
      "ts": 19018,
      "detail": {}
    },
    {
      "seq": 323,
      "type": "advance",
      "label": "34",
      "ts": 19018,
      "detail": {
        "headBefore": [
          2,
          -7
        ],
        "headAfter": [
          2,
          -8
        ],
        "tailBefore": [
          2,
          4
        ],
        "tailAfter": [
          2,
          3
        ],
        "dir": "up"
      }
    },
    {
      "seq": 324,
      "type": "advance",
      "label": "34",
      "ts": 19068,
      "detail": {
        "headBefore": [
          2,
          -8
        ],
        "headAfter": [
          2,
          -9
        ],
        "tailBefore": [
          2,
          3
        ],
        "tailAfter": [
          2,
          2
        ],
        "dir": "up"
      }
    },
    {
      "seq": 325,
      "type": "advance",
      "label": "34",
      "ts": 19119,
      "detail": {
        "headBefore": [
          2,
          -9
        ],
        "headAfter": [
          2,
          -10
        ],
        "tailBefore": [
          2,
          2
        ],
        "tailAfter": [
          2,
          1
        ],
        "dir": "up"
      }
    },
    {
      "seq": 326,
      "type": "advance",
      "label": "34",
      "ts": 19169,
      "detail": {
        "headBefore": [
          2,
          -10
        ],
        "headAfter": [
          2,
          -11
        ],
        "tailBefore": [
          2,
          1
        ],
        "tailAfter": [
          2,
          0
        ],
        "dir": "up"
      }
    },
    {
      "seq": 327,
      "type": "advance",
      "label": "34",
      "ts": 19218,
      "detail": {
        "headBefore": [
          2,
          -11
        ],
        "headAfter": [
          2,
          -12
        ],
        "tailBefore": [
          2,
          0
        ],
        "tailAfter": [
          2,
          -1
        ],
        "dir": "up"
      }
    },
    {
      "seq": 328,
      "type": "dispose",
      "label": "34",
      "ts": 19218,
      "detail": {}
    },
    {
      "seq": 329,
      "type": "click",
      "label": "36",
      "ts": 19301,
      "detail": {}
    },
    {
      "seq": 330,
      "type": "advance",
      "label": "36",
      "ts": 19302,
      "detail": {
        "headBefore": [
          4,
          13
        ],
        "headAfter": [
          3,
          13
        ],
        "tailBefore": [
          5,
          13
        ],
        "tailAfter": [
          4,
          13
        ],
        "dir": "left"
      }
    },
    {
      "seq": 331,
      "type": "advance",
      "label": "36",
      "ts": 19352,
      "detail": {
        "headBefore": [
          3,
          13
        ],
        "headAfter": [
          2,
          13
        ],
        "tailBefore": [
          4,
          13
        ],
        "tailAfter": [
          3,
          13
        ],
        "dir": "left"
      }
    },
    {
      "seq": 332,
      "type": "advance",
      "label": "36",
      "ts": 19402,
      "detail": {
        "headBefore": [
          2,
          13
        ],
        "headAfter": [
          1,
          13
        ],
        "tailBefore": [
          3,
          13
        ],
        "tailAfter": [
          2,
          13
        ],
        "dir": "left"
      }
    },
    {
      "seq": 333,
      "type": "advance",
      "label": "36",
      "ts": 19451,
      "detail": {
        "headBefore": [
          1,
          13
        ],
        "headAfter": [
          0,
          13
        ],
        "tailBefore": [
          2,
          13
        ],
        "tailAfter": [
          1,
          13
        ],
        "dir": "left"
      }
    },
    {
      "seq": 334,
      "type": "advance",
      "label": "36",
      "ts": 19502,
      "detail": {
        "headBefore": [
          0,
          13
        ],
        "headAfter": [
          -1,
          13
        ],
        "tailBefore": [
          1,
          13
        ],
        "tailAfter": [
          0,
          13
        ],
        "dir": "left"
      }
    },
    {
      "seq": 335,
      "type": "advance",
      "label": "36",
      "ts": 19552,
      "detail": {
        "headBefore": [
          -1,
          13
        ],
        "headAfter": [
          -2,
          13
        ],
        "tailBefore": [
          0,
          13
        ],
        "tailAfter": [
          -1,
          13
        ],
        "dir": "left"
      }
    },
    {
      "seq": 336,
      "type": "dispose",
      "label": "36",
      "ts": 19552,
      "detail": {}
    },
    {
      "seq": 337,
      "type": "click",
      "label": "37",
      "ts": 19801,
      "detail": {}
    },
    {
      "seq": 338,
      "type": "advance",
      "label": "37",
      "ts": 19802,
      "detail": {
        "headBefore": [
          11,
          10
        ],
        "headAfter": [
          12,
          10
        ],
        "tailBefore": [
          9,
          7
        ],
        "tailAfter": [
          9,
          8
        ],
        "dir": "right"
      }
    },
    {
      "seq": 339,
      "type": "advance",
      "label": "37",
      "ts": 19852,
      "detail": {
        "headBefore": [
          12,
          10
        ],
        "headAfter": [
          13,
          10
        ],
        "tailBefore": [
          9,
          8
        ],
        "tailAfter": [
          8,
          8
        ],
        "dir": "right"
      }
    },
    {
      "seq": 340,
      "type": "advance",
      "label": "37",
      "ts": 19902,
      "detail": {
        "headBefore": [
          13,
          10
        ],
        "headAfter": [
          14,
          10
        ],
        "tailBefore": [
          8,
          8
        ],
        "tailAfter": [
          8,
          9
        ],
        "dir": "right"
      }
    },
    {
      "seq": 341,
      "type": "advance",
      "label": "37",
      "ts": 19952,
      "detail": {
        "headBefore": [
          14,
          10
        ],
        "headAfter": [
          15,
          10
        ],
        "tailBefore": [
          8,
          9
        ],
        "tailAfter": [
          9,
          9
        ],
        "dir": "right"
      }
    },
    {
      "seq": 342,
      "type": "advance",
      "label": "37",
      "ts": 20003,
      "detail": {
        "headBefore": [
          15,
          10
        ],
        "headAfter": [
          16,
          10
        ],
        "tailBefore": [
          9,
          9
        ],
        "tailAfter": [
          10,
          9
        ],
        "dir": "right"
      }
    },
    {
      "seq": 343,
      "type": "advance",
      "label": "37",
      "ts": 20053,
      "detail": {
        "headBefore": [
          16,
          10
        ],
        "headAfter": [
          17,
          10
        ],
        "tailBefore": [
          10,
          9
        ],
        "tailAfter": [
          10,
          10
        ],
        "dir": "right"
      }
    },
    {
      "seq": 344,
      "type": "advance",
      "label": "37",
      "ts": 20103,
      "detail": {
        "headBefore": [
          17,
          10
        ],
        "headAfter": [
          18,
          10
        ],
        "tailBefore": [
          10,
          10
        ],
        "tailAfter": [
          11,
          10
        ],
        "dir": "right"
      }
    },
    {
      "seq": 345,
      "type": "advance",
      "label": "37",
      "ts": 20153,
      "detail": {
        "headBefore": [
          18,
          10
        ],
        "headAfter": [
          19,
          10
        ],
        "tailBefore": [
          11,
          10
        ],
        "tailAfter": [
          12,
          10
        ],
        "dir": "right"
      }
    },
    {
      "seq": 346,
      "type": "advance",
      "label": "37",
      "ts": 20219,
      "detail": {
        "headBefore": [
          19,
          10
        ],
        "headAfter": [
          20,
          10
        ],
        "tailBefore": [
          12,
          10
        ],
        "tailAfter": [
          13,
          10
        ],
        "dir": "right"
      }
    },
    {
      "seq": 347,
      "type": "advance",
      "label": "37",
      "ts": 20286,
      "detail": {
        "headBefore": [
          20,
          10
        ],
        "headAfter": [
          21,
          10
        ],
        "tailBefore": [
          13,
          10
        ],
        "tailAfter": [
          14,
          10
        ],
        "dir": "right"
      }
    },
    {
      "seq": 348,
      "type": "dispose",
      "label": "37",
      "ts": 20286,
      "detail": {}
    },
    {
      "seq": 349,
      "type": "click",
      "label": "38",
      "ts": 20302,
      "detail": {}
    },
    {
      "seq": 350,
      "type": "advance",
      "label": "38",
      "ts": 20302,
      "detail": {
        "headBefore": [
          0,
          11
        ],
        "headAfter": [
          0,
          12
        ],
        "tailBefore": [
          0,
          8
        ],
        "tailAfter": [
          0,
          9
        ],
        "dir": "down"
      }
    },
    {
      "seq": 351,
      "type": "advance",
      "label": "38",
      "ts": 20353,
      "detail": {
        "headBefore": [
          0,
          12
        ],
        "headAfter": [
          0,
          13
        ],
        "tailBefore": [
          0,
          9
        ],
        "tailAfter": [
          0,
          10
        ],
        "dir": "down"
      }
    },
    {
      "seq": 352,
      "type": "advance",
      "label": "38",
      "ts": 20403,
      "detail": {
        "headBefore": [
          0,
          13
        ],
        "headAfter": [
          0,
          14
        ],
        "tailBefore": [
          0,
          10
        ],
        "tailAfter": [
          0,
          11
        ],
        "dir": "down"
      }
    },
    {
      "seq": 353,
      "type": "advance",
      "label": "38",
      "ts": 20452,
      "detail": {
        "headBefore": [
          0,
          14
        ],
        "headAfter": [
          0,
          15
        ],
        "tailBefore": [
          0,
          11
        ],
        "tailAfter": [
          0,
          12
        ],
        "dir": "down"
      }
    },
    {
      "seq": 354,
      "type": "advance",
      "label": "38",
      "ts": 20503,
      "detail": {
        "headBefore": [
          0,
          15
        ],
        "headAfter": [
          0,
          16
        ],
        "tailBefore": [
          0,
          12
        ],
        "tailAfter": [
          0,
          13
        ],
        "dir": "down"
      }
    },
    {
      "seq": 355,
      "type": "advance",
      "label": "38",
      "ts": 20553,
      "detail": {
        "headBefore": [
          0,
          16
        ],
        "headAfter": [
          0,
          17
        ],
        "tailBefore": [
          0,
          13
        ],
        "tailAfter": [
          0,
          14
        ],
        "dir": "down"
      }
    },
    {
      "seq": 356,
      "type": "advance",
      "label": "38",
      "ts": 20603,
      "detail": {
        "headBefore": [
          0,
          17
        ],
        "headAfter": [
          0,
          18
        ],
        "tailBefore": [
          0,
          14
        ],
        "tailAfter": [
          0,
          15
        ],
        "dir": "down"
      }
    },
    {
      "seq": 357,
      "type": "advance",
      "label": "38",
      "ts": 20653,
      "detail": {
        "headBefore": [
          0,
          18
        ],
        "headAfter": [
          0,
          19
        ],
        "tailBefore": [
          0,
          15
        ],
        "tailAfter": [
          0,
          16
        ],
        "dir": "down"
      }
    },
    {
      "seq": 358,
      "type": "advance",
      "label": "38",
      "ts": 20719,
      "detail": {
        "headBefore": [
          0,
          19
        ],
        "headAfter": [
          0,
          20
        ],
        "tailBefore": [
          0,
          16
        ],
        "tailAfter": [
          0,
          17
        ],
        "dir": "down"
      }
    },
    {
      "seq": 359,
      "type": "advance",
      "label": "38",
      "ts": 20770,
      "detail": {
        "headBefore": [
          0,
          20
        ],
        "headAfter": [
          0,
          21
        ],
        "tailBefore": [
          0,
          17
        ],
        "tailAfter": [
          0,
          18
        ],
        "dir": "down"
      }
    },
    {
      "seq": 360,
      "type": "click",
      "label": "39",
      "ts": 20802,
      "detail": {}
    },
    {
      "seq": 361,
      "type": "advance",
      "label": "39",
      "ts": 20803,
      "detail": {
        "headBefore": [
          10,
          16
        ],
        "headAfter": [
          10,
          17
        ],
        "tailBefore": [
          8,
          16
        ],
        "tailAfter": [
          9,
          16
        ],
        "dir": "down"
      }
    },
    {
      "seq": 362,
      "type": "advance",
      "label": "38",
      "ts": 20820,
      "detail": {
        "headBefore": [
          0,
          21
        ],
        "headAfter": [
          0,
          22
        ],
        "tailBefore": [
          0,
          18
        ],
        "tailAfter": [
          0,
          19
        ],
        "dir": "down"
      }
    },
    {
      "seq": 363,
      "type": "advance",
      "label": "39",
      "ts": 20853,
      "detail": {
        "headBefore": [
          10,
          17
        ],
        "headAfter": [
          10,
          18
        ],
        "tailBefore": [
          9,
          16
        ],
        "tailAfter": [
          9,
          17
        ],
        "dir": "down"
      }
    },
    {
      "seq": 364,
      "type": "advance",
      "label": "38",
      "ts": 20870,
      "detail": {
        "headBefore": [
          0,
          22
        ],
        "headAfter": [
          0,
          23
        ],
        "tailBefore": [
          0,
          19
        ],
        "tailAfter": [
          0,
          20
        ],
        "dir": "down"
      }
    },
    {
      "seq": 365,
      "type": "advance",
      "label": "39",
      "ts": 20903,
      "detail": {
        "headBefore": [
          10,
          18
        ],
        "headAfter": [
          10,
          19
        ],
        "tailBefore": [
          9,
          17
        ],
        "tailAfter": [
          8,
          17
        ],
        "dir": "down"
      }
    },
    {
      "seq": 366,
      "type": "advance",
      "label": "38",
      "ts": 20919,
      "detail": {
        "headBefore": [
          0,
          23
        ],
        "headAfter": [
          0,
          24
        ],
        "tailBefore": [
          0,
          20
        ],
        "tailAfter": [
          0,
          21
        ],
        "dir": "down"
      }
    },
    {
      "seq": 367,
      "type": "advance",
      "label": "39",
      "ts": 20953,
      "detail": {
        "headBefore": [
          10,
          19
        ],
        "headAfter": [
          10,
          20
        ],
        "tailBefore": [
          8,
          17
        ],
        "tailAfter": [
          7,
          17
        ],
        "dir": "down"
      }
    },
    {
      "seq": 368,
      "type": "advance",
      "label": "38",
      "ts": 20969,
      "detail": {
        "headBefore": [
          0,
          24
        ],
        "headAfter": [
          0,
          25
        ],
        "tailBefore": [
          0,
          21
        ],
        "tailAfter": [
          0,
          22
        ],
        "dir": "down"
      }
    },
    {
      "seq": 369,
      "type": "advance",
      "label": "39",
      "ts": 21003,
      "detail": {
        "headBefore": [
          10,
          20
        ],
        "headAfter": [
          10,
          21
        ],
        "tailBefore": [
          7,
          17
        ],
        "tailAfter": [
          7,
          16
        ],
        "dir": "down"
      }
    },
    {
      "seq": 370,
      "type": "advance",
      "label": "38",
      "ts": 21037,
      "detail": {
        "headBefore": [
          0,
          25
        ],
        "headAfter": [
          0,
          26
        ],
        "tailBefore": [
          0,
          22
        ],
        "tailAfter": [
          0,
          23
        ],
        "dir": "down"
      }
    },
    {
      "seq": 371,
      "type": "advance",
      "label": "39",
      "ts": 21053,
      "detail": {
        "headBefore": [
          10,
          21
        ],
        "headAfter": [
          10,
          22
        ],
        "tailBefore": [
          7,
          16
        ],
        "tailAfter": [
          7,
          15
        ],
        "dir": "down"
      }
    },
    {
      "seq": 372,
      "type": "advance",
      "label": "38",
      "ts": 21087,
      "detail": {
        "headBefore": [
          0,
          26
        ],
        "headAfter": [
          0,
          27
        ],
        "tailBefore": [
          0,
          23
        ],
        "tailAfter": [
          0,
          24
        ],
        "dir": "down"
      }
    },
    {
      "seq": 373,
      "type": "dispose",
      "label": "38",
      "ts": 21087,
      "detail": {}
    },
    {
      "seq": 374,
      "type": "advance",
      "label": "39",
      "ts": 21104,
      "detail": {
        "headBefore": [
          10,
          22
        ],
        "headAfter": [
          10,
          23
        ],
        "tailBefore": [
          7,
          15
        ],
        "tailAfter": [
          7,
          14
        ],
        "dir": "down"
      }
    },
    {
      "seq": 375,
      "type": "advance",
      "label": "39",
      "ts": 21153,
      "detail": {
        "headBefore": [
          10,
          23
        ],
        "headAfter": [
          10,
          24
        ],
        "tailBefore": [
          7,
          14
        ],
        "tailAfter": [
          8,
          14
        ],
        "dir": "down"
      }
    },
    {
      "seq": 376,
      "type": "advance",
      "label": "39",
      "ts": 21203,
      "detail": {
        "headBefore": [
          10,
          24
        ],
        "headAfter": [
          10,
          25
        ],
        "tailBefore": [
          8,
          14
        ],
        "tailAfter": [
          9,
          14
        ],
        "dir": "down"
      }
    },
    {
      "seq": 377,
      "type": "advance",
      "label": "39",
      "ts": 21254,
      "detail": {
        "headBefore": [
          10,
          25
        ],
        "headAfter": [
          10,
          26
        ],
        "tailBefore": [
          9,
          14
        ],
        "tailAfter": [
          10,
          14
        ],
        "dir": "down"
      }
    },
    {
      "seq": 378,
      "type": "click",
      "label": "40",
      "ts": 21303,
      "detail": {}
    },
    {
      "seq": 379,
      "type": "advance",
      "label": "40",
      "ts": 21303,
      "detail": {
        "headBefore": [
          2,
          10
        ],
        "headAfter": [
          2,
          9
        ],
        "tailBefore": [
          4,
          11
        ],
        "tailAfter": [
          5,
          11
        ],
        "dir": "up"
      }
    },
    {
      "seq": 380,
      "type": "advance",
      "label": "39",
      "ts": 21320,
      "detail": {
        "headBefore": [
          10,
          26
        ],
        "headAfter": [
          10,
          27
        ],
        "tailBefore": [
          10,
          14
        ],
        "tailAfter": [
          10,
          15
        ],
        "dir": "down"
      }
    },
    {
      "seq": 381,
      "type": "advance",
      "label": "40",
      "ts": 21354,
      "detail": {
        "headBefore": [
          2,
          9
        ],
        "headAfter": [
          2,
          8
        ],
        "tailBefore": [
          5,
          11
        ],
        "tailAfter": [
          6,
          11
        ],
        "dir": "up"
      }
    },
    {
      "seq": 382,
      "type": "advance",
      "label": "39",
      "ts": 21370,
      "detail": {
        "headBefore": [
          10,
          27
        ],
        "headAfter": [
          10,
          28
        ],
        "tailBefore": [
          10,
          15
        ],
        "tailAfter": [
          10,
          16
        ],
        "dir": "down"
      }
    },
    {
      "seq": 383,
      "type": "advance",
      "label": "40",
      "ts": 21403,
      "detail": {
        "headBefore": [
          2,
          8
        ],
        "headAfter": [
          2,
          7
        ],
        "tailBefore": [
          6,
          11
        ],
        "tailAfter": [
          6,
          12
        ],
        "dir": "up"
      }
    },
    {
      "seq": 384,
      "type": "advance",
      "label": "39",
      "ts": 21420,
      "detail": {
        "headBefore": [
          10,
          28
        ],
        "headAfter": [
          10,
          29
        ],
        "tailBefore": [
          10,
          16
        ],
        "tailAfter": [
          10,
          17
        ],
        "dir": "down"
      }
    },
    {
      "seq": 385,
      "type": "advance",
      "label": "40",
      "ts": 21453,
      "detail": {
        "headBefore": [
          2,
          7
        ],
        "headAfter": [
          2,
          6
        ],
        "tailBefore": [
          6,
          12
        ],
        "tailAfter": [
          5,
          12
        ],
        "dir": "up"
      }
    },
    {
      "seq": 386,
      "type": "advance",
      "label": "39",
      "ts": 21470,
      "detail": {
        "headBefore": [
          10,
          29
        ],
        "headAfter": [
          10,
          30
        ],
        "tailBefore": [
          10,
          17
        ],
        "tailAfter": [
          10,
          18
        ],
        "dir": "down"
      }
    },
    {
      "seq": 387,
      "type": "advance",
      "label": "40",
      "ts": 21504,
      "detail": {
        "headBefore": [
          2,
          6
        ],
        "headAfter": [
          2,
          5
        ],
        "tailBefore": [
          5,
          12
        ],
        "tailAfter": [
          4,
          12
        ],
        "dir": "up"
      }
    },
    {
      "seq": 388,
      "type": "advance",
      "label": "39",
      "ts": 21520,
      "detail": {
        "headBefore": [
          10,
          30
        ],
        "headAfter": [
          10,
          31
        ],
        "tailBefore": [
          10,
          18
        ],
        "tailAfter": [
          10,
          19
        ],
        "dir": "down"
      }
    },
    {
      "seq": 389,
      "type": "advance",
      "label": "40",
      "ts": 21554,
      "detail": {
        "headBefore": [
          2,
          5
        ],
        "headAfter": [
          2,
          4
        ],
        "tailBefore": [
          4,
          12
        ],
        "tailAfter": [
          3,
          12
        ],
        "dir": "up"
      }
    },
    {
      "seq": 390,
      "type": "advance",
      "label": "39",
      "ts": 21570,
      "detail": {
        "headBefore": [
          10,
          31
        ],
        "headAfter": [
          10,
          32
        ],
        "tailBefore": [
          10,
          19
        ],
        "tailAfter": [
          10,
          20
        ],
        "dir": "down"
      }
    },
    {
      "seq": 391,
      "type": "advance",
      "label": "40",
      "ts": 21604,
      "detail": {
        "headBefore": [
          2,
          4
        ],
        "headAfter": [
          2,
          3
        ],
        "tailBefore": [
          3,
          12
        ],
        "tailAfter": [
          2,
          12
        ],
        "dir": "up"
      }
    },
    {
      "seq": 392,
      "type": "advance",
      "label": "39",
      "ts": 21620,
      "detail": {
        "headBefore": [
          10,
          32
        ],
        "headAfter": [
          10,
          33
        ],
        "tailBefore": [
          10,
          20
        ],
        "tailAfter": [
          10,
          21
        ],
        "dir": "down"
      }
    },
    {
      "seq": 393,
      "type": "advance",
      "label": "40",
      "ts": 21654,
      "detail": {
        "headBefore": [
          2,
          3
        ],
        "headAfter": [
          2,
          2
        ],
        "tailBefore": [
          2,
          12
        ],
        "tailAfter": [
          2,
          11
        ],
        "dir": "up"
      }
    },
    {
      "seq": 394,
      "type": "advance",
      "label": "39",
      "ts": 21670,
      "detail": {
        "headBefore": [
          10,
          33
        ],
        "headAfter": [
          10,
          34
        ],
        "tailBefore": [
          10,
          21
        ],
        "tailAfter": [
          10,
          22
        ],
        "dir": "down"
      }
    },
    {
      "seq": 395,
      "type": "advance",
      "label": "40",
      "ts": 21720,
      "detail": {
        "headBefore": [
          2,
          2
        ],
        "headAfter": [
          2,
          1
        ],
        "tailBefore": [
          2,
          11
        ],
        "tailAfter": [
          2,
          10
        ],
        "dir": "up"
      }
    },
    {
      "seq": 396,
      "type": "advance",
      "label": "39",
      "ts": 21737,
      "detail": {
        "headBefore": [
          10,
          34
        ],
        "headAfter": [
          10,
          35
        ],
        "tailBefore": [
          10,
          22
        ],
        "tailAfter": [
          10,
          23
        ],
        "dir": "down"
      }
    },
    {
      "seq": 397,
      "type": "advance",
      "label": "40",
      "ts": 21771,
      "detail": {
        "headBefore": [
          2,
          1
        ],
        "headAfter": [
          2,
          0
        ],
        "tailBefore": [
          2,
          10
        ],
        "tailAfter": [
          2,
          9
        ],
        "dir": "up"
      }
    },
    {
      "seq": 398,
      "type": "advance",
      "label": "39",
      "ts": 21787,
      "detail": {
        "headBefore": [
          10,
          35
        ],
        "headAfter": [
          10,
          36
        ],
        "tailBefore": [
          10,
          23
        ],
        "tailAfter": [
          10,
          24
        ],
        "dir": "down"
      }
    },
    {
      "seq": 399,
      "type": "dispose",
      "label": "39",
      "ts": 21787,
      "detail": {}
    },
    {
      "seq": 400,
      "type": "click",
      "label": "41",
      "ts": 21803,
      "detail": {}
    },
    {
      "seq": 401,
      "type": "advance",
      "label": "41",
      "ts": 21804,
      "detail": {
        "headBefore": [
          3,
          21
        ],
        "headAfter": [
          2,
          21
        ],
        "tailBefore": [
          5,
          19
        ],
        "tailAfter": [
          5,
          20
        ],
        "dir": "left"
      }
    },
    {
      "seq": 402,
      "type": "advance",
      "label": "40",
      "ts": 21821,
      "detail": {
        "headBefore": [
          2,
          0
        ],
        "headAfter": [
          2,
          -1
        ],
        "tailBefore": [
          2,
          9
        ],
        "tailAfter": [
          2,
          8
        ],
        "dir": "up"
      }
    },
    {
      "seq": 403,
      "type": "advance",
      "label": "41",
      "ts": 21854,
      "detail": {
        "headBefore": [
          2,
          21
        ],
        "headAfter": [
          1,
          21
        ],
        "tailBefore": [
          5,
          20
        ],
        "tailAfter": [
          4,
          20
        ],
        "dir": "left"
      }
    },
    {
      "seq": 404,
      "type": "advance",
      "label": "40",
      "ts": 21870,
      "detail": {
        "headBefore": [
          2,
          -1
        ],
        "headAfter": [
          2,
          -2
        ],
        "tailBefore": [
          2,
          8
        ],
        "tailAfter": [
          2,
          7
        ],
        "dir": "up"
      }
    },
    {
      "seq": 405,
      "type": "advance",
      "label": "41",
      "ts": 21904,
      "detail": {
        "headBefore": [
          1,
          21
        ],
        "headAfter": [
          0,
          21
        ],
        "tailBefore": [
          4,
          20
        ],
        "tailAfter": [
          4,
          21
        ],
        "dir": "left"
      }
    },
    {
      "seq": 406,
      "type": "advance",
      "label": "40",
      "ts": 21920,
      "detail": {
        "headBefore": [
          2,
          -2
        ],
        "headAfter": [
          2,
          -3
        ],
        "tailBefore": [
          2,
          7
        ],
        "tailAfter": [
          2,
          6
        ],
        "dir": "up"
      }
    },
    {
      "seq": 407,
      "type": "advance",
      "label": "41",
      "ts": 21954,
      "detail": {
        "headBefore": [
          0,
          21
        ],
        "headAfter": [
          -1,
          21
        ],
        "tailBefore": [
          4,
          21
        ],
        "tailAfter": [
          3,
          21
        ],
        "dir": "left"
      }
    },
    {
      "seq": 408,
      "type": "advance",
      "label": "40",
      "ts": 21970,
      "detail": {
        "headBefore": [
          2,
          -3
        ],
        "headAfter": [
          2,
          -4
        ],
        "tailBefore": [
          2,
          6
        ],
        "tailAfter": [
          2,
          5
        ],
        "dir": "up"
      }
    },
    {
      "seq": 409,
      "type": "advance",
      "label": "41",
      "ts": 22004,
      "detail": {
        "headBefore": [
          -1,
          21
        ],
        "headAfter": [
          -2,
          21
        ],
        "tailBefore": [
          3,
          21
        ],
        "tailAfter": [
          2,
          21
        ],
        "dir": "left"
      }
    },
    {
      "seq": 410,
      "type": "advance",
      "label": "40",
      "ts": 22021,
      "detail": {
        "headBefore": [
          2,
          -4
        ],
        "headAfter": [
          2,
          -5
        ],
        "tailBefore": [
          2,
          5
        ],
        "tailAfter": [
          2,
          4
        ],
        "dir": "up"
      }
    },
    {
      "seq": 411,
      "type": "advance",
      "label": "41",
      "ts": 22054,
      "detail": {
        "headBefore": [
          -2,
          21
        ],
        "headAfter": [
          -3,
          21
        ],
        "tailBefore": [
          2,
          21
        ],
        "tailAfter": [
          1,
          21
        ],
        "dir": "left"
      }
    },
    {
      "seq": 412,
      "type": "advance",
      "label": "40",
      "ts": 22071,
      "detail": {
        "headBefore": [
          2,
          -5
        ],
        "headAfter": [
          2,
          -6
        ],
        "tailBefore": [
          2,
          4
        ],
        "tailAfter": [
          2,
          3
        ],
        "dir": "up"
      }
    },
    {
      "seq": 413,
      "type": "advance",
      "label": "41",
      "ts": 22104,
      "detail": {
        "headBefore": [
          -3,
          21
        ],
        "headAfter": [
          -4,
          21
        ],
        "tailBefore": [
          1,
          21
        ],
        "tailAfter": [
          0,
          21
        ],
        "dir": "left"
      }
    },
    {
      "seq": 414,
      "type": "advance",
      "label": "40",
      "ts": 22121,
      "detail": {
        "headBefore": [
          2,
          -6
        ],
        "headAfter": [
          2,
          -7
        ],
        "tailBefore": [
          2,
          3
        ],
        "tailAfter": [
          2,
          2
        ],
        "dir": "up"
      }
    },
    {
      "seq": 415,
      "type": "advance",
      "label": "41",
      "ts": 22154,
      "detail": {
        "headBefore": [
          -4,
          21
        ],
        "headAfter": [
          -5,
          21
        ],
        "tailBefore": [
          0,
          21
        ],
        "tailAfter": [
          -1,
          21
        ],
        "dir": "left"
      }
    },
    {
      "seq": 416,
      "type": "dispose",
      "label": "41",
      "ts": 22154,
      "detail": {}
    },
    {
      "seq": 417,
      "type": "advance",
      "label": "40",
      "ts": 22171,
      "detail": {
        "headBefore": [
          2,
          -7
        ],
        "headAfter": [
          2,
          -8
        ],
        "tailBefore": [
          2,
          2
        ],
        "tailAfter": [
          2,
          1
        ],
        "dir": "up"
      }
    },
    {
      "seq": 418,
      "type": "advance",
      "label": "40",
      "ts": 22221,
      "detail": {
        "headBefore": [
          2,
          -8
        ],
        "headAfter": [
          2,
          -9
        ],
        "tailBefore": [
          2,
          1
        ],
        "tailAfter": [
          2,
          0
        ],
        "dir": "up"
      }
    },
    {
      "seq": 419,
      "type": "advance",
      "label": "40",
      "ts": 22287,
      "detail": {
        "headBefore": [
          2,
          -9
        ],
        "headAfter": [
          2,
          -10
        ],
        "tailBefore": [
          2,
          0
        ],
        "tailAfter": [
          2,
          -1
        ],
        "dir": "up"
      }
    },
    {
      "seq": 420,
      "type": "dispose",
      "label": "40",
      "ts": 22287,
      "detail": {}
    },
    {
      "seq": 421,
      "type": "click",
      "label": "42",
      "ts": 22303,
      "detail": {}
    },
    {
      "seq": 422,
      "type": "advance",
      "label": "42",
      "ts": 22304,
      "detail": {
        "headBefore": [
          4,
          2
        ],
        "headAfter": [
          4,
          1
        ],
        "tailBefore": [
          5,
          5
        ],
        "tailAfter": [
          4,
          5
        ],
        "dir": "up"
      }
    },
    {
      "seq": 423,
      "type": "advance",
      "label": "42",
      "ts": 22354,
      "detail": {
        "headBefore": [
          4,
          1
        ],
        "headAfter": [
          4,
          0
        ],
        "tailBefore": [
          4,
          5
        ],
        "tailAfter": [
          4,
          4
        ],
        "dir": "up"
      }
    },
    {
      "seq": 424,
      "type": "advance",
      "label": "42",
      "ts": 22404,
      "detail": {
        "headBefore": [
          4,
          0
        ],
        "headAfter": [
          4,
          -1
        ],
        "tailBefore": [
          4,
          4
        ],
        "tailAfter": [
          5,
          4
        ],
        "dir": "up"
      }
    },
    {
      "seq": 425,
      "type": "advance",
      "label": "42",
      "ts": 22454,
      "detail": {
        "headBefore": [
          4,
          -1
        ],
        "headAfter": [
          4,
          -2
        ],
        "tailBefore": [
          5,
          4
        ],
        "tailAfter": [
          5,
          3
        ],
        "dir": "up"
      }
    },
    {
      "seq": 426,
      "type": "advance",
      "label": "42",
      "ts": 22504,
      "detail": {
        "headBefore": [
          4,
          -2
        ],
        "headAfter": [
          4,
          -3
        ],
        "tailBefore": [
          5,
          3
        ],
        "tailAfter": [
          4,
          3
        ],
        "dir": "up"
      }
    },
    {
      "seq": 427,
      "type": "advance",
      "label": "42",
      "ts": 22555,
      "detail": {
        "headBefore": [
          4,
          -3
        ],
        "headAfter": [
          4,
          -4
        ],
        "tailBefore": [
          4,
          3
        ],
        "tailAfter": [
          4,
          2
        ],
        "dir": "up"
      }
    },
    {
      "seq": 428,
      "type": "advance",
      "label": "42",
      "ts": 22605,
      "detail": {
        "headBefore": [
          4,
          -4
        ],
        "headAfter": [
          4,
          -5
        ],
        "tailBefore": [
          4,
          2
        ],
        "tailAfter": [
          4,
          1
        ],
        "dir": "up"
      }
    },
    {
      "seq": 429,
      "type": "advance",
      "label": "42",
      "ts": 22654,
      "detail": {
        "headBefore": [
          4,
          -5
        ],
        "headAfter": [
          4,
          -6
        ],
        "tailBefore": [
          4,
          1
        ],
        "tailAfter": [
          4,
          0
        ],
        "dir": "up"
      }
    },
    {
      "seq": 430,
      "type": "advance",
      "label": "42",
      "ts": 22704,
      "detail": {
        "headBefore": [
          4,
          -6
        ],
        "headAfter": [
          4,
          -7
        ],
        "tailBefore": [
          4,
          0
        ],
        "tailAfter": [
          4,
          -1
        ],
        "dir": "up"
      }
    },
    {
      "seq": 431,
      "type": "dispose",
      "label": "42",
      "ts": 22704,
      "detail": {}
    },
    {
      "seq": 432,
      "type": "click",
      "label": "43",
      "ts": 22804,
      "detail": {}
    },
    {
      "seq": 433,
      "type": "advance",
      "label": "43",
      "ts": 22804,
      "detail": {
        "headBefore": [
          11,
          14
        ],
        "headAfter": [
          11,
          15
        ],
        "tailBefore": [
          10,
          13
        ],
        "tailAfter": [
          11,
          13
        ],
        "dir": "down"
      }
    },
    {
      "seq": 434,
      "type": "advance",
      "label": "43",
      "ts": 22854,
      "detail": {
        "headBefore": [
          11,
          15
        ],
        "headAfter": [
          11,
          16
        ],
        "tailBefore": [
          11,
          13
        ],
        "tailAfter": [
          11,
          14
        ],
        "dir": "down"
      }
    },
    {
      "seq": 435,
      "type": "advance",
      "label": "43",
      "ts": 22905,
      "detail": {
        "headBefore": [
          11,
          16
        ],
        "headAfter": [
          11,
          17
        ],
        "tailBefore": [
          11,
          14
        ],
        "tailAfter": [
          11,
          15
        ],
        "dir": "down"
      }
    },
    {
      "seq": 436,
      "type": "advance",
      "label": "43",
      "ts": 22955,
      "detail": {
        "headBefore": [
          11,
          17
        ],
        "headAfter": [
          11,
          18
        ],
        "tailBefore": [
          11,
          15
        ],
        "tailAfter": [
          11,
          16
        ],
        "dir": "down"
      }
    },
    {
      "seq": 437,
      "type": "advance",
      "label": "43",
      "ts": 23005,
      "detail": {
        "headBefore": [
          11,
          18
        ],
        "headAfter": [
          11,
          19
        ],
        "tailBefore": [
          11,
          16
        ],
        "tailAfter": [
          11,
          17
        ],
        "dir": "down"
      }
    },
    {
      "seq": 438,
      "type": "advance",
      "label": "43",
      "ts": 23054,
      "detail": {
        "headBefore": [
          11,
          19
        ],
        "headAfter": [
          11,
          20
        ],
        "tailBefore": [
          11,
          17
        ],
        "tailAfter": [
          11,
          18
        ],
        "dir": "down"
      }
    },
    {
      "seq": 439,
      "type": "advance",
      "label": "43",
      "ts": 23121,
      "detail": {
        "headBefore": [
          11,
          20
        ],
        "headAfter": [
          11,
          21
        ],
        "tailBefore": [
          11,
          18
        ],
        "tailAfter": [
          11,
          19
        ],
        "dir": "down"
      }
    },
    {
      "seq": 440,
      "type": "advance",
      "label": "43",
      "ts": 23171,
      "detail": {
        "headBefore": [
          11,
          21
        ],
        "headAfter": [
          11,
          22
        ],
        "tailBefore": [
          11,
          19
        ],
        "tailAfter": [
          11,
          20
        ],
        "dir": "down"
      }
    },
    {
      "seq": 441,
      "type": "advance",
      "label": "43",
      "ts": 23221,
      "detail": {
        "headBefore": [
          11,
          22
        ],
        "headAfter": [
          11,
          23
        ],
        "tailBefore": [
          11,
          20
        ],
        "tailAfter": [
          11,
          21
        ],
        "dir": "down"
      }
    },
    {
      "seq": 442,
      "type": "advance",
      "label": "43",
      "ts": 23272,
      "detail": {
        "headBefore": [
          11,
          23
        ],
        "headAfter": [
          11,
          24
        ],
        "tailBefore": [
          11,
          21
        ],
        "tailAfter": [
          11,
          22
        ],
        "dir": "down"
      }
    },
    {
      "seq": 443,
      "type": "click",
      "label": "44",
      "ts": 23304,
      "detail": {}
    },
    {
      "seq": 444,
      "type": "advance",
      "label": "44",
      "ts": 23305,
      "detail": {
        "headBefore": [
          7,
          18
        ],
        "headAfter": [
          8,
          18
        ],
        "tailBefore": [
          6,
          19
        ],
        "tailAfter": [
          6,
          18
        ],
        "dir": "right"
      }
    },
    {
      "seq": 445,
      "type": "advance",
      "label": "43",
      "ts": 23322,
      "detail": {
        "headBefore": [
          11,
          24
        ],
        "headAfter": [
          11,
          25
        ],
        "tailBefore": [
          11,
          22
        ],
        "tailAfter": [
          11,
          23
        ],
        "dir": "down"
      }
    },
    {
      "seq": 446,
      "type": "advance",
      "label": "44",
      "ts": 23354,
      "detail": {
        "headBefore": [
          8,
          18
        ],
        "headAfter": [
          9,
          18
        ],
        "tailBefore": [
          6,
          18
        ],
        "tailAfter": [
          7,
          18
        ],
        "dir": "right"
      }
    },
    {
      "seq": 447,
      "type": "advance",
      "label": "43",
      "ts": 23372,
      "detail": {
        "headBefore": [
          11,
          25
        ],
        "headAfter": [
          11,
          26
        ],
        "tailBefore": [
          11,
          23
        ],
        "tailAfter": [
          11,
          24
        ],
        "dir": "down"
      }
    },
    {
      "seq": 448,
      "type": "dispose",
      "label": "43",
      "ts": 23372,
      "detail": {}
    },
    {
      "seq": 449,
      "type": "advance",
      "label": "44",
      "ts": 23405,
      "detail": {
        "headBefore": [
          9,
          18
        ],
        "headAfter": [
          10,
          18
        ],
        "tailBefore": [
          7,
          18
        ],
        "tailAfter": [
          8,
          18
        ],
        "dir": "right"
      }
    },
    {
      "seq": 450,
      "type": "advance",
      "label": "44",
      "ts": 23455,
      "detail": {
        "headBefore": [
          10,
          18
        ],
        "headAfter": [
          11,
          18
        ],
        "tailBefore": [
          8,
          18
        ],
        "tailAfter": [
          9,
          18
        ],
        "dir": "right"
      }
    },
    {
      "seq": 451,
      "type": "advance",
      "label": "44",
      "ts": 23505,
      "detail": {
        "headBefore": [
          11,
          18
        ],
        "headAfter": [
          12,
          18
        ],
        "tailBefore": [
          9,
          18
        ],
        "tailAfter": [
          10,
          18
        ],
        "dir": "right"
      }
    },
    {
      "seq": 452,
      "type": "advance",
      "label": "44",
      "ts": 23555,
      "detail": {
        "headBefore": [
          12,
          18
        ],
        "headAfter": [
          13,
          18
        ],
        "tailBefore": [
          10,
          18
        ],
        "tailAfter": [
          11,
          18
        ],
        "dir": "right"
      }
    },
    {
      "seq": 453,
      "type": "advance",
      "label": "44",
      "ts": 23605,
      "detail": {
        "headBefore": [
          13,
          18
        ],
        "headAfter": [
          14,
          18
        ],
        "tailBefore": [
          11,
          18
        ],
        "tailAfter": [
          12,
          18
        ],
        "dir": "right"
      }
    },
    {
      "seq": 454,
      "type": "advance",
      "label": "44",
      "ts": 23655,
      "detail": {
        "headBefore": [
          14,
          18
        ],
        "headAfter": [
          15,
          18
        ],
        "tailBefore": [
          12,
          18
        ],
        "tailAfter": [
          13,
          18
        ],
        "dir": "right"
      }
    },
    {
      "seq": 455,
      "type": "advance",
      "label": "44",
      "ts": 23705,
      "detail": {
        "headBefore": [
          15,
          18
        ],
        "headAfter": [
          16,
          18
        ],
        "tailBefore": [
          13,
          18
        ],
        "tailAfter": [
          14,
          18
        ],
        "dir": "right"
      }
    },
    {
      "seq": 456,
      "type": "dispose",
      "label": "44",
      "ts": 23705,
      "detail": {}
    },
    {
      "seq": 457,
      "type": "click",
      "label": "45",
      "ts": 23805,
      "detail": {}
    },
    {
      "seq": 458,
      "type": "advance",
      "label": "45",
      "ts": 23805,
      "detail": {
        "headBefore": [
          9,
          2
        ],
        "headAfter": [
          10,
          2
        ],
        "tailBefore": [
          5,
          2
        ],
        "tailAfter": [
          6,
          2
        ],
        "dir": "right"
      }
    },
    {
      "seq": 459,
      "type": "advance",
      "label": "45",
      "ts": 23856,
      "detail": {
        "headBefore": [
          10,
          2
        ],
        "headAfter": [
          11,
          2
        ],
        "tailBefore": [
          6,
          2
        ],
        "tailAfter": [
          6,
          3
        ],
        "dir": "right"
      }
    },
    {
      "seq": 460,
      "type": "advance",
      "label": "45",
      "ts": 23906,
      "detail": {
        "headBefore": [
          11,
          2
        ],
        "headAfter": [
          12,
          2
        ],
        "tailBefore": [
          6,
          3
        ],
        "tailAfter": [
          7,
          3
        ],
        "dir": "right"
      }
    },
    {
      "seq": 461,
      "type": "advance",
      "label": "45",
      "ts": 23955,
      "detail": {
        "headBefore": [
          12,
          2
        ],
        "headAfter": [
          13,
          2
        ],
        "tailBefore": [
          7,
          3
        ],
        "tailAfter": [
          7,
          2
        ],
        "dir": "right"
      }
    },
    {
      "seq": 462,
      "type": "advance",
      "label": "45",
      "ts": 24006,
      "detail": {
        "headBefore": [
          13,
          2
        ],
        "headAfter": [
          14,
          2
        ],
        "tailBefore": [
          7,
          2
        ],
        "tailAfter": [
          8,
          2
        ],
        "dir": "right"
      }
    },
    {
      "seq": 463,
      "type": "advance",
      "label": "45",
      "ts": 24055,
      "detail": {
        "headBefore": [
          14,
          2
        ],
        "headAfter": [
          15,
          2
        ],
        "tailBefore": [
          8,
          2
        ],
        "tailAfter": [
          9,
          2
        ],
        "dir": "right"
      }
    },
    {
      "seq": 464,
      "type": "advance",
      "label": "45",
      "ts": 24122,
      "detail": {
        "headBefore": [
          15,
          2
        ],
        "headAfter": [
          16,
          2
        ],
        "tailBefore": [
          9,
          2
        ],
        "tailAfter": [
          10,
          2
        ],
        "dir": "right"
      }
    },
    {
      "seq": 465,
      "type": "advance",
      "label": "45",
      "ts": 24172,
      "detail": {
        "headBefore": [
          16,
          2
        ],
        "headAfter": [
          17,
          2
        ],
        "tailBefore": [
          10,
          2
        ],
        "tailAfter": [
          11,
          2
        ],
        "dir": "right"
      }
    },
    {
      "seq": 466,
      "type": "advance",
      "label": "45",
      "ts": 24222,
      "detail": {
        "headBefore": [
          17,
          2
        ],
        "headAfter": [
          18,
          2
        ],
        "tailBefore": [
          11,
          2
        ],
        "tailAfter": [
          12,
          2
        ],
        "dir": "right"
      }
    },
    {
      "seq": 467,
      "type": "advance",
      "label": "45",
      "ts": 24272,
      "detail": {
        "headBefore": [
          18,
          2
        ],
        "headAfter": [
          19,
          2
        ],
        "tailBefore": [
          12,
          2
        ],
        "tailAfter": [
          13,
          2
        ],
        "dir": "right"
      }
    },
    {
      "seq": 468,
      "type": "click",
      "label": "46",
      "ts": 24305,
      "detail": {}
    },
    {
      "seq": 469,
      "type": "advance",
      "label": "46",
      "ts": 24306,
      "detail": {
        "headBefore": [
          2,
          16
        ],
        "headAfter": [
          1,
          16
        ],
        "tailBefore": [
          4,
          16
        ],
        "tailAfter": [
          4,
          17
        ],
        "dir": "left"
      }
    },
    {
      "seq": 470,
      "type": "advance",
      "label": "45",
      "ts": 24339,
      "detail": {
        "headBefore": [
          19,
          2
        ],
        "headAfter": [
          20,
          2
        ],
        "tailBefore": [
          13,
          2
        ],
        "tailAfter": [
          14,
          2
        ],
        "dir": "right"
      }
    },
    {
      "seq": 471,
      "type": "dispose",
      "label": "45",
      "ts": 24339,
      "detail": {}
    },
    {
      "seq": 472,
      "type": "advance",
      "label": "46",
      "ts": 24373,
      "detail": {
        "headBefore": [
          1,
          16
        ],
        "headAfter": [
          0,
          16
        ],
        "tailBefore": [
          4,
          17
        ],
        "tailAfter": [
          4,
          18
        ],
        "dir": "left"
      }
    },
    {
      "seq": 473,
      "type": "advance",
      "label": "46",
      "ts": 24423,
      "detail": {
        "headBefore": [
          0,
          16
        ],
        "headAfter": [
          -1,
          16
        ],
        "tailBefore": [
          4,
          18
        ],
        "tailAfter": [
          3,
          18
        ],
        "dir": "left"
      }
    },
    {
      "seq": 474,
      "type": "advance",
      "label": "46",
      "ts": 24473,
      "detail": {
        "headBefore": [
          -1,
          16
        ],
        "headAfter": [
          -2,
          16
        ],
        "tailBefore": [
          3,
          18
        ],
        "tailAfter": [
          3,
          17
        ],
        "dir": "left"
      }
    },
    {
      "seq": 475,
      "type": "advance",
      "label": "46",
      "ts": 24523,
      "detail": {
        "headBefore": [
          -2,
          16
        ],
        "headAfter": [
          -3,
          16
        ],
        "tailBefore": [
          3,
          17
        ],
        "tailAfter": [
          3,
          16
        ],
        "dir": "left"
      }
    },
    {
      "seq": 476,
      "type": "advance",
      "label": "46",
      "ts": 24589,
      "detail": {
        "headBefore": [
          -3,
          16
        ],
        "headAfter": [
          -4,
          16
        ],
        "tailBefore": [
          3,
          16
        ],
        "tailAfter": [
          2,
          16
        ],
        "dir": "left"
      }
    },
    {
      "seq": 477,
      "type": "advance",
      "label": "46",
      "ts": 24639,
      "detail": {
        "headBefore": [
          -4,
          16
        ],
        "headAfter": [
          -5,
          16
        ],
        "tailBefore": [
          2,
          16
        ],
        "tailAfter": [
          1,
          16
        ],
        "dir": "left"
      }
    },
    {
      "seq": 478,
      "type": "advance",
      "label": "46",
      "ts": 24690,
      "detail": {
        "headBefore": [
          -5,
          16
        ],
        "headAfter": [
          -6,
          16
        ],
        "tailBefore": [
          1,
          16
        ],
        "tailAfter": [
          0,
          16
        ],
        "dir": "left"
      }
    },
    {
      "seq": 479,
      "type": "advance",
      "label": "46",
      "ts": 24740,
      "detail": {
        "headBefore": [
          -6,
          16
        ],
        "headAfter": [
          -7,
          16
        ],
        "tailBefore": [
          0,
          16
        ],
        "tailAfter": [
          -1,
          16
        ],
        "dir": "left"
      }
    },
    {
      "seq": 480,
      "type": "dispose",
      "label": "46",
      "ts": 24740,
      "detail": {}
    },
    {
      "seq": 481,
      "type": "click",
      "label": "47",
      "ts": 24805,
      "detail": {}
    },
    {
      "seq": 482,
      "type": "advance",
      "label": "47",
      "ts": 24806,
      "detail": {
        "headBefore": [
          7,
          21
        ],
        "headAfter": [
          8,
          21
        ],
        "tailBefore": [
          6,
          22
        ],
        "tailAfter": [
          6,
          21
        ],
        "dir": "right"
      }
    },
    {
      "seq": 483,
      "type": "advance",
      "label": "47",
      "ts": 24856,
      "detail": {
        "headBefore": [
          8,
          21
        ],
        "headAfter": [
          9,
          21
        ],
        "tailBefore": [
          6,
          21
        ],
        "tailAfter": [
          7,
          21
        ],
        "dir": "right"
      }
    },
    {
      "seq": 484,
      "type": "advance",
      "label": "47",
      "ts": 24906,
      "detail": {
        "headBefore": [
          9,
          21
        ],
        "headAfter": [
          10,
          21
        ],
        "tailBefore": [
          7,
          21
        ],
        "tailAfter": [
          8,
          21
        ],
        "dir": "right"
      }
    },
    {
      "seq": 485,
      "type": "advance",
      "label": "47",
      "ts": 24956,
      "detail": {
        "headBefore": [
          10,
          21
        ],
        "headAfter": [
          11,
          21
        ],
        "tailBefore": [
          8,
          21
        ],
        "tailAfter": [
          9,
          21
        ],
        "dir": "right"
      }
    },
    {
      "seq": 486,
      "type": "advance",
      "label": "47",
      "ts": 25007,
      "detail": {
        "headBefore": [
          11,
          21
        ],
        "headAfter": [
          12,
          21
        ],
        "tailBefore": [
          9,
          21
        ],
        "tailAfter": [
          10,
          21
        ],
        "dir": "right"
      }
    },
    {
      "seq": 487,
      "type": "advance",
      "label": "47",
      "ts": 25056,
      "detail": {
        "headBefore": [
          12,
          21
        ],
        "headAfter": [
          13,
          21
        ],
        "tailBefore": [
          10,
          21
        ],
        "tailAfter": [
          11,
          21
        ],
        "dir": "right"
      }
    },
    {
      "seq": 488,
      "type": "advance",
      "label": "47",
      "ts": 25106,
      "detail": {
        "headBefore": [
          13,
          21
        ],
        "headAfter": [
          14,
          21
        ],
        "tailBefore": [
          11,
          21
        ],
        "tailAfter": [
          12,
          21
        ],
        "dir": "right"
      }
    },
    {
      "seq": 489,
      "type": "advance",
      "label": "47",
      "ts": 25157,
      "detail": {
        "headBefore": [
          14,
          21
        ],
        "headAfter": [
          15,
          21
        ],
        "tailBefore": [
          12,
          21
        ],
        "tailAfter": [
          13,
          21
        ],
        "dir": "right"
      }
    },
    {
      "seq": 490,
      "type": "advance",
      "label": "47",
      "ts": 25207,
      "detail": {
        "headBefore": [
          15,
          21
        ],
        "headAfter": [
          16,
          21
        ],
        "tailBefore": [
          13,
          21
        ],
        "tailAfter": [
          14,
          21
        ],
        "dir": "right"
      }
    },
    {
      "seq": 491,
      "type": "dispose",
      "label": "47",
      "ts": 25207,
      "detail": {}
    },
    {
      "seq": 492,
      "type": "click",
      "label": "48",
      "ts": 25306,
      "detail": {}
    },
    {
      "seq": 493,
      "type": "advance",
      "label": "48",
      "ts": 25306,
      "detail": {
        "headBefore": [
          9,
          15
        ],
        "headAfter": [
          10,
          15
        ],
        "tailBefore": [
          8,
          15
        ],
        "tailAfter": [
          9,
          15
        ],
        "dir": "right"
      }
    },
    {
      "seq": 494,
      "type": "advance",
      "label": "48",
      "ts": 25373,
      "detail": {
        "headBefore": [
          10,
          15
        ],
        "headAfter": [
          11,
          15
        ],
        "tailBefore": [
          9,
          15
        ],
        "tailAfter": [
          10,
          15
        ],
        "dir": "right"
      }
    },
    {
      "seq": 495,
      "type": "advance",
      "label": "48",
      "ts": 25423,
      "detail": {
        "headBefore": [
          11,
          15
        ],
        "headAfter": [
          12,
          15
        ],
        "tailBefore": [
          10,
          15
        ],
        "tailAfter": [
          11,
          15
        ],
        "dir": "right"
      }
    },
    {
      "seq": 496,
      "type": "advance",
      "label": "48",
      "ts": 25473,
      "detail": {
        "headBefore": [
          12,
          15
        ],
        "headAfter": [
          13,
          15
        ],
        "tailBefore": [
          11,
          15
        ],
        "tailAfter": [
          12,
          15
        ],
        "dir": "right"
      }
    },
    {
      "seq": 497,
      "type": "advance",
      "label": "48",
      "ts": 25524,
      "detail": {
        "headBefore": [
          13,
          15
        ],
        "headAfter": [
          14,
          15
        ],
        "tailBefore": [
          12,
          15
        ],
        "tailAfter": [
          13,
          15
        ],
        "dir": "right"
      }
    },
    {
      "seq": 498,
      "type": "advance",
      "label": "48",
      "ts": 25573,
      "detail": {
        "headBefore": [
          14,
          15
        ],
        "headAfter": [
          15,
          15
        ],
        "tailBefore": [
          13,
          15
        ],
        "tailAfter": [
          14,
          15
        ],
        "dir": "right"
      }
    },
    {
      "seq": 499,
      "type": "dispose",
      "label": "48",
      "ts": 25573,
      "detail": {}
    },
    {
      "seq": 500,
      "type": "click",
      "label": "49",
      "ts": 25806,
      "detail": {}
    },
    {
      "seq": 501,
      "type": "advance",
      "label": "49",
      "ts": 25807,
      "detail": {
        "headBefore": [
          4,
          6
        ],
        "headAfter": [
          4,
          5
        ],
        "tailBefore": [
          4,
          7
        ],
        "tailAfter": [
          4,
          6
        ],
        "dir": "up"
      }
    },
    {
      "seq": 502,
      "type": "advance",
      "label": "49",
      "ts": 25857,
      "detail": {
        "headBefore": [
          4,
          5
        ],
        "headAfter": [
          4,
          4
        ],
        "tailBefore": [
          4,
          6
        ],
        "tailAfter": [
          4,
          5
        ],
        "dir": "up"
      }
    },
    {
      "seq": 503,
      "type": "advance",
      "label": "49",
      "ts": 25907,
      "detail": {
        "headBefore": [
          4,
          4
        ],
        "headAfter": [
          4,
          3
        ],
        "tailBefore": [
          4,
          5
        ],
        "tailAfter": [
          4,
          4
        ],
        "dir": "up"
      }
    },
    {
      "seq": 504,
      "type": "advance",
      "label": "49",
      "ts": 25957,
      "detail": {
        "headBefore": [
          4,
          3
        ],
        "headAfter": [
          4,
          2
        ],
        "tailBefore": [
          4,
          4
        ],
        "tailAfter": [
          4,
          3
        ],
        "dir": "up"
      }
    },
    {
      "seq": 505,
      "type": "advance",
      "label": "49",
      "ts": 26007,
      "detail": {
        "headBefore": [
          4,
          2
        ],
        "headAfter": [
          4,
          1
        ],
        "tailBefore": [
          4,
          3
        ],
        "tailAfter": [
          4,
          2
        ],
        "dir": "up"
      }
    },
    {
      "seq": 506,
      "type": "advance",
      "label": "49",
      "ts": 26074,
      "detail": {
        "headBefore": [
          4,
          1
        ],
        "headAfter": [
          4,
          0
        ],
        "tailBefore": [
          4,
          2
        ],
        "tailAfter": [
          4,
          1
        ],
        "dir": "up"
      }
    },
    {
      "seq": 507,
      "type": "advance",
      "label": "49",
      "ts": 26124,
      "detail": {
        "headBefore": [
          4,
          0
        ],
        "headAfter": [
          4,
          -1
        ],
        "tailBefore": [
          4,
          1
        ],
        "tailAfter": [
          4,
          0
        ],
        "dir": "up"
      }
    },
    {
      "seq": 508,
      "type": "advance",
      "label": "49",
      "ts": 26174,
      "detail": {
        "headBefore": [
          4,
          -1
        ],
        "headAfter": [
          4,
          -2
        ],
        "tailBefore": [
          4,
          0
        ],
        "tailAfter": [
          4,
          -1
        ],
        "dir": "up"
      }
    },
    {
      "seq": 509,
      "type": "dispose",
      "label": "49",
      "ts": 26174,
      "detail": {}
    },
    {
      "seq": 510,
      "type": "click",
      "label": "50",
      "ts": 26307,
      "detail": {}
    },
    {
      "seq": 511,
      "type": "advance",
      "label": "50",
      "ts": 26307,
      "detail": {
        "headBefore": [
          5,
          18
        ],
        "headAfter": [
          5,
          19
        ],
        "tailBefore": [
          6,
          17
        ],
        "tailAfter": [
          5,
          17
        ],
        "dir": "down"
      }
    },
    {
      "seq": 512,
      "type": "advance",
      "label": "50",
      "ts": 26358,
      "detail": {
        "headBefore": [
          5,
          19
        ],
        "headAfter": [
          5,
          20
        ],
        "tailBefore": [
          5,
          17
        ],
        "tailAfter": [
          5,
          18
        ],
        "dir": "down"
      }
    },
    {
      "seq": 513,
      "type": "advance",
      "label": "50",
      "ts": 26408,
      "detail": {
        "headBefore": [
          5,
          20
        ],
        "headAfter": [
          5,
          21
        ],
        "tailBefore": [
          5,
          18
        ],
        "tailAfter": [
          5,
          19
        ],
        "dir": "down"
      }
    },
    {
      "seq": 514,
      "type": "advance",
      "label": "50",
      "ts": 26457,
      "detail": {
        "headBefore": [
          5,
          21
        ],
        "headAfter": [
          5,
          22
        ],
        "tailBefore": [
          5,
          19
        ],
        "tailAfter": [
          5,
          20
        ],
        "dir": "down"
      }
    },
    {
      "seq": 515,
      "type": "advance",
      "label": "50",
      "ts": 26507,
      "detail": {
        "headBefore": [
          5,
          22
        ],
        "headAfter": [
          5,
          23
        ],
        "tailBefore": [
          5,
          20
        ],
        "tailAfter": [
          5,
          21
        ],
        "dir": "down"
      }
    },
    {
      "seq": 516,
      "type": "advance",
      "label": "50",
      "ts": 26574,
      "detail": {
        "headBefore": [
          5,
          23
        ],
        "headAfter": [
          5,
          24
        ],
        "tailBefore": [
          5,
          21
        ],
        "tailAfter": [
          5,
          22
        ],
        "dir": "down"
      }
    },
    {
      "seq": 517,
      "type": "advance",
      "label": "50",
      "ts": 26624,
      "detail": {
        "headBefore": [
          5,
          24
        ],
        "headAfter": [
          5,
          25
        ],
        "tailBefore": [
          5,
          22
        ],
        "tailAfter": [
          5,
          23
        ],
        "dir": "down"
      }
    },
    {
      "seq": 518,
      "type": "advance",
      "label": "50",
      "ts": 26674,
      "detail": {
        "headBefore": [
          5,
          25
        ],
        "headAfter": [
          5,
          26
        ],
        "tailBefore": [
          5,
          23
        ],
        "tailAfter": [
          5,
          24
        ],
        "dir": "down"
      }
    },
    {
      "seq": 519,
      "type": "dispose",
      "label": "50",
      "ts": 26674,
      "detail": {}
    },
    {
      "seq": 520,
      "type": "click",
      "label": "51",
      "ts": 26807,
      "detail": {}
    },
    {
      "seq": 521,
      "type": "advance",
      "label": "51",
      "ts": 26807,
      "detail": {
        "headBefore": [
          6,
          4
        ],
        "headAfter": [
          6,
          3
        ],
        "tailBefore": [
          7,
          4
        ],
        "tailAfter": [
          7,
          5
        ],
        "dir": "up"
      }
    },
    {
      "seq": 522,
      "type": "advance",
      "label": "51",
      "ts": 26858,
      "detail": {
        "headBefore": [
          6,
          3
        ],
        "headAfter": [
          6,
          2
        ],
        "tailBefore": [
          7,
          5
        ],
        "tailAfter": [
          6,
          5
        ],
        "dir": "up"
      }
    },
    {
      "seq": 523,
      "type": "advance",
      "label": "51",
      "ts": 26908,
      "detail": {
        "headBefore": [
          6,
          2
        ],
        "headAfter": [
          6,
          1
        ],
        "tailBefore": [
          6,
          5
        ],
        "tailAfter": [
          6,
          4
        ],
        "dir": "up"
      }
    },
    {
      "seq": 524,
      "type": "advance",
      "label": "51",
      "ts": 26958,
      "detail": {
        "headBefore": [
          6,
          1
        ],
        "headAfter": [
          6,
          0
        ],
        "tailBefore": [
          6,
          4
        ],
        "tailAfter": [
          6,
          3
        ],
        "dir": "up"
      }
    },
    {
      "seq": 525,
      "type": "advance",
      "label": "51",
      "ts": 27008,
      "detail": {
        "headBefore": [
          6,
          0
        ],
        "headAfter": [
          6,
          -1
        ],
        "tailBefore": [
          6,
          3
        ],
        "tailAfter": [
          6,
          2
        ],
        "dir": "up"
      }
    },
    {
      "seq": 526,
      "type": "advance",
      "label": "51",
      "ts": 27075,
      "detail": {
        "headBefore": [
          6,
          -1
        ],
        "headAfter": [
          6,
          -2
        ],
        "tailBefore": [
          6,
          2
        ],
        "tailAfter": [
          6,
          1
        ],
        "dir": "up"
      }
    },
    {
      "seq": 527,
      "type": "advance",
      "label": "51",
      "ts": 27125,
      "detail": {
        "headBefore": [
          6,
          -2
        ],
        "headAfter": [
          6,
          -3
        ],
        "tailBefore": [
          6,
          1
        ],
        "tailAfter": [
          6,
          0
        ],
        "dir": "up"
      }
    },
    {
      "seq": 528,
      "type": "advance",
      "label": "51",
      "ts": 27175,
      "detail": {
        "headBefore": [
          6,
          -3
        ],
        "headAfter": [
          6,
          -4
        ],
        "tailBefore": [
          6,
          0
        ],
        "tailAfter": [
          6,
          -1
        ],
        "dir": "up"
      }
    },
    {
      "seq": 529,
      "type": "dispose",
      "label": "51",
      "ts": 27175,
      "detail": {}
    },
    {
      "seq": 530,
      "type": "click",
      "label": "52",
      "ts": 27307,
      "detail": {}
    },
    {
      "seq": 531,
      "type": "advance",
      "label": "52",
      "ts": 27308,
      "detail": {
        "headBefore": [
          9,
          13
        ],
        "headAfter": [
          10,
          13
        ],
        "tailBefore": [
          8,
          13
        ],
        "tailAfter": [
          9,
          13
        ],
        "dir": "right"
      }
    },
    {
      "seq": 532,
      "type": "advance",
      "label": "52",
      "ts": 27358,
      "detail": {
        "headBefore": [
          10,
          13
        ],
        "headAfter": [
          11,
          13
        ],
        "tailBefore": [
          9,
          13
        ],
        "tailAfter": [
          10,
          13
        ],
        "dir": "right"
      }
    },
    {
      "seq": 533,
      "type": "advance",
      "label": "52",
      "ts": 27408,
      "detail": {
        "headBefore": [
          11,
          13
        ],
        "headAfter": [
          12,
          13
        ],
        "tailBefore": [
          10,
          13
        ],
        "tailAfter": [
          11,
          13
        ],
        "dir": "right"
      }
    },
    {
      "seq": 534,
      "type": "collision",
      "label": "52",
      "ts": 27458,
      "detail": {
        "blocker": "26",
        "headCol": 13,
        "headRow": 13
      }
    },
    {
      "seq": 535,
      "type": "retreat",
      "label": "52",
      "ts": 27458,
      "detail": {
        "headBefore": [
          12,
          13
        ],
        "headAfter": [
          11,
          13
        ],
        "tailBefore": [
          11,
          13
        ],
        "tailAfter": [
          10,
          13
        ],
        "dir": "right"
      }
    },
    {
      "seq": 536,
      "type": "retreat",
      "label": "52",
      "ts": 27508,
      "detail": {
        "headBefore": [
          11,
          13
        ],
        "headAfter": [
          10,
          13
        ],
        "tailBefore": [
          10,
          13
        ],
        "tailAfter": [
          9,
          13
        ],
        "dir": "right"
      }
    },
    {
      "seq": 537,
      "type": "retreat",
      "label": "52",
      "ts": 27558,
      "detail": {
        "headBefore": [
          10,
          13
        ],
        "headAfter": [
          9,
          13
        ],
        "tailBefore": [
          9,
          13
        ],
        "tailAfter": [
          8,
          13
        ],
        "dir": "right"
      }
    },
    {
      "seq": 538,
      "type": "click",
      "label": "53",
      "ts": 27808,
      "detail": {}
    },
    {
      "seq": 539,
      "type": "advance",
      "label": "53",
      "ts": 27809,
      "detail": {
        "headBefore": [
          4,
          10
        ],
        "headAfter": [
          3,
          10
        ],
        "tailBefore": [
          6,
          10
        ],
        "tailAfter": [
          5,
          10
        ],
        "dir": "left"
      }
    },
    {
      "seq": 540,
      "type": "advance",
      "label": "53",
      "ts": 27859,
      "detail": {
        "headBefore": [
          3,
          10
        ],
        "headAfter": [
          2,
          10
        ],
        "tailBefore": [
          5,
          10
        ],
        "tailAfter": [
          4,
          10
        ],
        "dir": "left"
      }
    },
    {
      "seq": 541,
      "type": "advance",
      "label": "53",
      "ts": 27908,
      "detail": {
        "headBefore": [
          2,
          10
        ],
        "headAfter": [
          1,
          10
        ],
        "tailBefore": [
          4,
          10
        ],
        "tailAfter": [
          3,
          10
        ],
        "dir": "left"
      }
    },
    {
      "seq": 542,
      "type": "advance",
      "label": "53",
      "ts": 27958,
      "detail": {
        "headBefore": [
          1,
          10
        ],
        "headAfter": [
          0,
          10
        ],
        "tailBefore": [
          3,
          10
        ],
        "tailAfter": [
          2,
          10
        ],
        "dir": "left"
      }
    },
    {
      "seq": 543,
      "type": "advance",
      "label": "53",
      "ts": 28008,
      "detail": {
        "headBefore": [
          0,
          10
        ],
        "headAfter": [
          -1,
          10
        ],
        "tailBefore": [
          2,
          10
        ],
        "tailAfter": [
          1,
          10
        ],
        "dir": "left"
      }
    },
    {
      "seq": 544,
      "type": "advance",
      "label": "53",
      "ts": 28059,
      "detail": {
        "headBefore": [
          -1,
          10
        ],
        "headAfter": [
          -2,
          10
        ],
        "tailBefore": [
          1,
          10
        ],
        "tailAfter": [
          0,
          10
        ],
        "dir": "left"
      }
    },
    {
      "seq": 545,
      "type": "advance",
      "label": "53",
      "ts": 28109,
      "detail": {
        "headBefore": [
          -2,
          10
        ],
        "headAfter": [
          -3,
          10
        ],
        "tailBefore": [
          0,
          10
        ],
        "tailAfter": [
          -1,
          10
        ],
        "dir": "left"
      }
    },
    {
      "seq": 546,
      "type": "dispose",
      "label": "53",
      "ts": 28109,
      "detail": {}
    },
    {
      "seq": 547,
      "type": "click",
      "label": "54",
      "ts": 28308,
      "detail": {}
    },
    {
      "seq": 548,
      "type": "advance",
      "label": "54",
      "ts": 28309,
      "detail": {
        "headBefore": [
          9,
          10
        ],
        "headAfter": [
          10,
          10
        ],
        "tailBefore": [
          6,
          13
        ],
        "tailAfter": [
          7,
          13
        ],
        "dir": "right"
      }
    },
    {
      "seq": 549,
      "type": "advance",
      "label": "54",
      "ts": 28359,
      "detail": {
        "headBefore": [
          10,
          10
        ],
        "headAfter": [
          11,
          10
        ],
        "tailBefore": [
          7,
          13
        ],
        "tailAfter": [
          7,
          12
        ],
        "dir": "right"
      }
    },
    {
      "seq": 550,
      "type": "advance",
      "label": "54",
      "ts": 28409,
      "detail": {
        "headBefore": [
          11,
          10
        ],
        "headAfter": [
          12,
          10
        ],
        "tailBefore": [
          7,
          12
        ],
        "tailAfter": [
          7,
          11
        ],
        "dir": "right"
      }
    },
    {
      "seq": 551,
      "type": "advance",
      "label": "54",
      "ts": 28459,
      "detail": {
        "headBefore": [
          12,
          10
        ],
        "headAfter": [
          13,
          10
        ],
        "tailBefore": [
          7,
          11
        ],
        "tailAfter": [
          7,
          10
        ],
        "dir": "right"
      }
    },
    {
      "seq": 552,
      "type": "advance",
      "label": "54",
      "ts": 28509,
      "detail": {
        "headBefore": [
          13,
          10
        ],
        "headAfter": [
          14,
          10
        ],
        "tailBefore": [
          7,
          10
        ],
        "tailAfter": [
          8,
          10
        ],
        "dir": "right"
      }
    },
    {
      "seq": 553,
      "type": "advance",
      "label": "54",
      "ts": 28559,
      "detail": {
        "headBefore": [
          14,
          10
        ],
        "headAfter": [
          15,
          10
        ],
        "tailBefore": [
          8,
          10
        ],
        "tailAfter": [
          9,
          10
        ],
        "dir": "right"
      }
    },
    {
      "seq": 554,
      "type": "advance",
      "label": "54",
      "ts": 28609,
      "detail": {
        "headBefore": [
          15,
          10
        ],
        "headAfter": [
          16,
          10
        ],
        "tailBefore": [
          9,
          10
        ],
        "tailAfter": [
          10,
          10
        ],
        "dir": "right"
      }
    },
    {
      "seq": 555,
      "type": "advance",
      "label": "54",
      "ts": 28659,
      "detail": {
        "headBefore": [
          16,
          10
        ],
        "headAfter": [
          17,
          10
        ],
        "tailBefore": [
          10,
          10
        ],
        "tailAfter": [
          11,
          10
        ],
        "dir": "right"
      }
    },
    {
      "seq": 556,
      "type": "advance",
      "label": "54",
      "ts": 28709,
      "detail": {
        "headBefore": [
          17,
          10
        ],
        "headAfter": [
          18,
          10
        ],
        "tailBefore": [
          11,
          10
        ],
        "tailAfter": [
          12,
          10
        ],
        "dir": "right"
      }
    },
    {
      "seq": 557,
      "type": "advance",
      "label": "54",
      "ts": 28759,
      "detail": {
        "headBefore": [
          18,
          10
        ],
        "headAfter": [
          19,
          10
        ],
        "tailBefore": [
          12,
          10
        ],
        "tailAfter": [
          13,
          10
        ],
        "dir": "right"
      }
    },
    {
      "seq": 558,
      "type": "advance",
      "label": "54",
      "ts": 28810,
      "detail": {
        "headBefore": [
          19,
          10
        ],
        "headAfter": [
          20,
          10
        ],
        "tailBefore": [
          13,
          10
        ],
        "tailAfter": [
          14,
          10
        ],
        "dir": "right"
      }
    },
    {
      "seq": 559,
      "type": "dispose",
      "label": "54",
      "ts": 28810,
      "detail": {}
    }
  ],
  "currentState": {
    "totalLines": 54,
    "solvable": true,
    "lines": [
      {
        "index": 0,
        "label": "54",
        "round": "1-5-5",
        "flyDir": "right",
        "headCol": 20,
        "headRow": 10,
        "tailCol": 6,
        "tailRow": 13,
        "stepCount": 0,
        "path": "right×1 → up×3 → right×2",
        "disposed": true
      },
      {
        "index": 1,
        "label": "53",
        "round": "1-5-5",
        "flyDir": "left",
        "headCol": -3,
        "headRow": 10,
        "tailCol": 6,
        "tailRow": 10,
        "stepCount": 0,
        "path": "left×2",
        "disposed": true
      },
      {
        "index": 2,
        "label": "52",
        "round": "1-5-5",
        "flyDir": "right",
        "headCol": 9,
        "headRow": 13,
        "tailCol": 8,
        "tailRow": 13,
        "stepCount": 1,
        "path": "right×1",
        "disposed": false
      },
      {
        "index": 3,
        "label": "51",
        "round": "1-5-4",
        "flyDir": "up",
        "headCol": 6,
        "headRow": -4,
        "tailCol": 7,
        "tailRow": 4,
        "stepCount": 0,
        "path": "down×1 → left×1 → up×1",
        "disposed": true
      },
      {
        "index": 4,
        "label": "50",
        "round": "1-5-3",
        "flyDir": "down",
        "headCol": 5,
        "headRow": 26,
        "tailCol": 6,
        "tailRow": 17,
        "stepCount": 0,
        "path": "left×1 → down×1",
        "disposed": true
      },
      {
        "index": 5,
        "label": "49",
        "round": "1-5-2",
        "flyDir": "up",
        "headCol": 4,
        "headRow": -2,
        "tailCol": 4,
        "tailRow": 7,
        "stepCount": 0,
        "path": "up×1",
        "disposed": true
      },
      {
        "index": 6,
        "label": "48",
        "round": "1-5-1",
        "flyDir": "right",
        "headCol": 15,
        "headRow": 15,
        "tailCol": 8,
        "tailRow": 15,
        "stepCount": 0,
        "path": "right×1",
        "disposed": true
      },
      {
        "index": 7,
        "label": "47",
        "round": "1-5",
        "flyDir": "right",
        "headCol": 16,
        "headRow": 21,
        "tailCol": 6,
        "tailRow": 22,
        "stepCount": 0,
        "path": "up×1 → right×1",
        "disposed": true
      },
      {
        "index": 8,
        "label": "46",
        "round": "1-5",
        "flyDir": "left",
        "headCol": -7,
        "headRow": 16,
        "tailCol": 4,
        "tailRow": 16,
        "stepCount": 0,
        "path": "down×2 → left×1 → up×2 → left×1",
        "disposed": true
      },
      {
        "index": 9,
        "label": "45",
        "round": "1-5",
        "flyDir": "right",
        "headCol": 20,
        "headRow": 2,
        "tailCol": 5,
        "tailRow": 2,
        "stepCount": 0,
        "path": "right×1 → down×1 → right×1 → up×1 → right×2",
        "disposed": true
      },
      {
        "index": 10,
        "label": "44",
        "round": "1-5",
        "flyDir": "right",
        "headCol": 16,
        "headRow": 18,
        "tailCol": 6,
        "tailRow": 19,
        "stepCount": 0,
        "path": "up×1 → right×1",
        "disposed": true
      },
      {
        "index": 11,
        "label": "43",
        "round": "1-5",
        "flyDir": "down",
        "headCol": 11,
        "headRow": 26,
        "tailCol": 10,
        "tailRow": 13,
        "stepCount": 0,
        "path": "right×1 → down×1",
        "disposed": true
      },
      {
        "index": 12,
        "label": "42",
        "round": "1-5",
        "flyDir": "up",
        "headCol": 4,
        "headRow": -7,
        "tailCol": 5,
        "tailRow": 5,
        "stepCount": 0,
        "path": "left×1 → up×1 → right×1 → up×1 → left×1 → up×1",
        "disposed": true
      },
      {
        "index": 13,
        "label": "41",
        "round": "1-5",
        "flyDir": "left",
        "headCol": -5,
        "headRow": 21,
        "tailCol": 5,
        "tailRow": 19,
        "stepCount": 0,
        "path": "down×1 → left×1 → down×1 → left×1",
        "disposed": true
      },
      {
        "index": 14,
        "label": "40",
        "round": "1-5",
        "flyDir": "up",
        "headCol": 2,
        "headRow": -10,
        "tailCol": 4,
        "tailRow": 11,
        "stepCount": 0,
        "path": "right×2 → down×1 → left×4 → up×2",
        "disposed": true
      },
      {
        "index": 15,
        "label": "39",
        "round": "1-5",
        "flyDir": "down",
        "headCol": 10,
        "headRow": 36,
        "tailCol": 8,
        "tailRow": 16,
        "stepCount": 0,
        "path": "right×1 → down×1 → left×2 → up×3 → right×3 → down×2",
        "disposed": true
      },
      {
        "index": 16,
        "label": "38",
        "round": "1-5",
        "flyDir": "down",
        "headCol": 0,
        "headRow": 27,
        "tailCol": 0,
        "tailRow": 8,
        "stepCount": 0,
        "path": "down×3",
        "disposed": true
      },
      {
        "index": 17,
        "label": "37",
        "round": "1-5",
        "flyDir": "right",
        "headCol": 21,
        "headRow": 10,
        "tailCol": 9,
        "tailRow": 7,
        "stepCount": 0,
        "path": "down×1 → left×1 → down×1 → right×2 → down×1 → right×1",
        "disposed": true
      },
      {
        "index": 18,
        "label": "36",
        "round": "1-5",
        "flyDir": "left",
        "headCol": -2,
        "headRow": 13,
        "tailCol": 5,
        "tailRow": 13,
        "stepCount": 0,
        "path": "left×1",
        "disposed": true
      },
      {
        "index": 19,
        "label": "35",
        "round": "1-5",
        "flyDir": "left",
        "headCol": -3,
        "headRow": 19,
        "tailCol": 4,
        "tailRow": 19,
        "stepCount": 0,
        "path": "left×2",
        "disposed": true
      },
      {
        "index": 20,
        "label": "34",
        "round": "1-5",
        "flyDir": "up",
        "headCol": 2,
        "headRow": -12,
        "tailCol": 6,
        "tailRow": 8,
        "stepCount": 0,
        "path": "down×1 → right×1 → up×2 → left×2 → down×1 → left×3 → up×1",
        "disposed": true
      },
      {
        "index": 21,
        "label": "33",
        "round": "1-5",
        "flyDir": "right",
        "headCol": 19,
        "headRow": 12,
        "tailCol": 10,
        "tailRow": 11,
        "stepCount": 0,
        "path": "left×2 → down×1 → right×2",
        "disposed": true
      },
      {
        "index": 22,
        "label": "32",
        "round": "1-5",
        "flyDir": "right",
        "headCol": 16,
        "headRow": 6,
        "tailCol": 5,
        "tailRow": 6,
        "stepCount": 0,
        "path": "right×2",
        "disposed": true
      },
      {
        "index": 23,
        "label": "31",
        "round": "1-5",
        "flyDir": "up",
        "headCol": 3,
        "headRow": 10,
        "tailCol": 3,
        "tailRow": 11,
        "stepCount": 1,
        "path": "up×1",
        "disposed": false
      },
      {
        "index": 24,
        "label": "30",
        "round": "1-5",
        "flyDir": "left",
        "headCol": -6,
        "headRow": 14,
        "tailCol": 6,
        "tailRow": 16,
        "stepCount": 0,
        "path": "left×1 → up×1 → right×1 → up×1 → left×1",
        "disposed": true
      },
      {
        "index": 25,
        "label": "29",
        "round": "1-4",
        "flyDir": "right",
        "headCol": 15,
        "headRow": 8,
        "tailCol": 12,
        "tailRow": 8,
        "stepCount": 0,
        "path": "right×1",
        "disposed": true
      },
      {
        "index": 26,
        "label": "28",
        "round": "1-4",
        "flyDir": "up",
        "headCol": 13,
        "headRow": -2,
        "tailCol": 13,
        "tailRow": 6,
        "stepCount": 0,
        "path": "up×1",
        "disposed": true
      },
      {
        "index": 27,
        "label": "27",
        "round": "1-3",
        "flyDir": "left",
        "headCol": 9,
        "headRow": 4,
        "tailCol": 11,
        "tailRow": 4,
        "stepCount": 4,
        "path": "down×1 → left×1 → up×1 → left×1",
        "disposed": false
      },
      {
        "index": 28,
        "label": "26",
        "round": "1-2",
        "flyDir": "up",
        "headCol": 13,
        "headRow": 12,
        "tailCol": 13,
        "tailRow": 13,
        "stepCount": 1,
        "path": "up×1",
        "disposed": false
      },
      {
        "index": 29,
        "label": "25",
        "round": "1-1",
        "flyDir": "left",
        "headCol": -2,
        "headRow": 14,
        "tailCol": 2,
        "tailRow": 14,
        "stepCount": 0,
        "path": "left×1",
        "disposed": true
      },
      {
        "index": 30,
        "label": "24",
        "round": "1",
        "flyDir": "right",
        "headCol": 16,
        "headRow": 11,
        "tailCol": 11,
        "tailRow": 11,
        "stepCount": 0,
        "path": "right×2",
        "disposed": true
      },
      {
        "index": 31,
        "label": "23",
        "round": "1",
        "flyDir": "right",
        "headCol": 31,
        "headRow": 19,
        "tailCol": 10,
        "tailRow": 17,
        "stepCount": 0,
        "path": "right×3 → down×1 → left×5 → down×1 → right×1 → down×1 → right×1 → up×1 → right×3",
        "disposed": true
      },
      {
        "index": 32,
        "label": "22",
        "round": "1",
        "flyDir": "right",
        "headCol": 18,
        "headRow": 16,
        "tailCol": 11,
        "tailRow": 16,
        "stepCount": 0,
        "path": "up×1 → right×1 → down×1 → right×1",
        "disposed": true
      },
      {
        "index": 33,
        "label": "21",
        "round": "1",
        "flyDir": "up",
        "headCol": 8,
        "headRow": -3,
        "tailCol": 7,
        "tailRow": 1,
        "stepCount": 0,
        "path": "right×1 → up×1",
        "disposed": true
      },
      {
        "index": 34,
        "label": "20",
        "round": "1",
        "flyDir": "up",
        "headCol": 9,
        "headRow": -12,
        "tailCol": 8,
        "tailRow": 6,
        "stepCount": 0,
        "path": "right×1 → up×1 → left×1 → up×2 → right×2 → up×2 → left×1 → up×1",
        "disposed": true
      },
      {
        "index": 35,
        "label": "19",
        "round": "1",
        "flyDir": "down",
        "headCol": 2,
        "headRow": 28,
        "tailCol": 3,
        "tailRow": 20,
        "stepCount": 0,
        "path": "left×1 → down×3",
        "disposed": true
      },
      {
        "index": 36,
        "label": "18",
        "round": "1",
        "flyDir": "right",
        "headCol": 19,
        "headRow": 4,
        "tailCol": 11,
        "tailRow": 7,
        "stepCount": 0,
        "path": "right×1 → up×3 → right×1",
        "disposed": true
      },
      {
        "index": 37,
        "label": "17",
        "round": "1",
        "flyDir": "left",
        "headCol": -14,
        "headRow": 16,
        "tailCol": 2,
        "tailRow": 15,
        "stepCount": 0,
        "path": "right×2 → up×1 → left×1 → up×1 → left×3 → down×2 → right×1 → down×1 → left×1",
        "disposed": true
      },
      {
        "index": 38,
        "label": "16",
        "round": "1",
        "flyDir": "left",
        "headCol": -4,
        "headRow": 23,
        "tailCol": 0,
        "tailRow": 22,
        "stepCount": 0,
        "path": "right×1 → down×1 → left×1",
        "disposed": true
      },
      {
        "index": 39,
        "label": "15",
        "round": "1",
        "flyDir": "left",
        "headCol": -10,
        "headRow": 20,
        "tailCol": 0,
        "tailRow": 19,
        "stepCount": 0,
        "path": "up×2 → right×2 → down×1 → left×1 → down×2 → left×1",
        "disposed": true
      },
      {
        "index": 40,
        "label": "14",
        "round": "1",
        "flyDir": "right",
        "headCol": 25,
        "headRow": 0,
        "tailCol": 12,
        "tailRow": 2,
        "stepCount": 0,
        "path": "left×1 → down×1 → right×2 → up×2 → left×2 → up×1 → right×2",
        "disposed": true
      },
      {
        "index": 41,
        "label": "13",
        "round": "1",
        "flyDir": "right",
        "headCol": 15,
        "headRow": 23,
        "tailCol": 12,
        "tailRow": 23,
        "stepCount": 0,
        "path": "right×1",
        "disposed": true
      },
      {
        "index": 42,
        "label": "12",
        "round": "1",
        "flyDir": "right",
        "headCol": 18,
        "headRow": 14,
        "tailCol": 11,
        "tailRow": 12,
        "stepCount": 0,
        "path": "right×1 → down×2 → right×1",
        "disposed": true
      },
      {
        "index": 43,
        "label": "11",
        "round": "1",
        "flyDir": "left",
        "headCol": -2,
        "headRow": 21,
        "tailCol": 1,
        "tailRow": 21,
        "stepCount": 0,
        "path": "left×1",
        "disposed": true
      },
      {
        "index": 44,
        "label": "10",
        "round": "1",
        "flyDir": "left",
        "headCol": -8,
        "headRow": 12,
        "tailCol": 4,
        "tailRow": 9,
        "stepCount": 0,
        "path": "left×3 → down×3 → left×1",
        "disposed": true
      },
      {
        "index": 45,
        "label": "9",
        "round": "1",
        "flyDir": "up",
        "headCol": 4,
        "headRow": -4,
        "tailCol": 5,
        "tailRow": 0,
        "stepCount": 0,
        "path": "down×1 → left×1 → up×1",
        "disposed": true
      },
      {
        "index": 46,
        "label": "8",
        "round": "1",
        "flyDir": "left",
        "headCol": -19,
        "headRow": 2,
        "tailCol": 3,
        "tailRow": 7,
        "stepCount": 0,
        "path": "up×3 → left×2 → down×1 → right×1 → down×1 → left×1 → down×1 → left×1 → up×4 → right×1 → up×1 → left×1",
        "disposed": true
      },
      {
        "index": 47,
        "label": "7",
        "round": "1",
        "flyDir": "right",
        "headCol": 17,
        "headRow": 22,
        "tailCol": 13,
        "tailRow": 21,
        "stepCount": 0,
        "path": "left×1 → down×1 → right×1",
        "disposed": true
      },
      {
        "index": 48,
        "label": "6",
        "round": "1",
        "flyDir": "down",
        "headCol": 8,
        "headRow": 33,
        "tailCol": 3,
        "tailRow": 23,
        "stepCount": 0,
        "path": "up×1 → right×2 → down×1 → right×2 → up×1 → right×1 → down×1",
        "disposed": true
      },
      {
        "index": 49,
        "label": "5",
        "round": "1",
        "flyDir": "left",
        "headCol": -4,
        "headRow": 1,
        "tailCol": 2,
        "tailRow": 0,
        "stepCount": 0,
        "path": "left×1 → down×1 → left×1",
        "disposed": true
      },
      {
        "index": 50,
        "label": "4",
        "round": "1",
        "flyDir": "up",
        "headCol": 3,
        "headRow": -6,
        "tailCol": 2,
        "tailRow": 2,
        "stepCount": 0,
        "path": "down×1 → right×1 → up×3",
        "disposed": true
      },
      {
        "index": 51,
        "label": "3",
        "round": "1",
        "flyDir": "right",
        "headCol": 29,
        "headRow": 20,
        "tailCol": 7,
        "tailRow": 19,
        "stepCount": 0,
        "path": "down×1 → right×1 → down×1 → right×2 → down×1 → left×1 → down×1 → right×2 → up×3 → right×2",
        "disposed": true
      },
      {
        "index": 52,
        "label": "2",
        "round": "1",
        "flyDir": "up",
        "headCol": 6,
        "headRow": -2,
        "tailCol": 6,
        "tailRow": 1,
        "stepCount": 0,
        "path": "up×1",
        "disposed": true
      },
      {
        "index": 53,
        "label": "1",
        "round": "1",
        "flyDir": "right",
        "headCol": 22,
        "headRow": 10,
        "tailCol": 11,
        "tailRow": 6,
        "stepCount": 0,
        "path": "left×1 → down×2 → right×1 → down×1 → right×1 → down×1 → right×1",
        "disposed": true
      }
    ],
    "dependencies": {
      "0": null,
      "1": null,
      "2": 28,
      "3": null,
      "4": null,
      "5": null,
      "6": null,
      "7": null,
      "8": null,
      "9": null,
      "10": null,
      "11": null,
      "12": null,
      "13": null,
      "14": null,
      "15": null,
      "16": null,
      "17": null,
      "18": null,
      "19": null,
      "20": null,
      "21": null,
      "22": null,
      "23": null,
      "24": null,
      "25": null,
      "26": null,
      "27": null,
      "28": null,
      "29": null,
      "30": null,
      "31": null,
      "32": null,
      "33": null,
      "34": null,
      "35": null,
      "36": null,
      "37": null,
      "38": null,
      "39": null,
      "40": null,
      "41": null,
      "42": null,
      "43": null,
      "44": null,
      "45": null,
      "46": null,
      "47": null,
      "48": null,
      "49": null,
      "50": null,
      "51": null,
      "52": null,
      "53": null
    },
    "cycles": []
  }
}