{
  "meta": {
    "version": 1,
    "exportedAt": "2026-06-16T17:12:47.437Z",
    "config": {
      "cols": 14,
      "rows": 24,
      "spacing": 25
    }
  },
  "initialState": {
    "totalLines": 60,
    "solvable": true,
    "lines": [
      {
        "index": 0,
        "label": "1",
        "round": "1",
        "flyDir": "up",
        "headCol": 2,
        "headRow": 0,
        "tailCol": 4,
        "tailRow": 3,
        "stepCount": 7,
        "path": "left×1 → up×1 → right×1 → up×1 → left×2 → up×1",
        "disposed": false
      },
      {
        "index": 1,
        "label": "2",
        "round": "1",
        "flyDir": "left",
        "headCol": 0,
        "headRow": 0,
        "tailCol": 0,
        "tailRow": 1,
        "stepCount": 3,
        "path": "right×1 → up×1 → left×1",
        "disposed": false
      },
      {
        "index": 2,
        "label": "3",
        "round": "1",
        "flyDir": "left",
        "headCol": 5,
        "headRow": 2,
        "tailCol": 7,
        "tailRow": 0,
        "stepCount": 4,
        "path": "left×1 → down×2 → left×1",
        "disposed": false
      },
      {
        "index": 3,
        "label": "4",
        "round": "1",
        "flyDir": "up",
        "headCol": 7,
        "headRow": 1,
        "tailCol": 11,
        "tailRow": 1,
        "stepCount": 8,
        "path": "left×1 → up×1 → left×2 → down×2 → left×1 → up×1",
        "disposed": false
      },
      {
        "index": 4,
        "label": "5",
        "round": "1",
        "flyDir": "right",
        "headCol": 13,
        "headRow": 17,
        "tailCol": 1,
        "tailRow": 22,
        "stepCount": 21,
        "path": "down×1 → right×4 → up×2 → right×3 → up×2 → right×3 → up×1 → left×1 → up×1 → right×3",
        "disposed": false
      },
      {
        "index": 5,
        "label": "6",
        "round": "1",
        "flyDir": "down",
        "headCol": 10,
        "headRow": 23,
        "tailCol": 12,
        "tailRow": 20,
        "stepCount": 11,
        "path": "down×2 → left×1 → up×2 → left×1 → down×1 → left×1 → down×1 → right×1 → down×1",
        "disposed": false
      },
      {
        "index": 6,
        "label": "7",
        "round": "1",
        "flyDir": "down",
        "headCol": 5,
        "headRow": 1,
        "tailCol": 3,
        "tailRow": 0,
        "stepCount": 3,
        "path": "right×2 → down×1",
        "disposed": false
      },
      {
        "index": 7,
        "label": "8",
        "round": "1",
        "flyDir": "up",
        "headCol": 8,
        "headRow": 22,
        "tailCol": 6,
        "tailRow": 23,
        "stepCount": 5,
        "path": "up×1 → right×1 → down×1 → right×1 → up×1",
        "disposed": false
      },
      {
        "index": 8,
        "label": "9",
        "round": "1",
        "flyDir": "down",
        "headCol": 4,
        "headRow": 22,
        "tailCol": 3,
        "tailRow": 19,
        "stepCount": 4,
        "path": "down×2 → right×1 → down×1",
        "disposed": false
      },
      {
        "index": 9,
        "label": "10",
        "round": "1",
        "flyDir": "right",
        "headCol": 13,
        "headRow": 13,
        "tailCol": 12,
        "tailRow": 13,
        "stepCount": 1,
        "path": "right×1",
        "disposed": false
      },
      {
        "index": 10,
        "label": "11",
        "round": "1",
        "flyDir": "down",
        "headCol": 12,
        "headRow": 19,
        "tailCol": 13,
        "tailRow": 22,
        "stepCount": 6,
        "path": "up×4 → left×1 → down×1",
        "disposed": false
      },
      {
        "index": 11,
        "label": "12",
        "round": "1",
        "flyDir": "right",
        "headCol": 13,
        "headRow": 12,
        "tailCol": 11,
        "tailRow": 14,
        "stepCount": 12,
        "path": "up×1 → left×1 → up×1 → left×1 → up×1 → right×1 → up×1 → right×1 → down×1 → right×1 → down×1 → right×1",
        "disposed": false
      },
      {
        "index": 12,
        "label": "13",
        "round": "1",
        "flyDir": "down",
        "headCol": 4,
        "headRow": 20,
        "tailCol": 2,
        "tailRow": 17,
        "stepCount": 5,
        "path": "right×1 → down×1 → right×1 → down×2",
        "disposed": false
      },
      {
        "index": 13,
        "label": "14",
        "round": "1",
        "flyDir": "down",
        "headCol": 11,
        "headRow": 9,
        "tailCol": 10,
        "tailRow": 6,
        "stepCount": 4,
        "path": "down×1 → right×1 → down×2",
        "disposed": false
      },
      {
        "index": 14,
        "label": "15",
        "round": "1",
        "flyDir": "down",
        "headCol": 9,
        "headRow": 18,
        "tailCol": 10,
        "tailRow": 15,
        "stepCount": 4,
        "path": "left×1 → down×3",
        "disposed": false
      },
      {
        "index": 15,
        "label": "16",
        "round": "1",
        "flyDir": "right",
        "headCol": 7,
        "headRow": 20,
        "tailCol": 6,
        "tailRow": 12,
        "stepCount": 13,
        "path": "right×1 → down×2 → left×1 → down×2 → right×1 → down×2 → left×1 → down×2 → right×1",
        "disposed": false
      },
      {
        "index": 16,
        "label": "17",
        "round": "1",
        "flyDir": "right",
        "headCol": 13,
        "headRow": 16,
        "tailCol": 13,
        "tailRow": 14,
        "stepCount": 4,
        "path": "down×1 → left×1 → down×1 → right×1",
        "disposed": false
      },
      {
        "index": 17,
        "label": "18",
        "round": "1",
        "flyDir": "down",
        "headCol": 9,
        "headRow": 10,
        "tailCol": 9,
        "tailRow": 7,
        "stepCount": 5,
        "path": "down×1 → right×1 → down×1 → left×1 → down×1",
        "disposed": false
      },
      {
        "index": 18,
        "label": "19",
        "round": "1",
        "flyDir": "up",
        "headCol": 11,
        "headRow": 2,
        "tailCol": 11,
        "tailRow": 3,
        "stepCount": 1,
        "path": "up×1",
        "disposed": false
      },
      {
        "index": 19,
        "label": "20",
        "round": "1",
        "flyDir": "down",
        "headCol": 13,
        "headRow": 11,
        "tailCol": 13,
        "tailRow": 7,
        "stepCount": 6,
        "path": "left×1 → down×1 → right×1 → down×3",
        "disposed": false
      },
      {
        "index": 20,
        "label": "21",
        "round": "1",
        "flyDir": "right",
        "headCol": 10,
        "headRow": 3,
        "tailCol": 9,
        "tailRow": 1,
        "stepCount": 3,
        "path": "down×2 → right×1",
        "disposed": false
      },
      {
        "index": 21,
        "label": "22",
        "round": "1",
        "flyDir": "down",
        "headCol": 4,
        "headRow": 17,
        "tailCol": 3,
        "tailRow": 14,
        "stepCount": 4,
        "path": "right×1 → down×3",
        "disposed": false
      },
      {
        "index": 22,
        "label": "23",
        "round": "1",
        "flyDir": "left",
        "headCol": 0,
        "headRow": 15,
        "tailCol": 1,
        "tailRow": 16,
        "stepCount": 4,
        "path": "right×1 → up×1 → left×2",
        "disposed": false
      },
      {
        "index": 23,
        "label": "24",
        "round": "1",
        "flyDir": "up",
        "headCol": 7,
        "headRow": 3,
        "tailCol": 6,
        "tailRow": 6,
        "stepCount": 4,
        "path": "up×2 → right×1 → up×1",
        "disposed": false
      },
      {
        "index": 24,
        "label": "25",
        "round": "1",
        "flyDir": "right",
        "headCol": 2,
        "headRow": 3,
        "tailCol": 3,
        "tailRow": 7,
        "stepCount": 15,
        "path": "down×2 → right×1 → up×3 → left×1 → up×2 → left×1 → down×1 → left×1 → up×2 → right×1",
        "disposed": false
      },
      {
        "index": 25,
        "label": "26",
        "round": "1",
        "flyDir": "right",
        "headCol": 3,
        "headRow": 22,
        "tailCol": 2,
        "tailRow": 22,
        "stepCount": 1,
        "path": "right×1",
        "disposed": false
      },
      {
        "index": 26,
        "label": "27",
        "round": "1",
        "flyDir": "down",
        "headCol": 0,
        "headRow": 23,
        "tailCol": 0,
        "tailRow": 21,
        "stepCount": 2,
        "path": "down×2",
        "disposed": false
      },
      {
        "index": 27,
        "label": "28",
        "round": "1",
        "flyDir": "down",
        "headCol": 0,
        "headRow": 14,
        "tailCol": 0,
        "tailRow": 12,
        "stepCount": 4,
        "path": "right×1 → down×1 → left×1 → down×1",
        "disposed": false
      },
      {
        "index": 28,
        "label": "29",
        "round": "1",
        "flyDir": "up",
        "headCol": 7,
        "headRow": 5,
        "tailCol": 6,
        "tailRow": 11,
        "stepCount": 9,
        "path": "right×1 → up×1 → left×1 → up×2 → right×1 → up×3",
        "disposed": false
      },
      {
        "index": 29,
        "label": "30",
        "round": "1",
        "flyDir": "left",
        "headCol": 1,
        "headRow": 14,
        "tailCol": 3,
        "tailRow": 12,
        "stepCount": 10,
        "path": "left×1 → up×1 → right×2 → down×2 → left×2 → down×1 → left×1",
        "disposed": false
      },
      {
        "index": 30,
        "label": "31",
        "round": "1",
        "flyDir": "down",
        "headCol": 2,
        "headRow": 21,
        "tailCol": 2,
        "tailRow": 19,
        "stepCount": 2,
        "path": "down×2",
        "disposed": false
      },
      {
        "index": 31,
        "label": "32",
        "round": "1",
        "flyDir": "up",
        "headCol": 9,
        "headRow": 4,
        "tailCol": 12,
        "tailRow": 4,
        "stepCount": 5,
        "path": "left×2 → down×1 → left×1 → up×1",
        "disposed": false
      },
      {
        "index": 32,
        "label": "33",
        "round": "1",
        "flyDir": "right",
        "headCol": 2,
        "headRow": 6,
        "tailCol": 2,
        "tailRow": 9,
        "stepCount": 5,
        "path": "up×2 → left×1 → up×1 → right×1",
        "disposed": false
      },
      {
        "index": 33,
        "label": "34",
        "round": "1",
        "flyDir": "right",
        "headCol": 2,
        "headRow": 18,
        "tailCol": 1,
        "tailRow": 18,
        "stepCount": 1,
        "path": "right×1",
        "disposed": false
      },
      {
        "index": 34,
        "label": "35",
        "round": "1",
        "flyDir": "left",
        "headCol": 0,
        "headRow": 11,
        "tailCol": 1,
        "tailRow": 8,
        "stepCount": 4,
        "path": "down×3 → left×1",
        "disposed": false
      },
      {
        "index": 35,
        "label": "36",
        "round": "1",
        "flyDir": "left",
        "headCol": 2,
        "headRow": 10,
        "tailCol": 3,
        "tailRow": 10,
        "stepCount": 1,
        "path": "left×1",
        "disposed": false
      },
      {
        "index": 36,
        "label": "37",
        "round": "1",
        "flyDir": "down",
        "headCol": 1,
        "headRow": 21,
        "tailCol": 1,
        "tailRow": 19,
        "stepCount": 2,
        "path": "down×2",
        "disposed": false
      },
      {
        "index": 37,
        "label": "38",
        "round": "1",
        "flyDir": "right",
        "headCol": 13,
        "headRow": 1,
        "tailCol": 12,
        "tailRow": 1,
        "stepCount": 1,
        "path": "right×1",
        "disposed": false
      },
      {
        "index": 38,
        "label": "39",
        "round": "1",
        "flyDir": "down",
        "headCol": 4,
        "headRow": 5,
        "tailCol": 4,
        "tailRow": 4,
        "stepCount": 1,
        "path": "down×1",
        "disposed": false
      },
      {
        "index": 39,
        "label": "40",
        "round": "1",
        "flyDir": "down",
        "headCol": 12,
        "headRow": 10,
        "tailCol": 12,
        "tailRow": 9,
        "stepCount": 1,
        "path": "down×1",
        "disposed": false
      },
      {
        "index": 40,
        "label": "41",
        "round": "1",
        "flyDir": "right",
        "headCol": 13,
        "headRow": 0,
        "tailCol": 12,
        "tailRow": 0,
        "stepCount": 1,
        "path": "right×1",
        "disposed": false
      },
      {
        "index": 41,
        "label": "42",
        "round": "1",
        "flyDir": "right",
        "headCol": 13,
        "headRow": 5,
        "tailCol": 12,
        "tailRow": 5,
        "stepCount": 1,
        "path": "right×1",
        "disposed": false
      },
      {
        "index": 42,
        "label": "43",
        "round": "1",
        "flyDir": "down",
        "headCol": 3,
        "headRow": 16,
        "tailCol": 3,
        "tailRow": 15,
        "stepCount": 1,
        "path": "down×1",
        "disposed": false
      },
      {
        "index": 43,
        "label": "44",
        "round": "1",
        "flyDir": "right",
        "headCol": 13,
        "headRow": 2,
        "tailCol": 12,
        "tailRow": 2,
        "stepCount": 1,
        "path": "right×1",
        "disposed": false
      },
      {
        "index": 44,
        "label": "45",
        "round": "1-1",
        "flyDir": "right",
        "headCol": 13,
        "headRow": 23,
        "tailCol": 11,
        "tailRow": 23,
        "stepCount": 2,
        "path": "right×2",
        "disposed": false
      },
      {
        "index": 45,
        "label": "46",
        "round": "1-2",
        "flyDir": "down",
        "headCol": 11,
        "headRow": 16,
        "tailCol": 11,
        "tailRow": 15,
        "stepCount": 1,
        "path": "down×1",
        "disposed": false
      },
      {
        "index": 46,
        "label": "47",
        "round": "1-3",
        "flyDir": "down",
        "headCol": 13,
        "headRow": 4,
        "tailCol": 13,
        "tailRow": 3,
        "stepCount": 1,
        "path": "down×1",
        "disposed": false
      },
      {
        "index": 47,
        "label": "48",
        "round": "1-4",
        "flyDir": "up",
        "headCol": 11,
        "headRow": 5,
        "tailCol": 13,
        "tailRow": 6,
        "stepCount": 3,
        "path": "left×2 → up×1",
        "disposed": false
      },
      {
        "index": 48,
        "label": "49",
        "round": "1-5",
        "flyDir": "right",
        "headCol": 1,
        "headRow": 17,
        "tailCol": 0,
        "tailRow": 17,
        "stepCount": 1,
        "path": "right×1",
        "disposed": false
      },
      {
        "index": 49,
        "label": "50",
        "round": "1-5",
        "flyDir": "down",
        "headCol": 0,
        "headRow": 20,
        "tailCol": 0,
        "tailRow": 18,
        "stepCount": 2,
        "path": "down×2",
        "disposed": false
      },
      {
        "index": 50,
        "label": "51",
        "round": "1-6",
        "flyDir": "down",
        "headCol": 0,
        "headRow": 10,
        "tailCol": 1,
        "tailRow": 2,
        "stepCount": 9,
        "path": "left×1 → down×8",
        "disposed": false
      },
      {
        "index": 51,
        "label": "52",
        "round": "1-7",
        "flyDir": "up",
        "headCol": 8,
        "headRow": 3,
        "tailCol": 8,
        "tailRow": 4,
        "stepCount": 1,
        "path": "up×1",
        "disposed": false
      },
      {
        "index": 52,
        "label": "53",
        "round": "1-7",
        "flyDir": "down",
        "headCol": 9,
        "headRow": 14,
        "tailCol": 8,
        "tailRow": 14,
        "stepCount": 3,
        "path": "up×1 → right×1 → down×1",
        "disposed": false
      },
      {
        "index": 53,
        "label": "54",
        "round": "1-7",
        "flyDir": "right",
        "headCol": 8,
        "headRow": 15,
        "tailCol": 7,
        "tailRow": 15,
        "stepCount": 1,
        "path": "right×1",
        "disposed": false
      },
      {
        "index": 54,
        "label": "55",
        "round": "1-7",
        "flyDir": "right",
        "headCol": 9,
        "headRow": 6,
        "tailCol": 8,
        "tailRow": 11,
        "stepCount": 6,
        "path": "up×5 → right×1",
        "disposed": false
      },
      {
        "index": 55,
        "label": "56",
        "round": "1-8",
        "flyDir": "right",
        "headCol": 6,
        "headRow": 17,
        "tailCol": 6,
        "tailRow": 13,
        "stepCount": 6,
        "path": "left×1 → down×4 → right×1",
        "disposed": false
      },
      {
        "index": 56,
        "label": "57",
        "round": "1-8",
        "flyDir": "right",
        "headCol": 6,
        "headRow": 3,
        "tailCol": 5,
        "tailRow": 4,
        "stepCount": 2,
        "path": "up×1 → right×1",
        "disposed": false
      },
      {
        "index": 57,
        "label": "58",
        "round": "1-8",
        "flyDir": "down",
        "headCol": 5,
        "headRow": 12,
        "tailCol": 5,
        "tailRow": 8,
        "stepCount": 4,
        "path": "down×4",
        "disposed": false
      },
      {
        "index": 58,
        "label": "59",
        "round": "1-8",
        "flyDir": "down",
        "headCol": 5,
        "headRow": 7,
        "tailCol": 5,
        "tailRow": 5,
        "stepCount": 2,
        "path": "down×2",
        "disposed": false
      },
      {
        "index": 59,
        "label": "60",
        "round": "1-8-1",
        "flyDir": "down",
        "headCol": 5,
        "headRow": 20,
        "tailCol": 5,
        "tailRow": 18,
        "stepCount": 2,
        "path": "down×2",
        "disposed": false
      }
    ],
    "dependencies": {
      "0": null,
      "1": null,
      "2": 0,
      "3": 2,
      "4": null,
      "5": null,
      "6": 2,
      "7": 4,
      "8": 4,
      "9": null,
      "10": 5,
      "11": null,
      "12": 8,
      "13": 11,
      "14": 4,
      "15": 4,
      "16": null,
      "17": 11,
      "18": 3,
      "19": 11,
      "20": 18,
      "21": 12,
      "22": null,
      "23": 3,
      "24": 0,
      "25": 8,
      "26": null,
      "27": 22,
      "28": 23,
      "29": 27,
      "30": 25,
      "31": 20,
      "32": 24,
      "33": 12,
      "34": null,
      "35": 34,
      "36": 4,
      "37": null,
      "38": 24,
      "39": 11,
      "40": null,
      "41": null,
      "42": 12,
      "43": null,
      "44": null,
      "45": 4,
      "46": 41,
      "47": 31,
      "48": 12,
      "49": 26,
      "50": 34,
      "51": 3,
      "52": 14,
      "53": 14,
      "54": 13,
      "55": 15,
      "56": 23,
      "57": 55,
      "58": 57,
      "59": 4
    },
    "cycles": []
  },
  "summary": {
    "phase": "mid-execution",
    "totalEvents": 548,
    "clicks": 46,
    "advances": 456,
    "retreats": 0,
    "collisions": 0,
    "disposals": 46,
    "linesInBounds": 14,
    "linesOutOfBounds": 0,
    "linesDisposed": 46
  },
  "batches": [
    {
      "round": "1",
      "region": "全棋盘",
      "regionSize": 336,
      "count": 44,
      "labels": "[1-44]",
      "order": [
        "1",
        "2",
        "3",
        "4",
        "5",
        "6",
        "7",
        "8",
        "9",
        "10",
        "11",
        "12",
        "13",
        "14",
        "15",
        "16",
        "17",
        "18",
        "19",
        "20",
        "21",
        "22",
        "23",
        "24",
        "25",
        "26",
        "27",
        "28",
        "29",
        "30",
        "31",
        "32",
        "33",
        "34",
        "35",
        "36",
        "37",
        "38",
        "39",
        "40",
        "41",
        "42",
        "43",
        "44"
      ],
      "cells": []
    },
    {
      "round": "1-1",
      "region": "空区(3格)",
      "regionSize": 3,
      "count": 1,
      "labels": "[45-45]",
      "order": [
        "45"
      ],
      "cells": [
        [
          11,
          23
        ],
        [
          12,
          23
        ],
        [
          13,
          23
        ]
      ]
    },
    {
      "round": "1-2",
      "region": "空区(3格)",
      "regionSize": 3,
      "count": 1,
      "labels": "[46-46]",
      "order": [
        "46"
      ],
      "cells": [
        [
          11,
          15
        ],
        [
          11,
          16
        ],
        [
          10,
          16
        ]
      ]
    },
    {
      "round": "1-3",
      "region": "空区(3格)",
      "regionSize": 3,
      "count": 1,
      "labels": "[47-47]",
      "order": [
        "47"
      ],
      "cells": [
        [
          12,
          3
        ],
        [
          13,
          3
        ],
        [
          13,
          4
        ]
      ]
    },
    {
      "round": "1-4",
      "region": "空区(4格)",
      "regionSize": 4,
      "count": 1,
      "labels": "[48-48]",
      "order": [
        "48"
      ],
      "cells": [
        [
          11,
          5
        ],
        [
          11,
          6
        ],
        [
          12,
          6
        ],
        [
          13,
          6
        ]
      ]
    },
    {
      "round": "1-5",
      "region": "空区(6格)",
      "regionSize": 6,
      "count": 2,
      "labels": "[49-50]",
      "order": [
        "49",
        "50"
      ],
      "cells": [
        [
          0,
          16
        ],
        [
          0,
          17
        ],
        [
          1,
          17
        ],
        [
          0,
          18
        ],
        [
          0,
          19
        ],
        [
          0,
          20
        ]
      ]
    },
    {
      "round": "1-6",
      "region": "空区(11格)",
      "regionSize": 11,
      "count": 1,
      "labels": "[51-51]",
      "order": [
        "51"
      ],
      "cells": [
        [
          0,
          2
        ],
        [
          1,
          2
        ],
        [
          0,
          3
        ],
        [
          2,
          2
        ],
        [
          0,
          4
        ],
        [
          0,
          5
        ],
        [
          0,
          6
        ],
        [
          0,
          7
        ],
        [
          0,
          8
        ],
        [
          0,
          9
        ],
        [
          0,
          10
        ]
      ]
    },
    {
      "round": "1-7",
      "region": "空区(22格)",
      "regionSize": 22,
      "count": 4,
      "labels": "[52-55]",
      "order": [
        "52",
        "53",
        "54",
        "55"
      ],
      "cells": [
        [
          8,
          3
        ],
        [
          8,
          4
        ],
        [
          8,
          5
        ],
        [
          8,
          6
        ],
        [
          9,
          6
        ],
        [
          8,
          7
        ],
        [
          8,
          8
        ],
        [
          8,
          9
        ],
        [
          7,
          9
        ],
        [
          8,
          10
        ],
        [
          8,
          11
        ],
        [
          8,
          12
        ],
        [
          8,
          13
        ],
        [
          9,
          13
        ],
        [
          8,
          14
        ],
        [
          9,
          14
        ],
        [
          8,
          15
        ],
        [
          10,
          14
        ],
        [
          7,
          15
        ],
        [
          8,
          16
        ],
        [
          8,
          17
        ],
        [
          8,
          18
        ]
      ]
    },
    {
      "round": "1-8",
      "region": "空区(23格)",
      "regionSize": 23,
      "count": 4,
      "labels": "[56-59]",
      "order": [
        "56",
        "57",
        "58",
        "59"
      ],
      "cells": [
        [
          5,
          3
        ],
        [
          6,
          3
        ],
        [
          5,
          4
        ],
        [
          5,
          5
        ],
        [
          5,
          6
        ],
        [
          5,
          7
        ],
        [
          6,
          7
        ],
        [
          5,
          8
        ],
        [
          5,
          9
        ],
        [
          5,
          10
        ],
        [
          4,
          10
        ],
        [
          5,
          11
        ],
        [
          5,
          12
        ],
        [
          5,
          13
        ],
        [
          6,
          13
        ],
        [
          5,
          14
        ],
        [
          5,
          15
        ],
        [
          5,
          16
        ],
        [
          5,
          17
        ],
        [
          6,
          17
        ],
        [
          5,
          18
        ],
        [
          5,
          19
        ],
        [
          5,
          20
        ]
      ]
    },
    {
      "round": "1-7-1",
      "region": "空区(3格)",
      "regionSize": 3,
      "count": 0,
      "labels": "-",
      "order": [],
      "cells": [
        [
          8,
          16
        ],
        [
          8,
          17
        ],
        [
          8,
          18
        ]
      ]
    },
    {
      "round": "1-8-1",
      "region": "空区(3格)",
      "regionSize": 3,
      "count": 1,
      "labels": "[60-60]",
      "order": [
        "60"
      ],
      "cells": [
        [
          5,
          18
        ],
        [
          5,
          19
        ],
        [
          5,
          20
        ]
      ]
    }
  ],
  "events": [
    {
      "seq": 1,
      "type": "click",
      "label": "45",
      "ts": 1109,
      "detail": {}
    },
    {
      "seq": 2,
      "type": "advance",
      "label": "45",
      "ts": 1109,
      "detail": {
        "headBefore": [
          13,
          23
        ],
        "headAfter": [
          14,
          23
        ],
        "tailBefore": [
          11,
          23
        ],
        "tailAfter": [
          12,
          23
        ],
        "dir": "right"
      }
    },
    {
      "seq": 3,
      "type": "advance",
      "label": "45",
      "ts": 1157,
      "detail": {
        "headBefore": [
          14,
          23
        ],
        "headAfter": [
          15,
          23
        ],
        "tailBefore": [
          12,
          23
        ],
        "tailAfter": [
          13,
          23
        ],
        "dir": "right"
      }
    },
    {
      "seq": 4,
      "type": "advance",
      "label": "45",
      "ts": 1207,
      "detail": {
        "headBefore": [
          15,
          23
        ],
        "headAfter": [
          16,
          23
        ],
        "tailBefore": [
          13,
          23
        ],
        "tailAfter": [
          14,
          23
        ],
        "dir": "right"
      }
    },
    {
      "seq": 5,
      "type": "dispose",
      "label": "45",
      "ts": 1207,
      "detail": {}
    },
    {
      "seq": 6,
      "type": "click",
      "label": "27",
      "ts": 1995,
      "detail": {}
    },
    {
      "seq": 7,
      "type": "advance",
      "label": "27",
      "ts": 1995,
      "detail": {
        "headBefore": [
          0,
          23
        ],
        "headAfter": [
          0,
          24
        ],
        "tailBefore": [
          0,
          21
        ],
        "tailAfter": [
          0,
          22
        ],
        "dir": "down"
      }
    },
    {
      "seq": 8,
      "type": "advance",
      "label": "27",
      "ts": 2040,
      "detail": {
        "headBefore": [
          0,
          24
        ],
        "headAfter": [
          0,
          25
        ],
        "tailBefore": [
          0,
          22
        ],
        "tailAfter": [
          0,
          23
        ],
        "dir": "down"
      }
    },
    {
      "seq": 9,
      "type": "advance",
      "label": "27",
      "ts": 2091,
      "detail": {
        "headBefore": [
          0,
          25
        ],
        "headAfter": [
          0,
          26
        ],
        "tailBefore": [
          0,
          23
        ],
        "tailAfter": [
          0,
          24
        ],
        "dir": "down"
      }
    },
    {
      "seq": 10,
      "type": "dispose",
      "label": "27",
      "ts": 2091,
      "detail": {}
    },
    {
      "seq": 11,
      "type": "click",
      "label": "50",
      "ts": 2915,
      "detail": {}
    },
    {
      "seq": 12,
      "type": "advance",
      "label": "50",
      "ts": 2915,
      "detail": {
        "headBefore": [
          0,
          20
        ],
        "headAfter": [
          0,
          21
        ],
        "tailBefore": [
          0,
          18
        ],
        "tailAfter": [
          0,
          19
        ],
        "dir": "down"
      }
    },
    {
      "seq": 13,
      "type": "advance",
      "label": "50",
      "ts": 2958,
      "detail": {
        "headBefore": [
          0,
          21
        ],
        "headAfter": [
          0,
          22
        ],
        "tailBefore": [
          0,
          19
        ],
        "tailAfter": [
          0,
          20
        ],
        "dir": "down"
      }
    },
    {
      "seq": 14,
      "type": "advance",
      "label": "50",
      "ts": 3008,
      "detail": {
        "headBefore": [
          0,
          22
        ],
        "headAfter": [
          0,
          23
        ],
        "tailBefore": [
          0,
          20
        ],
        "tailAfter": [
          0,
          21
        ],
        "dir": "down"
      }
    },
    {
      "seq": 15,
      "type": "advance",
      "label": "50",
      "ts": 3058,
      "detail": {
        "headBefore": [
          0,
          23
        ],
        "headAfter": [
          0,
          24
        ],
        "tailBefore": [
          0,
          21
        ],
        "tailAfter": [
          0,
          22
        ],
        "dir": "down"
      }
    },
    {
      "seq": 16,
      "type": "advance",
      "label": "50",
      "ts": 3108,
      "detail": {
        "headBefore": [
          0,
          24
        ],
        "headAfter": [
          0,
          25
        ],
        "tailBefore": [
          0,
          22
        ],
        "tailAfter": [
          0,
          23
        ],
        "dir": "down"
      }
    },
    {
      "seq": 17,
      "type": "advance",
      "label": "50",
      "ts": 3158,
      "detail": {
        "headBefore": [
          0,
          25
        ],
        "headAfter": [
          0,
          26
        ],
        "tailBefore": [
          0,
          23
        ],
        "tailAfter": [
          0,
          24
        ],
        "dir": "down"
      }
    },
    {
      "seq": 18,
      "type": "dispose",
      "label": "50",
      "ts": 3158,
      "detail": {}
    },
    {
      "seq": 19,
      "type": "click",
      "label": "2",
      "ts": 5219,
      "detail": {}
    },
    {
      "seq": 20,
      "type": "advance",
      "label": "2",
      "ts": 5220,
      "detail": {
        "headBefore": [
          0,
          0
        ],
        "headAfter": [
          -1,
          0
        ],
        "tailBefore": [
          0,
          1
        ],
        "tailAfter": [
          1,
          1
        ],
        "dir": "left"
      }
    },
    {
      "seq": 21,
      "type": "advance",
      "label": "2",
      "ts": 5260,
      "detail": {
        "headBefore": [
          -1,
          0
        ],
        "headAfter": [
          -2,
          0
        ],
        "tailBefore": [
          1,
          1
        ],
        "tailAfter": [
          1,
          0
        ],
        "dir": "left"
      }
    },
    {
      "seq": 22,
      "type": "advance",
      "label": "2",
      "ts": 5309,
      "detail": {
        "headBefore": [
          -2,
          0
        ],
        "headAfter": [
          -3,
          0
        ],
        "tailBefore": [
          1,
          0
        ],
        "tailAfter": [
          0,
          0
        ],
        "dir": "left"
      }
    },
    {
      "seq": 23,
      "type": "advance",
      "label": "2",
      "ts": 5360,
      "detail": {
        "headBefore": [
          -3,
          0
        ],
        "headAfter": [
          -4,
          0
        ],
        "tailBefore": [
          0,
          0
        ],
        "tailAfter": [
          -1,
          0
        ],
        "dir": "left"
      }
    },
    {
      "seq": 24,
      "type": "dispose",
      "label": "2",
      "ts": 5360,
      "detail": {}
    },
    {
      "seq": 25,
      "type": "click",
      "label": "1",
      "ts": 5699,
      "detail": {}
    },
    {
      "seq": 26,
      "type": "advance",
      "label": "1",
      "ts": 5699,
      "detail": {
        "headBefore": [
          2,
          0
        ],
        "headAfter": [
          2,
          -1
        ],
        "tailBefore": [
          4,
          3
        ],
        "tailAfter": [
          3,
          3
        ],
        "dir": "up"
      }
    },
    {
      "seq": 27,
      "type": "advance",
      "label": "1",
      "ts": 5744,
      "detail": {
        "headBefore": [
          2,
          -1
        ],
        "headAfter": [
          2,
          -2
        ],
        "tailBefore": [
          3,
          3
        ],
        "tailAfter": [
          3,
          2
        ],
        "dir": "up"
      }
    },
    {
      "seq": 28,
      "type": "advance",
      "label": "1",
      "ts": 5794,
      "detail": {
        "headBefore": [
          2,
          -2
        ],
        "headAfter": [
          2,
          -3
        ],
        "tailBefore": [
          3,
          2
        ],
        "tailAfter": [
          4,
          2
        ],
        "dir": "up"
      }
    },
    {
      "seq": 29,
      "type": "advance",
      "label": "1",
      "ts": 5844,
      "detail": {
        "headBefore": [
          2,
          -3
        ],
        "headAfter": [
          2,
          -4
        ],
        "tailBefore": [
          4,
          2
        ],
        "tailAfter": [
          4,
          1
        ],
        "dir": "up"
      }
    },
    {
      "seq": 30,
      "type": "advance",
      "label": "1",
      "ts": 5894,
      "detail": {
        "headBefore": [
          2,
          -4
        ],
        "headAfter": [
          2,
          -5
        ],
        "tailBefore": [
          4,
          1
        ],
        "tailAfter": [
          3,
          1
        ],
        "dir": "up"
      }
    },
    {
      "seq": 31,
      "type": "advance",
      "label": "1",
      "ts": 5944,
      "detail": {
        "headBefore": [
          2,
          -5
        ],
        "headAfter": [
          2,
          -6
        ],
        "tailBefore": [
          3,
          1
        ],
        "tailAfter": [
          2,
          1
        ],
        "dir": "up"
      }
    },
    {
      "seq": 32,
      "type": "advance",
      "label": "1",
      "ts": 6011,
      "detail": {
        "headBefore": [
          2,
          -6
        ],
        "headAfter": [
          2,
          -7
        ],
        "tailBefore": [
          2,
          1
        ],
        "tailAfter": [
          2,
          0
        ],
        "dir": "up"
      }
    },
    {
      "seq": 33,
      "type": "advance",
      "label": "1",
      "ts": 6077,
      "detail": {
        "headBefore": [
          2,
          -7
        ],
        "headAfter": [
          2,
          -8
        ],
        "tailBefore": [
          2,
          0
        ],
        "tailAfter": [
          2,
          -1
        ],
        "dir": "up"
      }
    },
    {
      "seq": 34,
      "type": "dispose",
      "label": "1",
      "ts": 6077,
      "detail": {}
    },
    {
      "seq": 35,
      "type": "click",
      "label": "41",
      "ts": 6940,
      "detail": {}
    },
    {
      "seq": 36,
      "type": "advance",
      "label": "41",
      "ts": 6940,
      "detail": {
        "headBefore": [
          13,
          0
        ],
        "headAfter": [
          14,
          0
        ],
        "tailBefore": [
          12,
          0
        ],
        "tailAfter": [
          13,
          0
        ],
        "dir": "right"
      }
    },
    {
      "seq": 37,
      "type": "advance",
      "label": "41",
      "ts": 6978,
      "detail": {
        "headBefore": [
          14,
          0
        ],
        "headAfter": [
          15,
          0
        ],
        "tailBefore": [
          13,
          0
        ],
        "tailAfter": [
          14,
          0
        ],
        "dir": "right"
      }
    },
    {
      "seq": 38,
      "type": "dispose",
      "label": "41",
      "ts": 6978,
      "detail": {}
    },
    {
      "seq": 39,
      "type": "click",
      "label": "38",
      "ts": 7300,
      "detail": {}
    },
    {
      "seq": 40,
      "type": "advance",
      "label": "38",
      "ts": 7300,
      "detail": {
        "headBefore": [
          13,
          1
        ],
        "headAfter": [
          14,
          1
        ],
        "tailBefore": [
          12,
          1
        ],
        "tailAfter": [
          13,
          1
        ],
        "dir": "right"
      }
    },
    {
      "seq": 41,
      "type": "advance",
      "label": "38",
      "ts": 7362,
      "detail": {
        "headBefore": [
          14,
          1
        ],
        "headAfter": [
          15,
          1
        ],
        "tailBefore": [
          13,
          1
        ],
        "tailAfter": [
          14,
          1
        ],
        "dir": "right"
      }
    },
    {
      "seq": 42,
      "type": "dispose",
      "label": "38",
      "ts": 7362,
      "detail": {}
    },
    {
      "seq": 43,
      "type": "click",
      "label": "44",
      "ts": 7644,
      "detail": {}
    },
    {
      "seq": 44,
      "type": "advance",
      "label": "44",
      "ts": 7645,
      "detail": {
        "headBefore": [
          13,
          2
        ],
        "headAfter": [
          14,
          2
        ],
        "tailBefore": [
          12,
          2
        ],
        "tailAfter": [
          13,
          2
        ],
        "dir": "right"
      }
    },
    {
      "seq": 45,
      "type": "advance",
      "label": "44",
      "ts": 7678,
      "detail": {
        "headBefore": [
          14,
          2
        ],
        "headAfter": [
          15,
          2
        ],
        "tailBefore": [
          13,
          2
        ],
        "tailAfter": [
          14,
          2
        ],
        "dir": "right"
      }
    },
    {
      "seq": 46,
      "type": "dispose",
      "label": "44",
      "ts": 7678,
      "detail": {}
    },
    {
      "seq": 47,
      "type": "click",
      "label": "42",
      "ts": 8740,
      "detail": {}
    },
    {
      "seq": 48,
      "type": "advance",
      "label": "42",
      "ts": 8740,
      "detail": {
        "headBefore": [
          13,
          5
        ],
        "headAfter": [
          14,
          5
        ],
        "tailBefore": [
          12,
          5
        ],
        "tailAfter": [
          13,
          5
        ],
        "dir": "right"
      }
    },
    {
      "seq": 49,
      "type": "advance",
      "label": "42",
      "ts": 8780,
      "detail": {
        "headBefore": [
          14,
          5
        ],
        "headAfter": [
          15,
          5
        ],
        "tailBefore": [
          13,
          5
        ],
        "tailAfter": [
          14,
          5
        ],
        "dir": "right"
      }
    },
    {
      "seq": 50,
      "type": "dispose",
      "label": "42",
      "ts": 8780,
      "detail": {}
    },
    {
      "seq": 51,
      "type": "click",
      "label": "10",
      "ts": 9915,
      "detail": {}
    },
    {
      "seq": 52,
      "type": "advance",
      "label": "10",
      "ts": 9915,
      "detail": {
        "headBefore": [
          13,
          13
        ],
        "headAfter": [
          14,
          13
        ],
        "tailBefore": [
          12,
          13
        ],
        "tailAfter": [
          13,
          13
        ],
        "dir": "right"
      }
    },
    {
      "seq": 53,
      "type": "advance",
      "label": "10",
      "ts": 9964,
      "detail": {
        "headBefore": [
          14,
          13
        ],
        "headAfter": [
          15,
          13
        ],
        "tailBefore": [
          13,
          13
        ],
        "tailAfter": [
          14,
          13
        ],
        "dir": "right"
      }
    },
    {
      "seq": 54,
      "type": "dispose",
      "label": "10",
      "ts": 9964,
      "detail": {}
    },
    {
      "seq": 55,
      "type": "click",
      "label": "12",
      "ts": 11036,
      "detail": {}
    },
    {
      "seq": 56,
      "type": "advance",
      "label": "12",
      "ts": 11036,
      "detail": {
        "headBefore": [
          13,
          12
        ],
        "headAfter": [
          14,
          12
        ],
        "tailBefore": [
          11,
          14
        ],
        "tailAfter": [
          11,
          13
        ],
        "dir": "right"
      }
    },
    {
      "seq": 57,
      "type": "advance",
      "label": "12",
      "ts": 11082,
      "detail": {
        "headBefore": [
          14,
          12
        ],
        "headAfter": [
          15,
          12
        ],
        "tailBefore": [
          11,
          13
        ],
        "tailAfter": [
          10,
          13
        ],
        "dir": "right"
      }
    },
    {
      "seq": 58,
      "type": "advance",
      "label": "12",
      "ts": 11131,
      "detail": {
        "headBefore": [
          15,
          12
        ],
        "headAfter": [
          16,
          12
        ],
        "tailBefore": [
          10,
          13
        ],
        "tailAfter": [
          10,
          12
        ],
        "dir": "right"
      }
    },
    {
      "seq": 59,
      "type": "advance",
      "label": "12",
      "ts": 11181,
      "detail": {
        "headBefore": [
          16,
          12
        ],
        "headAfter": [
          17,
          12
        ],
        "tailBefore": [
          10,
          12
        ],
        "tailAfter": [
          9,
          12
        ],
        "dir": "right"
      }
    },
    {
      "seq": 60,
      "type": "advance",
      "label": "12",
      "ts": 11231,
      "detail": {
        "headBefore": [
          17,
          12
        ],
        "headAfter": [
          18,
          12
        ],
        "tailBefore": [
          9,
          12
        ],
        "tailAfter": [
          9,
          11
        ],
        "dir": "right"
      }
    },
    {
      "seq": 61,
      "type": "advance",
      "label": "12",
      "ts": 11282,
      "detail": {
        "headBefore": [
          18,
          12
        ],
        "headAfter": [
          19,
          12
        ],
        "tailBefore": [
          9,
          11
        ],
        "tailAfter": [
          10,
          11
        ],
        "dir": "right"
      }
    },
    {
      "seq": 62,
      "type": "advance",
      "label": "12",
      "ts": 11331,
      "detail": {
        "headBefore": [
          19,
          12
        ],
        "headAfter": [
          20,
          12
        ],
        "tailBefore": [
          10,
          11
        ],
        "tailAfter": [
          10,
          10
        ],
        "dir": "right"
      }
    },
    {
      "seq": 63,
      "type": "advance",
      "label": "12",
      "ts": 11381,
      "detail": {
        "headBefore": [
          20,
          12
        ],
        "headAfter": [
          21,
          12
        ],
        "tailBefore": [
          10,
          10
        ],
        "tailAfter": [
          11,
          10
        ],
        "dir": "right"
      }
    },
    {
      "seq": 64,
      "type": "advance",
      "label": "12",
      "ts": 11432,
      "detail": {
        "headBefore": [
          21,
          12
        ],
        "headAfter": [
          22,
          12
        ],
        "tailBefore": [
          11,
          10
        ],
        "tailAfter": [
          11,
          11
        ],
        "dir": "right"
      }
    },
    {
      "seq": 65,
      "type": "advance",
      "label": "12",
      "ts": 11481,
      "detail": {
        "headBefore": [
          22,
          12
        ],
        "headAfter": [
          23,
          12
        ],
        "tailBefore": [
          11,
          11
        ],
        "tailAfter": [
          12,
          11
        ],
        "dir": "right"
      }
    },
    {
      "seq": 66,
      "type": "advance",
      "label": "12",
      "ts": 11531,
      "detail": {
        "headBefore": [
          23,
          12
        ],
        "headAfter": [
          24,
          12
        ],
        "tailBefore": [
          12,
          11
        ],
        "tailAfter": [
          12,
          12
        ],
        "dir": "right"
      }
    },
    {
      "seq": 67,
      "type": "advance",
      "label": "12",
      "ts": 11581,
      "detail": {
        "headBefore": [
          24,
          12
        ],
        "headAfter": [
          25,
          12
        ],
        "tailBefore": [
          12,
          12
        ],
        "tailAfter": [
          13,
          12
        ],
        "dir": "right"
      }
    },
    {
      "seq": 68,
      "type": "advance",
      "label": "12",
      "ts": 11632,
      "detail": {
        "headBefore": [
          25,
          12
        ],
        "headAfter": [
          26,
          12
        ],
        "tailBefore": [
          13,
          12
        ],
        "tailAfter": [
          14,
          12
        ],
        "dir": "right"
      }
    },
    {
      "seq": 69,
      "type": "dispose",
      "label": "12",
      "ts": 11632,
      "detail": {}
    },
    {
      "seq": 70,
      "type": "click",
      "label": "17",
      "ts": 11987,
      "detail": {}
    },
    {
      "seq": 71,
      "type": "advance",
      "label": "17",
      "ts": 11987,
      "detail": {
        "headBefore": [
          13,
          16
        ],
        "headAfter": [
          14,
          16
        ],
        "tailBefore": [
          13,
          14
        ],
        "tailAfter": [
          13,
          15
        ],
        "dir": "right"
      }
    },
    {
      "seq": 72,
      "type": "advance",
      "label": "17",
      "ts": 12032,
      "detail": {
        "headBefore": [
          14,
          16
        ],
        "headAfter": [
          15,
          16
        ],
        "tailBefore": [
          13,
          15
        ],
        "tailAfter": [
          12,
          15
        ],
        "dir": "right"
      }
    },
    {
      "seq": 73,
      "type": "advance",
      "label": "17",
      "ts": 12082,
      "detail": {
        "headBefore": [
          15,
          16
        ],
        "headAfter": [
          16,
          16
        ],
        "tailBefore": [
          12,
          15
        ],
        "tailAfter": [
          12,
          16
        ],
        "dir": "right"
      }
    },
    {
      "seq": 74,
      "type": "advance",
      "label": "17",
      "ts": 12131,
      "detail": {
        "headBefore": [
          16,
          16
        ],
        "headAfter": [
          17,
          16
        ],
        "tailBefore": [
          12,
          16
        ],
        "tailAfter": [
          13,
          16
        ],
        "dir": "right"
      }
    },
    {
      "seq": 75,
      "type": "advance",
      "label": "17",
      "ts": 12182,
      "detail": {
        "headBefore": [
          17,
          16
        ],
        "headAfter": [
          18,
          16
        ],
        "tailBefore": [
          13,
          16
        ],
        "tailAfter": [
          14,
          16
        ],
        "dir": "right"
      }
    },
    {
      "seq": 76,
      "type": "dispose",
      "label": "17",
      "ts": 12182,
      "detail": {}
    },
    {
      "seq": 77,
      "type": "click",
      "label": "5",
      "ts": 12523,
      "detail": {}
    },
    {
      "seq": 78,
      "type": "advance",
      "label": "5",
      "ts": 12523,
      "detail": {
        "headBefore": [
          13,
          17
        ],
        "headAfter": [
          14,
          17
        ],
        "tailBefore": [
          1,
          22
        ],
        "tailAfter": [
          1,
          23
        ],
        "dir": "right"
      }
    },
    {
      "seq": 79,
      "type": "advance",
      "label": "5",
      "ts": 12565,
      "detail": {
        "headBefore": [
          14,
          17
        ],
        "headAfter": [
          15,
          17
        ],
        "tailBefore": [
          1,
          23
        ],
        "tailAfter": [
          2,
          23
        ],
        "dir": "right"
      }
    },
    {
      "seq": 80,
      "type": "advance",
      "label": "5",
      "ts": 12616,
      "detail": {
        "headBefore": [
          15,
          17
        ],
        "headAfter": [
          16,
          17
        ],
        "tailBefore": [
          2,
          23
        ],
        "tailAfter": [
          3,
          23
        ],
        "dir": "right"
      }
    },
    {
      "seq": 81,
      "type": "advance",
      "label": "5",
      "ts": 12666,
      "detail": {
        "headBefore": [
          16,
          17
        ],
        "headAfter": [
          17,
          17
        ],
        "tailBefore": [
          3,
          23
        ],
        "tailAfter": [
          4,
          23
        ],
        "dir": "right"
      }
    },
    {
      "seq": 82,
      "type": "advance",
      "label": "5",
      "ts": 12716,
      "detail": {
        "headBefore": [
          17,
          17
        ],
        "headAfter": [
          18,
          17
        ],
        "tailBefore": [
          4,
          23
        ],
        "tailAfter": [
          5,
          23
        ],
        "dir": "right"
      }
    },
    {
      "seq": 83,
      "type": "advance",
      "label": "5",
      "ts": 12766,
      "detail": {
        "headBefore": [
          18,
          17
        ],
        "headAfter": [
          19,
          17
        ],
        "tailBefore": [
          5,
          23
        ],
        "tailAfter": [
          5,
          22
        ],
        "dir": "right"
      }
    },
    {
      "seq": 84,
      "type": "advance",
      "label": "5",
      "ts": 12816,
      "detail": {
        "headBefore": [
          19,
          17
        ],
        "headAfter": [
          20,
          17
        ],
        "tailBefore": [
          5,
          22
        ],
        "tailAfter": [
          5,
          21
        ],
        "dir": "right"
      }
    },
    {
      "seq": 85,
      "type": "advance",
      "label": "5",
      "ts": 12883,
      "detail": {
        "headBefore": [
          20,
          17
        ],
        "headAfter": [
          21,
          17
        ],
        "tailBefore": [
          5,
          21
        ],
        "tailAfter": [
          6,
          21
        ],
        "dir": "right"
      }
    },
    {
      "seq": 86,
      "type": "advance",
      "label": "5",
      "ts": 12932,
      "detail": {
        "headBefore": [
          21,
          17
        ],
        "headAfter": [
          22,
          17
        ],
        "tailBefore": [
          6,
          21
        ],
        "tailAfter": [
          7,
          21
        ],
        "dir": "right"
      }
    },
    {
      "seq": 87,
      "type": "advance",
      "label": "5",
      "ts": 12983,
      "detail": {
        "headBefore": [
          22,
          17
        ],
        "headAfter": [
          23,
          17
        ],
        "tailBefore": [
          7,
          21
        ],
        "tailAfter": [
          8,
          21
        ],
        "dir": "right"
      }
    },
    {
      "seq": 88,
      "type": "advance",
      "label": "5",
      "ts": 13032,
      "detail": {
        "headBefore": [
          23,
          17
        ],
        "headAfter": [
          24,
          17
        ],
        "tailBefore": [
          8,
          21
        ],
        "tailAfter": [
          8,
          20
        ],
        "dir": "right"
      }
    },
    {
      "seq": 89,
      "type": "advance",
      "label": "5",
      "ts": 13099,
      "detail": {
        "headBefore": [
          24,
          17
        ],
        "headAfter": [
          25,
          17
        ],
        "tailBefore": [
          8,
          20
        ],
        "tailAfter": [
          8,
          19
        ],
        "dir": "right"
      }
    },
    {
      "seq": 90,
      "type": "advance",
      "label": "5",
      "ts": 13149,
      "detail": {
        "headBefore": [
          25,
          17
        ],
        "headAfter": [
          26,
          17
        ],
        "tailBefore": [
          8,
          19
        ],
        "tailAfter": [
          9,
          19
        ],
        "dir": "right"
      }
    },
    {
      "seq": 91,
      "type": "advance",
      "label": "5",
      "ts": 13200,
      "detail": {
        "headBefore": [
          26,
          17
        ],
        "headAfter": [
          27,
          17
        ],
        "tailBefore": [
          9,
          19
        ],
        "tailAfter": [
          10,
          19
        ],
        "dir": "right"
      }
    },
    {
      "seq": 92,
      "type": "advance",
      "label": "5",
      "ts": 13249,
      "detail": {
        "headBefore": [
          27,
          17
        ],
        "headAfter": [
          28,
          17
        ],
        "tailBefore": [
          10,
          19
        ],
        "tailAfter": [
          11,
          19
        ],
        "dir": "right"
      }
    },
    {
      "seq": 93,
      "type": "advance",
      "label": "5",
      "ts": 13299,
      "detail": {
        "headBefore": [
          28,
          17
        ],
        "headAfter": [
          29,
          17
        ],
        "tailBefore": [
          11,
          19
        ],
        "tailAfter": [
          11,
          18
        ],
        "dir": "right"
      }
    },
    {
      "seq": 94,
      "type": "advance",
      "label": "5",
      "ts": 13349,
      "detail": {
        "headBefore": [
          29,
          17
        ],
        "headAfter": [
          30,
          17
        ],
        "tailBefore": [
          11,
          18
        ],
        "tailAfter": [
          10,
          18
        ],
        "dir": "right"
      }
    },
    {
      "seq": 95,
      "type": "advance",
      "label": "5",
      "ts": 13400,
      "detail": {
        "headBefore": [
          30,
          17
        ],
        "headAfter": [
          31,
          17
        ],
        "tailBefore": [
          10,
          18
        ],
        "tailAfter": [
          10,
          17
        ],
        "dir": "right"
      }
    },
    {
      "seq": 96,
      "type": "advance",
      "label": "5",
      "ts": 13450,
      "detail": {
        "headBefore": [
          31,
          17
        ],
        "headAfter": [
          32,
          17
        ],
        "tailBefore": [
          10,
          17
        ],
        "tailAfter": [
          11,
          17
        ],
        "dir": "right"
      }
    },
    {
      "seq": 97,
      "type": "advance",
      "label": "5",
      "ts": 13500,
      "detail": {
        "headBefore": [
          32,
          17
        ],
        "headAfter": [
          33,
          17
        ],
        "tailBefore": [
          11,
          17
        ],
        "tailAfter": [
          12,
          17
        ],
        "dir": "right"
      }
    },
    {
      "seq": 98,
      "type": "advance",
      "label": "5",
      "ts": 13550,
      "detail": {
        "headBefore": [
          33,
          17
        ],
        "headAfter": [
          34,
          17
        ],
        "tailBefore": [
          12,
          17
        ],
        "tailAfter": [
          13,
          17
        ],
        "dir": "right"
      }
    },
    {
      "seq": 99,
      "type": "advance",
      "label": "5",
      "ts": 13616,
      "detail": {
        "headBefore": [
          34,
          17
        ],
        "headAfter": [
          35,
          17
        ],
        "tailBefore": [
          13,
          17
        ],
        "tailAfter": [
          14,
          17
        ],
        "dir": "right"
      }
    },
    {
      "seq": 100,
      "type": "dispose",
      "label": "5",
      "ts": 13616,
      "detail": {}
    },
    {
      "seq": 101,
      "type": "click",
      "label": "6",
      "ts": 14204,
      "detail": {}
    },
    {
      "seq": 102,
      "type": "advance",
      "label": "6",
      "ts": 14205,
      "detail": {
        "headBefore": [
          10,
          23
        ],
        "headAfter": [
          10,
          24
        ],
        "tailBefore": [
          12,
          20
        ],
        "tailAfter": [
          12,
          21
        ],
        "dir": "down"
      }
    },
    {
      "seq": 103,
      "type": "advance",
      "label": "6",
      "ts": 14250,
      "detail": {
        "headBefore": [
          10,
          24
        ],
        "headAfter": [
          10,
          25
        ],
        "tailBefore": [
          12,
          21
        ],
        "tailAfter": [
          12,
          22
        ],
        "dir": "down"
      }
    },
    {
      "seq": 104,
      "type": "advance",
      "label": "6",
      "ts": 14300,
      "detail": {
        "headBefore": [
          10,
          25
        ],
        "headAfter": [
          10,
          26
        ],
        "tailBefore": [
          12,
          22
        ],
        "tailAfter": [
          11,
          22
        ],
        "dir": "down"
      }
    },
    {
      "seq": 105,
      "type": "advance",
      "label": "6",
      "ts": 14350,
      "detail": {
        "headBefore": [
          10,
          26
        ],
        "headAfter": [
          10,
          27
        ],
        "tailBefore": [
          11,
          22
        ],
        "tailAfter": [
          11,
          21
        ],
        "dir": "down"
      }
    },
    {
      "seq": 106,
      "type": "advance",
      "label": "6",
      "ts": 14400,
      "detail": {
        "headBefore": [
          10,
          27
        ],
        "headAfter": [
          10,
          28
        ],
        "tailBefore": [
          11,
          21
        ],
        "tailAfter": [
          11,
          20
        ],
        "dir": "down"
      }
    },
    {
      "seq": 107,
      "type": "advance",
      "label": "6",
      "ts": 14450,
      "detail": {
        "headBefore": [
          10,
          28
        ],
        "headAfter": [
          10,
          29
        ],
        "tailBefore": [
          11,
          20
        ],
        "tailAfter": [
          10,
          20
        ],
        "dir": "down"
      }
    },
    {
      "seq": 108,
      "type": "advance",
      "label": "6",
      "ts": 14501,
      "detail": {
        "headBefore": [
          10,
          29
        ],
        "headAfter": [
          10,
          30
        ],
        "tailBefore": [
          10,
          20
        ],
        "tailAfter": [
          10,
          21
        ],
        "dir": "down"
      }
    },
    {
      "seq": 109,
      "type": "advance",
      "label": "6",
      "ts": 14550,
      "detail": {
        "headBefore": [
          10,
          30
        ],
        "headAfter": [
          10,
          31
        ],
        "tailBefore": [
          10,
          21
        ],
        "tailAfter": [
          9,
          21
        ],
        "dir": "down"
      }
    },
    {
      "seq": 110,
      "type": "advance",
      "label": "6",
      "ts": 14600,
      "detail": {
        "headBefore": [
          10,
          31
        ],
        "headAfter": [
          10,
          32
        ],
        "tailBefore": [
          9,
          21
        ],
        "tailAfter": [
          9,
          22
        ],
        "dir": "down"
      }
    },
    {
      "seq": 111,
      "type": "advance",
      "label": "6",
      "ts": 14651,
      "detail": {
        "headBefore": [
          10,
          32
        ],
        "headAfter": [
          10,
          33
        ],
        "tailBefore": [
          9,
          22
        ],
        "tailAfter": [
          10,
          22
        ],
        "dir": "down"
      }
    },
    {
      "seq": 112,
      "type": "advance",
      "label": "6",
      "ts": 14700,
      "detail": {
        "headBefore": [
          10,
          33
        ],
        "headAfter": [
          10,
          34
        ],
        "tailBefore": [
          10,
          22
        ],
        "tailAfter": [
          10,
          23
        ],
        "dir": "down"
      }
    },
    {
      "seq": 113,
      "type": "advance",
      "label": "6",
      "ts": 14751,
      "detail": {
        "headBefore": [
          10,
          34
        ],
        "headAfter": [
          10,
          35
        ],
        "tailBefore": [
          10,
          23
        ],
        "tailAfter": [
          10,
          24
        ],
        "dir": "down"
      }
    },
    {
      "seq": 114,
      "type": "dispose",
      "label": "6",
      "ts": 14751,
      "detail": {}
    },
    {
      "seq": 115,
      "type": "click",
      "label": "11",
      "ts": 15052,
      "detail": {}
    },
    {
      "seq": 116,
      "type": "advance",
      "label": "11",
      "ts": 15052,
      "detail": {
        "headBefore": [
          12,
          19
        ],
        "headAfter": [
          12,
          20
        ],
        "tailBefore": [
          13,
          22
        ],
        "tailAfter": [
          13,
          21
        ],
        "dir": "down"
      }
    },
    {
      "seq": 117,
      "type": "advance",
      "label": "11",
      "ts": 15101,
      "detail": {
        "headBefore": [
          12,
          20
        ],
        "headAfter": [
          12,
          21
        ],
        "tailBefore": [
          13,
          21
        ],
        "tailAfter": [
          13,
          20
        ],
        "dir": "down"
      }
    },
    {
      "seq": 118,
      "type": "advance",
      "label": "11",
      "ts": 15151,
      "detail": {
        "headBefore": [
          12,
          21
        ],
        "headAfter": [
          12,
          22
        ],
        "tailBefore": [
          13,
          20
        ],
        "tailAfter": [
          13,
          19
        ],
        "dir": "down"
      }
    },
    {
      "seq": 119,
      "type": "advance",
      "label": "11",
      "ts": 15201,
      "detail": {
        "headBefore": [
          12,
          22
        ],
        "headAfter": [
          12,
          23
        ],
        "tailBefore": [
          13,
          19
        ],
        "tailAfter": [
          13,
          18
        ],
        "dir": "down"
      }
    },
    {
      "seq": 120,
      "type": "advance",
      "label": "11",
      "ts": 15251,
      "detail": {
        "headBefore": [
          12,
          23
        ],
        "headAfter": [
          12,
          24
        ],
        "tailBefore": [
          13,
          18
        ],
        "tailAfter": [
          12,
          18
        ],
        "dir": "down"
      }
    },
    {
      "seq": 121,
      "type": "advance",
      "label": "11",
      "ts": 15301,
      "detail": {
        "headBefore": [
          12,
          24
        ],
        "headAfter": [
          12,
          25
        ],
        "tailBefore": [
          12,
          18
        ],
        "tailAfter": [
          12,
          19
        ],
        "dir": "down"
      }
    },
    {
      "seq": 122,
      "type": "advance",
      "label": "11",
      "ts": 15351,
      "detail": {
        "headBefore": [
          12,
          25
        ],
        "headAfter": [
          12,
          26
        ],
        "tailBefore": [
          12,
          19
        ],
        "tailAfter": [
          12,
          20
        ],
        "dir": "down"
      }
    },
    {
      "seq": 123,
      "type": "advance",
      "label": "11",
      "ts": 15401,
      "detail": {
        "headBefore": [
          12,
          26
        ],
        "headAfter": [
          12,
          27
        ],
        "tailBefore": [
          12,
          20
        ],
        "tailAfter": [
          12,
          21
        ],
        "dir": "down"
      }
    },
    {
      "seq": 124,
      "type": "advance",
      "label": "11",
      "ts": 15451,
      "detail": {
        "headBefore": [
          12,
          27
        ],
        "headAfter": [
          12,
          28
        ],
        "tailBefore": [
          12,
          21
        ],
        "tailAfter": [
          12,
          22
        ],
        "dir": "down"
      }
    },
    {
      "seq": 125,
      "type": "advance",
      "label": "11",
      "ts": 15501,
      "detail": {
        "headBefore": [
          12,
          28
        ],
        "headAfter": [
          12,
          29
        ],
        "tailBefore": [
          12,
          22
        ],
        "tailAfter": [
          12,
          23
        ],
        "dir": "down"
      }
    },
    {
      "seq": 126,
      "type": "advance",
      "label": "11",
      "ts": 15552,
      "detail": {
        "headBefore": [
          12,
          29
        ],
        "headAfter": [
          12,
          30
        ],
        "tailBefore": [
          12,
          23
        ],
        "tailAfter": [
          12,
          24
        ],
        "dir": "down"
      }
    },
    {
      "seq": 127,
      "type": "dispose",
      "label": "11",
      "ts": 15552,
      "detail": {}
    },
    {
      "seq": 128,
      "type": "click",
      "label": "9",
      "ts": 16236,
      "detail": {}
    },
    {
      "seq": 129,
      "type": "advance",
      "label": "9",
      "ts": 16236,
      "detail": {
        "headBefore": [
          4,
          22
        ],
        "headAfter": [
          4,
          23
        ],
        "tailBefore": [
          3,
          19
        ],
        "tailAfter": [
          3,
          20
        ],
        "dir": "down"
      }
    },
    {
      "seq": 130,
      "type": "advance",
      "label": "9",
      "ts": 16285,
      "detail": {
        "headBefore": [
          4,
          23
        ],
        "headAfter": [
          4,
          24
        ],
        "tailBefore": [
          3,
          20
        ],
        "tailAfter": [
          3,
          21
        ],
        "dir": "down"
      }
    },
    {
      "seq": 131,
      "type": "advance",
      "label": "9",
      "ts": 16335,
      "detail": {
        "headBefore": [
          4,
          24
        ],
        "headAfter": [
          4,
          25
        ],
        "tailBefore": [
          3,
          21
        ],
        "tailAfter": [
          4,
          21
        ],
        "dir": "down"
      }
    },
    {
      "seq": 132,
      "type": "advance",
      "label": "9",
      "ts": 16385,
      "detail": {
        "headBefore": [
          4,
          25
        ],
        "headAfter": [
          4,
          26
        ],
        "tailBefore": [
          4,
          21
        ],
        "tailAfter": [
          4,
          22
        ],
        "dir": "down"
      }
    },
    {
      "seq": 133,
      "type": "advance",
      "label": "9",
      "ts": 16435,
      "detail": {
        "headBefore": [
          4,
          26
        ],
        "headAfter": [
          4,
          27
        ],
        "tailBefore": [
          4,
          22
        ],
        "tailAfter": [
          4,
          23
        ],
        "dir": "down"
      }
    },
    {
      "seq": 134,
      "type": "advance",
      "label": "9",
      "ts": 16486,
      "detail": {
        "headBefore": [
          4,
          27
        ],
        "headAfter": [
          4,
          28
        ],
        "tailBefore": [
          4,
          23
        ],
        "tailAfter": [
          4,
          24
        ],
        "dir": "down"
      }
    },
    {
      "seq": 135,
      "type": "dispose",
      "label": "9",
      "ts": 16486,
      "detail": {}
    },
    {
      "seq": 136,
      "type": "click",
      "label": "35",
      "ts": 19459,
      "detail": {}
    },
    {
      "seq": 137,
      "type": "advance",
      "label": "35",
      "ts": 19459,
      "detail": {
        "headBefore": [
          0,
          11
        ],
        "headAfter": [
          -1,
          11
        ],
        "tailBefore": [
          1,
          8
        ],
        "tailAfter": [
          1,
          9
        ],
        "dir": "left"
      }
    },
    {
      "seq": 138,
      "type": "advance",
      "label": "35",
      "ts": 19504,
      "detail": {
        "headBefore": [
          -1,
          11
        ],
        "headAfter": [
          -2,
          11
        ],
        "tailBefore": [
          1,
          9
        ],
        "tailAfter": [
          1,
          10
        ],
        "dir": "left"
      }
    },
    {
      "seq": 139,
      "type": "advance",
      "label": "35",
      "ts": 19554,
      "detail": {
        "headBefore": [
          -2,
          11
        ],
        "headAfter": [
          -3,
          11
        ],
        "tailBefore": [
          1,
          10
        ],
        "tailAfter": [
          1,
          11
        ],
        "dir": "left"
      }
    },
    {
      "seq": 140,
      "type": "advance",
      "label": "35",
      "ts": 19604,
      "detail": {
        "headBefore": [
          -3,
          11
        ],
        "headAfter": [
          -4,
          11
        ],
        "tailBefore": [
          1,
          11
        ],
        "tailAfter": [
          0,
          11
        ],
        "dir": "left"
      }
    },
    {
      "seq": 141,
      "type": "advance",
      "label": "35",
      "ts": 19655,
      "detail": {
        "headBefore": [
          -4,
          11
        ],
        "headAfter": [
          -5,
          11
        ],
        "tailBefore": [
          0,
          11
        ],
        "tailAfter": [
          -1,
          11
        ],
        "dir": "left"
      }
    },
    {
      "seq": 142,
      "type": "dispose",
      "label": "35",
      "ts": 19655,
      "detail": {}
    },
    {
      "seq": 143,
      "type": "click",
      "label": "40",
      "ts": 24419,
      "detail": {}
    },
    {
      "seq": 144,
      "type": "advance",
      "label": "40",
      "ts": 24419,
      "detail": {
        "headBefore": [
          12,
          10
        ],
        "headAfter": [
          12,
          11
        ],
        "tailBefore": [
          12,
          9
        ],
        "tailAfter": [
          12,
          10
        ],
        "dir": "down"
      }
    },
    {
      "seq": 145,
      "type": "advance",
      "label": "40",
      "ts": 24458,
      "detail": {
        "headBefore": [
          12,
          11
        ],
        "headAfter": [
          12,
          12
        ],
        "tailBefore": [
          12,
          10
        ],
        "tailAfter": [
          12,
          11
        ],
        "dir": "down"
      }
    },
    {
      "seq": 146,
      "type": "advance",
      "label": "40",
      "ts": 24508,
      "detail": {
        "headBefore": [
          12,
          12
        ],
        "headAfter": [
          12,
          13
        ],
        "tailBefore": [
          12,
          11
        ],
        "tailAfter": [
          12,
          12
        ],
        "dir": "down"
      }
    },
    {
      "seq": 147,
      "type": "advance",
      "label": "40",
      "ts": 24559,
      "detail": {
        "headBefore": [
          12,
          13
        ],
        "headAfter": [
          12,
          14
        ],
        "tailBefore": [
          12,
          12
        ],
        "tailAfter": [
          12,
          13
        ],
        "dir": "down"
      }
    },
    {
      "seq": 148,
      "type": "advance",
      "label": "40",
      "ts": 24608,
      "detail": {
        "headBefore": [
          12,
          14
        ],
        "headAfter": [
          12,
          15
        ],
        "tailBefore": [
          12,
          13
        ],
        "tailAfter": [
          12,
          14
        ],
        "dir": "down"
      }
    },
    {
      "seq": 149,
      "type": "advance",
      "label": "40",
      "ts": 24658,
      "detail": {
        "headBefore": [
          12,
          15
        ],
        "headAfter": [
          12,
          16
        ],
        "tailBefore": [
          12,
          14
        ],
        "tailAfter": [
          12,
          15
        ],
        "dir": "down"
      }
    },
    {
      "seq": 150,
      "type": "advance",
      "label": "40",
      "ts": 24708,
      "detail": {
        "headBefore": [
          12,
          16
        ],
        "headAfter": [
          12,
          17
        ],
        "tailBefore": [
          12,
          15
        ],
        "tailAfter": [
          12,
          16
        ],
        "dir": "down"
      }
    },
    {
      "seq": 151,
      "type": "advance",
      "label": "40",
      "ts": 24758,
      "detail": {
        "headBefore": [
          12,
          17
        ],
        "headAfter": [
          12,
          18
        ],
        "tailBefore": [
          12,
          16
        ],
        "tailAfter": [
          12,
          17
        ],
        "dir": "down"
      }
    },
    {
      "seq": 152,
      "type": "advance",
      "label": "40",
      "ts": 24809,
      "detail": {
        "headBefore": [
          12,
          18
        ],
        "headAfter": [
          12,
          19
        ],
        "tailBefore": [
          12,
          17
        ],
        "tailAfter": [
          12,
          18
        ],
        "dir": "down"
      }
    },
    {
      "seq": 153,
      "type": "advance",
      "label": "40",
      "ts": 24858,
      "detail": {
        "headBefore": [
          12,
          19
        ],
        "headAfter": [
          12,
          20
        ],
        "tailBefore": [
          12,
          18
        ],
        "tailAfter": [
          12,
          19
        ],
        "dir": "down"
      }
    },
    {
      "seq": 154,
      "type": "advance",
      "label": "40",
      "ts": 24909,
      "detail": {
        "headBefore": [
          12,
          20
        ],
        "headAfter": [
          12,
          21
        ],
        "tailBefore": [
          12,
          19
        ],
        "tailAfter": [
          12,
          20
        ],
        "dir": "down"
      }
    },
    {
      "seq": 155,
      "type": "advance",
      "label": "40",
      "ts": 24958,
      "detail": {
        "headBefore": [
          12,
          21
        ],
        "headAfter": [
          12,
          22
        ],
        "tailBefore": [
          12,
          20
        ],
        "tailAfter": [
          12,
          21
        ],
        "dir": "down"
      }
    },
    {
      "seq": 156,
      "type": "advance",
      "label": "40",
      "ts": 25009,
      "detail": {
        "headBefore": [
          12,
          22
        ],
        "headAfter": [
          12,
          23
        ],
        "tailBefore": [
          12,
          21
        ],
        "tailAfter": [
          12,
          22
        ],
        "dir": "down"
      }
    },
    {
      "seq": 157,
      "type": "advance",
      "label": "40",
      "ts": 25058,
      "detail": {
        "headBefore": [
          12,
          23
        ],
        "headAfter": [
          12,
          24
        ],
        "tailBefore": [
          12,
          22
        ],
        "tailAfter": [
          12,
          23
        ],
        "dir": "down"
      }
    },
    {
      "seq": 158,
      "type": "advance",
      "label": "40",
      "ts": 25108,
      "detail": {
        "headBefore": [
          12,
          24
        ],
        "headAfter": [
          12,
          25
        ],
        "tailBefore": [
          12,
          23
        ],
        "tailAfter": [
          12,
          24
        ],
        "dir": "down"
      }
    },
    {
      "seq": 159,
      "type": "dispose",
      "label": "40",
      "ts": 25108,
      "detail": {}
    },
    {
      "seq": 160,
      "type": "click",
      "label": "20",
      "ts": 25186,
      "detail": {}
    },
    {
      "seq": 161,
      "type": "advance",
      "label": "20",
      "ts": 25187,
      "detail": {
        "headBefore": [
          13,
          11
        ],
        "headAfter": [
          13,
          12
        ],
        "tailBefore": [
          13,
          7
        ],
        "tailAfter": [
          12,
          7
        ],
        "dir": "down"
      }
    },
    {
      "seq": 162,
      "type": "advance",
      "label": "20",
      "ts": 25225,
      "detail": {
        "headBefore": [
          13,
          12
        ],
        "headAfter": [
          13,
          13
        ],
        "tailBefore": [
          12,
          7
        ],
        "tailAfter": [
          12,
          8
        ],
        "dir": "down"
      }
    },
    {
      "seq": 163,
      "type": "advance",
      "label": "20",
      "ts": 25275,
      "detail": {
        "headBefore": [
          13,
          13
        ],
        "headAfter": [
          13,
          14
        ],
        "tailBefore": [
          12,
          8
        ],
        "tailAfter": [
          13,
          8
        ],
        "dir": "down"
      }
    },
    {
      "seq": 164,
      "type": "advance",
      "label": "20",
      "ts": 25326,
      "detail": {
        "headBefore": [
          13,
          14
        ],
        "headAfter": [
          13,
          15
        ],
        "tailBefore": [
          13,
          8
        ],
        "tailAfter": [
          13,
          9
        ],
        "dir": "down"
      }
    },
    {
      "seq": 165,
      "type": "advance",
      "label": "20",
      "ts": 25375,
      "detail": {
        "headBefore": [
          13,
          15
        ],
        "headAfter": [
          13,
          16
        ],
        "tailBefore": [
          13,
          9
        ],
        "tailAfter": [
          13,
          10
        ],
        "dir": "down"
      }
    },
    {
      "seq": 166,
      "type": "advance",
      "label": "20",
      "ts": 25425,
      "detail": {
        "headBefore": [
          13,
          16
        ],
        "headAfter": [
          13,
          17
        ],
        "tailBefore": [
          13,
          10
        ],
        "tailAfter": [
          13,
          11
        ],
        "dir": "down"
      }
    },
    {
      "seq": 167,
      "type": "advance",
      "label": "20",
      "ts": 25475,
      "detail": {
        "headBefore": [
          13,
          17
        ],
        "headAfter": [
          13,
          18
        ],
        "tailBefore": [
          13,
          11
        ],
        "tailAfter": [
          13,
          12
        ],
        "dir": "down"
      }
    },
    {
      "seq": 168,
      "type": "advance",
      "label": "20",
      "ts": 25526,
      "detail": {
        "headBefore": [
          13,
          18
        ],
        "headAfter": [
          13,
          19
        ],
        "tailBefore": [
          13,
          12
        ],
        "tailAfter": [
          13,
          13
        ],
        "dir": "down"
      }
    },
    {
      "seq": 169,
      "type": "advance",
      "label": "20",
      "ts": 25576,
      "detail": {
        "headBefore": [
          13,
          19
        ],
        "headAfter": [
          13,
          20
        ],
        "tailBefore": [
          13,
          13
        ],
        "tailAfter": [
          13,
          14
        ],
        "dir": "down"
      }
    },
    {
      "seq": 170,
      "type": "advance",
      "label": "20",
      "ts": 25626,
      "detail": {
        "headBefore": [
          13,
          20
        ],
        "headAfter": [
          13,
          21
        ],
        "tailBefore": [
          13,
          14
        ],
        "tailAfter": [
          13,
          15
        ],
        "dir": "down"
      }
    },
    {
      "seq": 171,
      "type": "advance",
      "label": "20",
      "ts": 25675,
      "detail": {
        "headBefore": [
          13,
          21
        ],
        "headAfter": [
          13,
          22
        ],
        "tailBefore": [
          13,
          15
        ],
        "tailAfter": [
          13,
          16
        ],
        "dir": "down"
      }
    },
    {
      "seq": 172,
      "type": "advance",
      "label": "20",
      "ts": 25742,
      "detail": {
        "headBefore": [
          13,
          22
        ],
        "headAfter": [
          13,
          23
        ],
        "tailBefore": [
          13,
          16
        ],
        "tailAfter": [
          13,
          17
        ],
        "dir": "down"
      }
    },
    {
      "seq": 173,
      "type": "advance",
      "label": "20",
      "ts": 25793,
      "detail": {
        "headBefore": [
          13,
          23
        ],
        "headAfter": [
          13,
          24
        ],
        "tailBefore": [
          13,
          17
        ],
        "tailAfter": [
          13,
          18
        ],
        "dir": "down"
      }
    },
    {
      "seq": 174,
      "type": "advance",
      "label": "20",
      "ts": 25843,
      "detail": {
        "headBefore": [
          13,
          24
        ],
        "headAfter": [
          13,
          25
        ],
        "tailBefore": [
          13,
          18
        ],
        "tailAfter": [
          13,
          19
        ],
        "dir": "down"
      }
    },
    {
      "seq": 175,
      "type": "advance",
      "label": "20",
      "ts": 25893,
      "detail": {
        "headBefore": [
          13,
          25
        ],
        "headAfter": [
          13,
          26
        ],
        "tailBefore": [
          13,
          19
        ],
        "tailAfter": [
          13,
          20
        ],
        "dir": "down"
      }
    },
    {
      "seq": 176,
      "type": "advance",
      "label": "20",
      "ts": 25943,
      "detail": {
        "headBefore": [
          13,
          26
        ],
        "headAfter": [
          13,
          27
        ],
        "tailBefore": [
          13,
          20
        ],
        "tailAfter": [
          13,
          21
        ],
        "dir": "down"
      }
    },
    {
      "seq": 177,
      "type": "click",
      "label": "46",
      "ts": 25947,
      "detail": {}
    },
    {
      "seq": 178,
      "type": "advance",
      "label": "46",
      "ts": 25948,
      "detail": {
        "headBefore": [
          11,
          16
        ],
        "headAfter": [
          11,
          17
        ],
        "tailBefore": [
          11,
          15
        ],
        "tailAfter": [
          11,
          16
        ],
        "dir": "down"
      }
    },
    {
      "seq": 179,
      "type": "advance",
      "label": "20",
      "ts": 25992,
      "detail": {
        "headBefore": [
          13,
          27
        ],
        "headAfter": [
          13,
          28
        ],
        "tailBefore": [
          13,
          21
        ],
        "tailAfter": [
          13,
          22
        ],
        "dir": "down"
      }
    },
    {
      "seq": 180,
      "type": "advance",
      "label": "46",
      "ts": 25993,
      "detail": {
        "headBefore": [
          11,
          17
        ],
        "headAfter": [
          11,
          18
        ],
        "tailBefore": [
          11,
          16
        ],
        "tailAfter": [
          11,
          17
        ],
        "dir": "down"
      }
    },
    {
      "seq": 181,
      "type": "advance",
      "label": "20",
      "ts": 26043,
      "detail": {
        "headBefore": [
          13,
          28
        ],
        "headAfter": [
          13,
          29
        ],
        "tailBefore": [
          13,
          22
        ],
        "tailAfter": [
          13,
          23
        ],
        "dir": "down"
      }
    },
    {
      "seq": 182,
      "type": "advance",
      "label": "46",
      "ts": 26043,
      "detail": {
        "headBefore": [
          11,
          18
        ],
        "headAfter": [
          11,
          19
        ],
        "tailBefore": [
          11,
          17
        ],
        "tailAfter": [
          11,
          18
        ],
        "dir": "down"
      }
    },
    {
      "seq": 183,
      "type": "advance",
      "label": "20",
      "ts": 26093,
      "detail": {
        "headBefore": [
          13,
          29
        ],
        "headAfter": [
          13,
          30
        ],
        "tailBefore": [
          13,
          23
        ],
        "tailAfter": [
          13,
          24
        ],
        "dir": "down"
      }
    },
    {
      "seq": 184,
      "type": "dispose",
      "label": "20",
      "ts": 26093,
      "detail": {}
    },
    {
      "seq": 185,
      "type": "advance",
      "label": "46",
      "ts": 26093,
      "detail": {
        "headBefore": [
          11,
          19
        ],
        "headAfter": [
          11,
          20
        ],
        "tailBefore": [
          11,
          18
        ],
        "tailAfter": [
          11,
          19
        ],
        "dir": "down"
      }
    },
    {
      "seq": 186,
      "type": "advance",
      "label": "46",
      "ts": 26143,
      "detail": {
        "headBefore": [
          11,
          20
        ],
        "headAfter": [
          11,
          21
        ],
        "tailBefore": [
          11,
          19
        ],
        "tailAfter": [
          11,
          20
        ],
        "dir": "down"
      }
    },
    {
      "seq": 187,
      "type": "advance",
      "label": "46",
      "ts": 26193,
      "detail": {
        "headBefore": [
          11,
          21
        ],
        "headAfter": [
          11,
          22
        ],
        "tailBefore": [
          11,
          20
        ],
        "tailAfter": [
          11,
          21
        ],
        "dir": "down"
      }
    },
    {
      "seq": 188,
      "type": "advance",
      "label": "46",
      "ts": 26243,
      "detail": {
        "headBefore": [
          11,
          22
        ],
        "headAfter": [
          11,
          23
        ],
        "tailBefore": [
          11,
          21
        ],
        "tailAfter": [
          11,
          22
        ],
        "dir": "down"
      }
    },
    {
      "seq": 189,
      "type": "advance",
      "label": "46",
      "ts": 26293,
      "detail": {
        "headBefore": [
          11,
          23
        ],
        "headAfter": [
          11,
          24
        ],
        "tailBefore": [
          11,
          22
        ],
        "tailAfter": [
          11,
          23
        ],
        "dir": "down"
      }
    },
    {
      "seq": 190,
      "type": "advance",
      "label": "46",
      "ts": 26343,
      "detail": {
        "headBefore": [
          11,
          24
        ],
        "headAfter": [
          11,
          25
        ],
        "tailBefore": [
          11,
          23
        ],
        "tailAfter": [
          11,
          24
        ],
        "dir": "down"
      }
    },
    {
      "seq": 191,
      "type": "dispose",
      "label": "46",
      "ts": 26343,
      "detail": {}
    },
    {
      "seq": 192,
      "type": "click",
      "label": "15",
      "ts": 27172,
      "detail": {}
    },
    {
      "seq": 193,
      "type": "advance",
      "label": "15",
      "ts": 27172,
      "detail": {
        "headBefore": [
          9,
          18
        ],
        "headAfter": [
          9,
          19
        ],
        "tailBefore": [
          10,
          15
        ],
        "tailAfter": [
          9,
          15
        ],
        "dir": "down"
      }
    },
    {
      "seq": 194,
      "type": "advance",
      "label": "15",
      "ts": 27210,
      "detail": {
        "headBefore": [
          9,
          19
        ],
        "headAfter": [
          9,
          20
        ],
        "tailBefore": [
          9,
          15
        ],
        "tailAfter": [
          9,
          16
        ],
        "dir": "down"
      }
    },
    {
      "seq": 195,
      "type": "advance",
      "label": "15",
      "ts": 27261,
      "detail": {
        "headBefore": [
          9,
          20
        ],
        "headAfter": [
          9,
          21
        ],
        "tailBefore": [
          9,
          16
        ],
        "tailAfter": [
          9,
          17
        ],
        "dir": "down"
      }
    },
    {
      "seq": 196,
      "type": "advance",
      "label": "15",
      "ts": 27310,
      "detail": {
        "headBefore": [
          9,
          21
        ],
        "headAfter": [
          9,
          22
        ],
        "tailBefore": [
          9,
          17
        ],
        "tailAfter": [
          9,
          18
        ],
        "dir": "down"
      }
    },
    {
      "seq": 197,
      "type": "advance",
      "label": "15",
      "ts": 27360,
      "detail": {
        "headBefore": [
          9,
          22
        ],
        "headAfter": [
          9,
          23
        ],
        "tailBefore": [
          9,
          18
        ],
        "tailAfter": [
          9,
          19
        ],
        "dir": "down"
      }
    },
    {
      "seq": 198,
      "type": "advance",
      "label": "15",
      "ts": 27411,
      "detail": {
        "headBefore": [
          9,
          23
        ],
        "headAfter": [
          9,
          24
        ],
        "tailBefore": [
          9,
          19
        ],
        "tailAfter": [
          9,
          20
        ],
        "dir": "down"
      }
    },
    {
      "seq": 199,
      "type": "advance",
      "label": "15",
      "ts": 27461,
      "detail": {
        "headBefore": [
          9,
          24
        ],
        "headAfter": [
          9,
          25
        ],
        "tailBefore": [
          9,
          20
        ],
        "tailAfter": [
          9,
          21
        ],
        "dir": "down"
      }
    },
    {
      "seq": 200,
      "type": "advance",
      "label": "15",
      "ts": 27511,
      "detail": {
        "headBefore": [
          9,
          25
        ],
        "headAfter": [
          9,
          26
        ],
        "tailBefore": [
          9,
          21
        ],
        "tailAfter": [
          9,
          22
        ],
        "dir": "down"
      }
    },
    {
      "seq": 201,
      "type": "advance",
      "label": "15",
      "ts": 27561,
      "detail": {
        "headBefore": [
          9,
          26
        ],
        "headAfter": [
          9,
          27
        ],
        "tailBefore": [
          9,
          22
        ],
        "tailAfter": [
          9,
          23
        ],
        "dir": "down"
      }
    },
    {
      "seq": 202,
      "type": "advance",
      "label": "15",
      "ts": 27611,
      "detail": {
        "headBefore": [
          9,
          27
        ],
        "headAfter": [
          9,
          28
        ],
        "tailBefore": [
          9,
          23
        ],
        "tailAfter": [
          9,
          24
        ],
        "dir": "down"
      }
    },
    {
      "seq": 203,
      "type": "dispose",
      "label": "15",
      "ts": 27611,
      "detail": {}
    },
    {
      "seq": 204,
      "type": "click",
      "label": "53",
      "ts": 27963,
      "detail": {}
    },
    {
      "seq": 205,
      "type": "advance",
      "label": "53",
      "ts": 27963,
      "detail": {
        "headBefore": [
          9,
          14
        ],
        "headAfter": [
          9,
          15
        ],
        "tailBefore": [
          8,
          14
        ],
        "tailAfter": [
          8,
          13
        ],
        "dir": "down"
      }
    },
    {
      "seq": 206,
      "type": "advance",
      "label": "53",
      "ts": 28011,
      "detail": {
        "headBefore": [
          9,
          15
        ],
        "headAfter": [
          9,
          16
        ],
        "tailBefore": [
          8,
          13
        ],
        "tailAfter": [
          9,
          13
        ],
        "dir": "down"
      }
    },
    {
      "seq": 207,
      "type": "advance",
      "label": "53",
      "ts": 28061,
      "detail": {
        "headBefore": [
          9,
          16
        ],
        "headAfter": [
          9,
          17
        ],
        "tailBefore": [
          9,
          13
        ],
        "tailAfter": [
          9,
          14
        ],
        "dir": "down"
      }
    },
    {
      "seq": 208,
      "type": "advance",
      "label": "53",
      "ts": 28111,
      "detail": {
        "headBefore": [
          9,
          17
        ],
        "headAfter": [
          9,
          18
        ],
        "tailBefore": [
          9,
          14
        ],
        "tailAfter": [
          9,
          15
        ],
        "dir": "down"
      }
    },
    {
      "seq": 209,
      "type": "advance",
      "label": "53",
      "ts": 28178,
      "detail": {
        "headBefore": [
          9,
          18
        ],
        "headAfter": [
          9,
          19
        ],
        "tailBefore": [
          9,
          15
        ],
        "tailAfter": [
          9,
          16
        ],
        "dir": "down"
      }
    },
    {
      "seq": 210,
      "type": "advance",
      "label": "53",
      "ts": 28228,
      "detail": {
        "headBefore": [
          9,
          19
        ],
        "headAfter": [
          9,
          20
        ],
        "tailBefore": [
          9,
          16
        ],
        "tailAfter": [
          9,
          17
        ],
        "dir": "down"
      }
    },
    {
      "seq": 211,
      "type": "advance",
      "label": "53",
      "ts": 28278,
      "detail": {
        "headBefore": [
          9,
          20
        ],
        "headAfter": [
          9,
          21
        ],
        "tailBefore": [
          9,
          17
        ],
        "tailAfter": [
          9,
          18
        ],
        "dir": "down"
      }
    },
    {
      "seq": 212,
      "type": "advance",
      "label": "53",
      "ts": 28328,
      "detail": {
        "headBefore": [
          9,
          21
        ],
        "headAfter": [
          9,
          22
        ],
        "tailBefore": [
          9,
          18
        ],
        "tailAfter": [
          9,
          19
        ],
        "dir": "down"
      }
    },
    {
      "seq": 213,
      "type": "advance",
      "label": "53",
      "ts": 28378,
      "detail": {
        "headBefore": [
          9,
          22
        ],
        "headAfter": [
          9,
          23
        ],
        "tailBefore": [
          9,
          19
        ],
        "tailAfter": [
          9,
          20
        ],
        "dir": "down"
      }
    },
    {
      "seq": 214,
      "type": "advance",
      "label": "53",
      "ts": 28428,
      "detail": {
        "headBefore": [
          9,
          23
        ],
        "headAfter": [
          9,
          24
        ],
        "tailBefore": [
          9,
          20
        ],
        "tailAfter": [
          9,
          21
        ],
        "dir": "down"
      }
    },
    {
      "seq": 215,
      "type": "advance",
      "label": "53",
      "ts": 28478,
      "detail": {
        "headBefore": [
          9,
          24
        ],
        "headAfter": [
          9,
          25
        ],
        "tailBefore": [
          9,
          21
        ],
        "tailAfter": [
          9,
          22
        ],
        "dir": "down"
      }
    },
    {
      "seq": 216,
      "type": "advance",
      "label": "53",
      "ts": 28528,
      "detail": {
        "headBefore": [
          9,
          25
        ],
        "headAfter": [
          9,
          26
        ],
        "tailBefore": [
          9,
          22
        ],
        "tailAfter": [
          9,
          23
        ],
        "dir": "down"
      }
    },
    {
      "seq": 217,
      "type": "advance",
      "label": "53",
      "ts": 28578,
      "detail": {
        "headBefore": [
          9,
          26
        ],
        "headAfter": [
          9,
          27
        ],
        "tailBefore": [
          9,
          23
        ],
        "tailAfter": [
          9,
          24
        ],
        "dir": "down"
      }
    },
    {
      "seq": 218,
      "type": "dispose",
      "label": "53",
      "ts": 28578,
      "detail": {}
    },
    {
      "seq": 219,
      "type": "click",
      "label": "54",
      "ts": 29796,
      "detail": {}
    },
    {
      "seq": 220,
      "type": "advance",
      "label": "54",
      "ts": 29796,
      "detail": {
        "headBefore": [
          8,
          15
        ],
        "headAfter": [
          9,
          15
        ],
        "tailBefore": [
          7,
          15
        ],
        "tailAfter": [
          8,
          15
        ],
        "dir": "right"
      }
    },
    {
      "seq": 221,
      "type": "advance",
      "label": "54",
      "ts": 29846,
      "detail": {
        "headBefore": [
          9,
          15
        ],
        "headAfter": [
          10,
          15
        ],
        "tailBefore": [
          8,
          15
        ],
        "tailAfter": [
          9,
          15
        ],
        "dir": "right"
      }
    },
    {
      "seq": 222,
      "type": "advance",
      "label": "54",
      "ts": 29896,
      "detail": {
        "headBefore": [
          10,
          15
        ],
        "headAfter": [
          11,
          15
        ],
        "tailBefore": [
          9,
          15
        ],
        "tailAfter": [
          10,
          15
        ],
        "dir": "right"
      }
    },
    {
      "seq": 223,
      "type": "advance",
      "label": "54",
      "ts": 29946,
      "detail": {
        "headBefore": [
          11,
          15
        ],
        "headAfter": [
          12,
          15
        ],
        "tailBefore": [
          10,
          15
        ],
        "tailAfter": [
          11,
          15
        ],
        "dir": "right"
      }
    },
    {
      "seq": 224,
      "type": "advance",
      "label": "54",
      "ts": 29995,
      "detail": {
        "headBefore": [
          12,
          15
        ],
        "headAfter": [
          13,
          15
        ],
        "tailBefore": [
          11,
          15
        ],
        "tailAfter": [
          12,
          15
        ],
        "dir": "right"
      }
    },
    {
      "seq": 225,
      "type": "advance",
      "label": "54",
      "ts": 30046,
      "detail": {
        "headBefore": [
          13,
          15
        ],
        "headAfter": [
          14,
          15
        ],
        "tailBefore": [
          12,
          15
        ],
        "tailAfter": [
          13,
          15
        ],
        "dir": "right"
      }
    },
    {
      "seq": 226,
      "type": "advance",
      "label": "54",
      "ts": 30096,
      "detail": {
        "headBefore": [
          14,
          15
        ],
        "headAfter": [
          15,
          15
        ],
        "tailBefore": [
          13,
          15
        ],
        "tailAfter": [
          14,
          15
        ],
        "dir": "right"
      }
    },
    {
      "seq": 227,
      "type": "dispose",
      "label": "54",
      "ts": 30096,
      "detail": {}
    },
    {
      "seq": 228,
      "type": "click",
      "label": "16",
      "ts": 31403,
      "detail": {}
    },
    {
      "seq": 229,
      "type": "advance",
      "label": "16",
      "ts": 31403,
      "detail": {
        "headBefore": [
          7,
          20
        ],
        "headAfter": [
          8,
          20
        ],
        "tailBefore": [
          6,
          12
        ],
        "tailAfter": [
          7,
          12
        ],
        "dir": "right"
      }
    },
    {
      "seq": 230,
      "type": "advance",
      "label": "16",
      "ts": 31447,
      "detail": {
        "headBefore": [
          8,
          20
        ],
        "headAfter": [
          9,
          20
        ],
        "tailBefore": [
          7,
          12
        ],
        "tailAfter": [
          7,
          13
        ],
        "dir": "right"
      }
    },
    {
      "seq": 231,
      "type": "advance",
      "label": "16",
      "ts": 31497,
      "detail": {
        "headBefore": [
          9,
          20
        ],
        "headAfter": [
          10,
          20
        ],
        "tailBefore": [
          7,
          13
        ],
        "tailAfter": [
          7,
          14
        ],
        "dir": "right"
      }
    },
    {
      "seq": 232,
      "type": "advance",
      "label": "16",
      "ts": 31547,
      "detail": {
        "headBefore": [
          10,
          20
        ],
        "headAfter": [
          11,
          20
        ],
        "tailBefore": [
          7,
          14
        ],
        "tailAfter": [
          6,
          14
        ],
        "dir": "right"
      }
    },
    {
      "seq": 233,
      "type": "advance",
      "label": "16",
      "ts": 31597,
      "detail": {
        "headBefore": [
          11,
          20
        ],
        "headAfter": [
          12,
          20
        ],
        "tailBefore": [
          6,
          14
        ],
        "tailAfter": [
          6,
          15
        ],
        "dir": "right"
      }
    },
    {
      "seq": 234,
      "type": "advance",
      "label": "16",
      "ts": 31647,
      "detail": {
        "headBefore": [
          12,
          20
        ],
        "headAfter": [
          13,
          20
        ],
        "tailBefore": [
          6,
          15
        ],
        "tailAfter": [
          6,
          16
        ],
        "dir": "right"
      }
    },
    {
      "seq": 235,
      "type": "advance",
      "label": "16",
      "ts": 31697,
      "detail": {
        "headBefore": [
          13,
          20
        ],
        "headAfter": [
          14,
          20
        ],
        "tailBefore": [
          6,
          16
        ],
        "tailAfter": [
          7,
          16
        ],
        "dir": "right"
      }
    },
    {
      "seq": 236,
      "type": "advance",
      "label": "16",
      "ts": 31747,
      "detail": {
        "headBefore": [
          14,
          20
        ],
        "headAfter": [
          15,
          20
        ],
        "tailBefore": [
          7,
          16
        ],
        "tailAfter": [
          7,
          17
        ],
        "dir": "right"
      }
    },
    {
      "seq": 237,
      "type": "advance",
      "label": "16",
      "ts": 31797,
      "detail": {
        "headBefore": [
          15,
          20
        ],
        "headAfter": [
          16,
          20
        ],
        "tailBefore": [
          7,
          17
        ],
        "tailAfter": [
          7,
          18
        ],
        "dir": "right"
      }
    },
    {
      "seq": 238,
      "type": "advance",
      "label": "16",
      "ts": 31847,
      "detail": {
        "headBefore": [
          16,
          20
        ],
        "headAfter": [
          17,
          20
        ],
        "tailBefore": [
          7,
          18
        ],
        "tailAfter": [
          6,
          18
        ],
        "dir": "right"
      }
    },
    {
      "seq": 239,
      "type": "advance",
      "label": "16",
      "ts": 31897,
      "detail": {
        "headBefore": [
          17,
          20
        ],
        "headAfter": [
          18,
          20
        ],
        "tailBefore": [
          6,
          18
        ],
        "tailAfter": [
          6,
          19
        ],
        "dir": "right"
      }
    },
    {
      "seq": 240,
      "type": "advance",
      "label": "16",
      "ts": 31948,
      "detail": {
        "headBefore": [
          18,
          20
        ],
        "headAfter": [
          19,
          20
        ],
        "tailBefore": [
          6,
          19
        ],
        "tailAfter": [
          6,
          20
        ],
        "dir": "right"
      }
    },
    {
      "seq": 241,
      "type": "advance",
      "label": "16",
      "ts": 31997,
      "detail": {
        "headBefore": [
          19,
          20
        ],
        "headAfter": [
          20,
          20
        ],
        "tailBefore": [
          6,
          20
        ],
        "tailAfter": [
          7,
          20
        ],
        "dir": "right"
      }
    },
    {
      "seq": 242,
      "type": "advance",
      "label": "16",
      "ts": 32047,
      "detail": {
        "headBefore": [
          20,
          20
        ],
        "headAfter": [
          21,
          20
        ],
        "tailBefore": [
          7,
          20
        ],
        "tailAfter": [
          8,
          20
        ],
        "dir": "right"
      }
    },
    {
      "seq": 243,
      "type": "advance",
      "label": "16",
      "ts": 32098,
      "detail": {
        "headBefore": [
          21,
          20
        ],
        "headAfter": [
          22,
          20
        ],
        "tailBefore": [
          8,
          20
        ],
        "tailAfter": [
          9,
          20
        ],
        "dir": "right"
      }
    },
    {
      "seq": 244,
      "type": "advance",
      "label": "16",
      "ts": 32148,
      "detail": {
        "headBefore": [
          22,
          20
        ],
        "headAfter": [
          23,
          20
        ],
        "tailBefore": [
          9,
          20
        ],
        "tailAfter": [
          10,
          20
        ],
        "dir": "right"
      }
    },
    {
      "seq": 245,
      "type": "advance",
      "label": "16",
      "ts": 32197,
      "detail": {
        "headBefore": [
          23,
          20
        ],
        "headAfter": [
          24,
          20
        ],
        "tailBefore": [
          10,
          20
        ],
        "tailAfter": [
          11,
          20
        ],
        "dir": "right"
      }
    },
    {
      "seq": 246,
      "type": "advance",
      "label": "16",
      "ts": 32248,
      "detail": {
        "headBefore": [
          24,
          20
        ],
        "headAfter": [
          25,
          20
        ],
        "tailBefore": [
          11,
          20
        ],
        "tailAfter": [
          12,
          20
        ],
        "dir": "right"
      }
    },
    {
      "seq": 247,
      "type": "advance",
      "label": "16",
      "ts": 32314,
      "detail": {
        "headBefore": [
          25,
          20
        ],
        "headAfter": [
          26,
          20
        ],
        "tailBefore": [
          12,
          20
        ],
        "tailAfter": [
          13,
          20
        ],
        "dir": "right"
      }
    },
    {
      "seq": 248,
      "type": "advance",
      "label": "16",
      "ts": 32364,
      "detail": {
        "headBefore": [
          26,
          20
        ],
        "headAfter": [
          27,
          20
        ],
        "tailBefore": [
          13,
          20
        ],
        "tailAfter": [
          14,
          20
        ],
        "dir": "right"
      }
    },
    {
      "seq": 249,
      "type": "dispose",
      "label": "16",
      "ts": 32364,
      "detail": {}
    },
    {
      "seq": 250,
      "type": "click",
      "label": "60",
      "ts": 32699,
      "detail": {}
    },
    {
      "seq": 251,
      "type": "advance",
      "label": "60",
      "ts": 32700,
      "detail": {
        "headBefore": [
          5,
          20
        ],
        "headAfter": [
          5,
          21
        ],
        "tailBefore": [
          5,
          18
        ],
        "tailAfter": [
          5,
          19
        ],
        "dir": "down"
      }
    },
    {
      "seq": 252,
      "type": "advance",
      "label": "60",
      "ts": 32748,
      "detail": {
        "headBefore": [
          5,
          21
        ],
        "headAfter": [
          5,
          22
        ],
        "tailBefore": [
          5,
          19
        ],
        "tailAfter": [
          5,
          20
        ],
        "dir": "down"
      }
    },
    {
      "seq": 253,
      "type": "advance",
      "label": "60",
      "ts": 32798,
      "detail": {
        "headBefore": [
          5,
          22
        ],
        "headAfter": [
          5,
          23
        ],
        "tailBefore": [
          5,
          20
        ],
        "tailAfter": [
          5,
          21
        ],
        "dir": "down"
      }
    },
    {
      "seq": 254,
      "type": "advance",
      "label": "60",
      "ts": 32848,
      "detail": {
        "headBefore": [
          5,
          23
        ],
        "headAfter": [
          5,
          24
        ],
        "tailBefore": [
          5,
          21
        ],
        "tailAfter": [
          5,
          22
        ],
        "dir": "down"
      }
    },
    {
      "seq": 255,
      "type": "advance",
      "label": "60",
      "ts": 32898,
      "detail": {
        "headBefore": [
          5,
          24
        ],
        "headAfter": [
          5,
          25
        ],
        "tailBefore": [
          5,
          22
        ],
        "tailAfter": [
          5,
          23
        ],
        "dir": "down"
      }
    },
    {
      "seq": 256,
      "type": "advance",
      "label": "60",
      "ts": 32948,
      "detail": {
        "headBefore": [
          5,
          25
        ],
        "headAfter": [
          5,
          26
        ],
        "tailBefore": [
          5,
          23
        ],
        "tailAfter": [
          5,
          24
        ],
        "dir": "down"
      }
    },
    {
      "seq": 257,
      "type": "dispose",
      "label": "60",
      "ts": 32948,
      "detail": {}
    },
    {
      "seq": 258,
      "type": "click",
      "label": "13",
      "ts": 33339,
      "detail": {}
    },
    {
      "seq": 259,
      "type": "advance",
      "label": "13",
      "ts": 33339,
      "detail": {
        "headBefore": [
          4,
          20
        ],
        "headAfter": [
          4,
          21
        ],
        "tailBefore": [
          2,
          17
        ],
        "tailAfter": [
          3,
          17
        ],
        "dir": "down"
      }
    },
    {
      "seq": 260,
      "type": "advance",
      "label": "13",
      "ts": 33382,
      "detail": {
        "headBefore": [
          4,
          21
        ],
        "headAfter": [
          4,
          22
        ],
        "tailBefore": [
          3,
          17
        ],
        "tailAfter": [
          3,
          18
        ],
        "dir": "down"
      }
    },
    {
      "seq": 261,
      "type": "advance",
      "label": "13",
      "ts": 33432,
      "detail": {
        "headBefore": [
          4,
          22
        ],
        "headAfter": [
          4,
          23
        ],
        "tailBefore": [
          3,
          18
        ],
        "tailAfter": [
          4,
          18
        ],
        "dir": "down"
      }
    },
    {
      "seq": 262,
      "type": "advance",
      "label": "13",
      "ts": 33482,
      "detail": {
        "headBefore": [
          4,
          23
        ],
        "headAfter": [
          4,
          24
        ],
        "tailBefore": [
          4,
          18
        ],
        "tailAfter": [
          4,
          19
        ],
        "dir": "down"
      }
    },
    {
      "seq": 263,
      "type": "advance",
      "label": "13",
      "ts": 33532,
      "detail": {
        "headBefore": [
          4,
          24
        ],
        "headAfter": [
          4,
          25
        ],
        "tailBefore": [
          4,
          19
        ],
        "tailAfter": [
          4,
          20
        ],
        "dir": "down"
      }
    },
    {
      "seq": 264,
      "type": "advance",
      "label": "13",
      "ts": 33582,
      "detail": {
        "headBefore": [
          4,
          25
        ],
        "headAfter": [
          4,
          26
        ],
        "tailBefore": [
          4,
          20
        ],
        "tailAfter": [
          4,
          21
        ],
        "dir": "down"
      }
    },
    {
      "seq": 265,
      "type": "advance",
      "label": "13",
      "ts": 33632,
      "detail": {
        "headBefore": [
          4,
          26
        ],
        "headAfter": [
          4,
          27
        ],
        "tailBefore": [
          4,
          21
        ],
        "tailAfter": [
          4,
          22
        ],
        "dir": "down"
      }
    },
    {
      "seq": 266,
      "type": "advance",
      "label": "13",
      "ts": 33682,
      "detail": {
        "headBefore": [
          4,
          27
        ],
        "headAfter": [
          4,
          28
        ],
        "tailBefore": [
          4,
          22
        ],
        "tailAfter": [
          4,
          23
        ],
        "dir": "down"
      }
    },
    {
      "seq": 267,
      "type": "advance",
      "label": "13",
      "ts": 33732,
      "detail": {
        "headBefore": [
          4,
          28
        ],
        "headAfter": [
          4,
          29
        ],
        "tailBefore": [
          4,
          23
        ],
        "tailAfter": [
          4,
          24
        ],
        "dir": "down"
      }
    },
    {
      "seq": 268,
      "type": "dispose",
      "label": "13",
      "ts": 33732,
      "detail": {}
    },
    {
      "seq": 269,
      "type": "click",
      "label": "14",
      "ts": 36355,
      "detail": {}
    },
    {
      "seq": 270,
      "type": "advance",
      "label": "14",
      "ts": 36356,
      "detail": {
        "headBefore": [
          11,
          9
        ],
        "headAfter": [
          11,
          10
        ],
        "tailBefore": [
          10,
          6
        ],
        "tailAfter": [
          10,
          7
        ],
        "dir": "down"
      }
    },
    {
      "seq": 271,
      "type": "advance",
      "label": "14",
      "ts": 36401,
      "detail": {
        "headBefore": [
          11,
          10
        ],
        "headAfter": [
          11,
          11
        ],
        "tailBefore": [
          10,
          7
        ],
        "tailAfter": [
          11,
          7
        ],
        "dir": "down"
      }
    },
    {
      "seq": 272,
      "type": "advance",
      "label": "14",
      "ts": 36451,
      "detail": {
        "headBefore": [
          11,
          11
        ],
        "headAfter": [
          11,
          12
        ],
        "tailBefore": [
          11,
          7
        ],
        "tailAfter": [
          11,
          8
        ],
        "dir": "down"
      }
    },
    {
      "seq": 273,
      "type": "advance",
      "label": "14",
      "ts": 36501,
      "detail": {
        "headBefore": [
          11,
          12
        ],
        "headAfter": [
          11,
          13
        ],
        "tailBefore": [
          11,
          8
        ],
        "tailAfter": [
          11,
          9
        ],
        "dir": "down"
      }
    },
    {
      "seq": 274,
      "type": "advance",
      "label": "14",
      "ts": 36551,
      "detail": {
        "headBefore": [
          11,
          13
        ],
        "headAfter": [
          11,
          14
        ],
        "tailBefore": [
          11,
          9
        ],
        "tailAfter": [
          11,
          10
        ],
        "dir": "down"
      }
    },
    {
      "seq": 275,
      "type": "advance",
      "label": "14",
      "ts": 36617,
      "detail": {
        "headBefore": [
          11,
          14
        ],
        "headAfter": [
          11,
          15
        ],
        "tailBefore": [
          11,
          10
        ],
        "tailAfter": [
          11,
          11
        ],
        "dir": "down"
      }
    },
    {
      "seq": 276,
      "type": "advance",
      "label": "14",
      "ts": 36668,
      "detail": {
        "headBefore": [
          11,
          15
        ],
        "headAfter": [
          11,
          16
        ],
        "tailBefore": [
          11,
          11
        ],
        "tailAfter": [
          11,
          12
        ],
        "dir": "down"
      }
    },
    {
      "seq": 277,
      "type": "advance",
      "label": "14",
      "ts": 36718,
      "detail": {
        "headBefore": [
          11,
          16
        ],
        "headAfter": [
          11,
          17
        ],
        "tailBefore": [
          11,
          12
        ],
        "tailAfter": [
          11,
          13
        ],
        "dir": "down"
      }
    },
    {
      "seq": 278,
      "type": "advance",
      "label": "14",
      "ts": 36768,
      "detail": {
        "headBefore": [
          11,
          17
        ],
        "headAfter": [
          11,
          18
        ],
        "tailBefore": [
          11,
          13
        ],
        "tailAfter": [
          11,
          14
        ],
        "dir": "down"
      }
    },
    {
      "seq": 279,
      "type": "advance",
      "label": "14",
      "ts": 36818,
      "detail": {
        "headBefore": [
          11,
          18
        ],
        "headAfter": [
          11,
          19
        ],
        "tailBefore": [
          11,
          14
        ],
        "tailAfter": [
          11,
          15
        ],
        "dir": "down"
      }
    },
    {
      "seq": 280,
      "type": "advance",
      "label": "14",
      "ts": 36868,
      "detail": {
        "headBefore": [
          11,
          19
        ],
        "headAfter": [
          11,
          20
        ],
        "tailBefore": [
          11,
          15
        ],
        "tailAfter": [
          11,
          16
        ],
        "dir": "down"
      }
    },
    {
      "seq": 281,
      "type": "advance",
      "label": "14",
      "ts": 36918,
      "detail": {
        "headBefore": [
          11,
          20
        ],
        "headAfter": [
          11,
          21
        ],
        "tailBefore": [
          11,
          16
        ],
        "tailAfter": [
          11,
          17
        ],
        "dir": "down"
      }
    },
    {
      "seq": 282,
      "type": "advance",
      "label": "14",
      "ts": 36968,
      "detail": {
        "headBefore": [
          11,
          21
        ],
        "headAfter": [
          11,
          22
        ],
        "tailBefore": [
          11,
          17
        ],
        "tailAfter": [
          11,
          18
        ],
        "dir": "down"
      }
    },
    {
      "seq": 283,
      "type": "advance",
      "label": "14",
      "ts": 37018,
      "detail": {
        "headBefore": [
          11,
          22
        ],
        "headAfter": [
          11,
          23
        ],
        "tailBefore": [
          11,
          18
        ],
        "tailAfter": [
          11,
          19
        ],
        "dir": "down"
      }
    },
    {
      "seq": 284,
      "type": "advance",
      "label": "14",
      "ts": 37085,
      "detail": {
        "headBefore": [
          11,
          23
        ],
        "headAfter": [
          11,
          24
        ],
        "tailBefore": [
          11,
          19
        ],
        "tailAfter": [
          11,
          20
        ],
        "dir": "down"
      }
    },
    {
      "seq": 285,
      "type": "advance",
      "label": "14",
      "ts": 37135,
      "detail": {
        "headBefore": [
          11,
          24
        ],
        "headAfter": [
          11,
          25
        ],
        "tailBefore": [
          11,
          20
        ],
        "tailAfter": [
          11,
          21
        ],
        "dir": "down"
      }
    },
    {
      "seq": 286,
      "type": "advance",
      "label": "14",
      "ts": 37185,
      "detail": {
        "headBefore": [
          11,
          25
        ],
        "headAfter": [
          11,
          26
        ],
        "tailBefore": [
          11,
          21
        ],
        "tailAfter": [
          11,
          22
        ],
        "dir": "down"
      }
    },
    {
      "seq": 287,
      "type": "advance",
      "label": "14",
      "ts": 37235,
      "detail": {
        "headBefore": [
          11,
          26
        ],
        "headAfter": [
          11,
          27
        ],
        "tailBefore": [
          11,
          22
        ],
        "tailAfter": [
          11,
          23
        ],
        "dir": "down"
      }
    },
    {
      "seq": 288,
      "type": "advance",
      "label": "14",
      "ts": 37285,
      "detail": {
        "headBefore": [
          11,
          27
        ],
        "headAfter": [
          11,
          28
        ],
        "tailBefore": [
          11,
          23
        ],
        "tailAfter": [
          11,
          24
        ],
        "dir": "down"
      }
    },
    {
      "seq": 289,
      "type": "dispose",
      "label": "14",
      "ts": 37285,
      "detail": {}
    },
    {
      "seq": 290,
      "type": "click",
      "label": "34",
      "ts": 44626,
      "detail": {}
    },
    {
      "seq": 291,
      "type": "advance",
      "label": "34",
      "ts": 44627,
      "detail": {
        "headBefore": [
          2,
          18
        ],
        "headAfter": [
          3,
          18
        ],
        "tailBefore": [
          1,
          18
        ],
        "tailAfter": [
          2,
          18
        ],
        "dir": "right"
      }
    },
    {
      "seq": 292,
      "type": "advance",
      "label": "34",
      "ts": 44690,
      "detail": {
        "headBefore": [
          3,
          18
        ],
        "headAfter": [
          4,
          18
        ],
        "tailBefore": [
          2,
          18
        ],
        "tailAfter": [
          3,
          18
        ],
        "dir": "right"
      }
    },
    {
      "seq": 293,
      "type": "advance",
      "label": "34",
      "ts": 44741,
      "detail": {
        "headBefore": [
          4,
          18
        ],
        "headAfter": [
          5,
          18
        ],
        "tailBefore": [
          3,
          18
        ],
        "tailAfter": [
          4,
          18
        ],
        "dir": "right"
      }
    },
    {
      "seq": 294,
      "type": "advance",
      "label": "34",
      "ts": 44791,
      "detail": {
        "headBefore": [
          5,
          18
        ],
        "headAfter": [
          6,
          18
        ],
        "tailBefore": [
          4,
          18
        ],
        "tailAfter": [
          5,
          18
        ],
        "dir": "right"
      }
    },
    {
      "seq": 295,
      "type": "advance",
      "label": "34",
      "ts": 44841,
      "detail": {
        "headBefore": [
          6,
          18
        ],
        "headAfter": [
          7,
          18
        ],
        "tailBefore": [
          5,
          18
        ],
        "tailAfter": [
          6,
          18
        ],
        "dir": "right"
      }
    },
    {
      "seq": 296,
      "type": "advance",
      "label": "34",
      "ts": 44891,
      "detail": {
        "headBefore": [
          7,
          18
        ],
        "headAfter": [
          8,
          18
        ],
        "tailBefore": [
          6,
          18
        ],
        "tailAfter": [
          7,
          18
        ],
        "dir": "right"
      }
    },
    {
      "seq": 297,
      "type": "advance",
      "label": "34",
      "ts": 44941,
      "detail": {
        "headBefore": [
          8,
          18
        ],
        "headAfter": [
          9,
          18
        ],
        "tailBefore": [
          7,
          18
        ],
        "tailAfter": [
          8,
          18
        ],
        "dir": "right"
      }
    },
    {
      "seq": 298,
      "type": "advance",
      "label": "34",
      "ts": 44991,
      "detail": {
        "headBefore": [
          9,
          18
        ],
        "headAfter": [
          10,
          18
        ],
        "tailBefore": [
          8,
          18
        ],
        "tailAfter": [
          9,
          18
        ],
        "dir": "right"
      }
    },
    {
      "seq": 299,
      "type": "advance",
      "label": "34",
      "ts": 45041,
      "detail": {
        "headBefore": [
          10,
          18
        ],
        "headAfter": [
          11,
          18
        ],
        "tailBefore": [
          9,
          18
        ],
        "tailAfter": [
          10,
          18
        ],
        "dir": "right"
      }
    },
    {
      "seq": 300,
      "type": "advance",
      "label": "34",
      "ts": 45091,
      "detail": {
        "headBefore": [
          11,
          18
        ],
        "headAfter": [
          12,
          18
        ],
        "tailBefore": [
          10,
          18
        ],
        "tailAfter": [
          11,
          18
        ],
        "dir": "right"
      }
    },
    {
      "seq": 301,
      "type": "advance",
      "label": "34",
      "ts": 45141,
      "detail": {
        "headBefore": [
          12,
          18
        ],
        "headAfter": [
          13,
          18
        ],
        "tailBefore": [
          11,
          18
        ],
        "tailAfter": [
          12,
          18
        ],
        "dir": "right"
      }
    },
    {
      "seq": 302,
      "type": "advance",
      "label": "34",
      "ts": 45191,
      "detail": {
        "headBefore": [
          13,
          18
        ],
        "headAfter": [
          14,
          18
        ],
        "tailBefore": [
          12,
          18
        ],
        "tailAfter": [
          13,
          18
        ],
        "dir": "right"
      }
    },
    {
      "seq": 303,
      "type": "advance",
      "label": "34",
      "ts": 45241,
      "detail": {
        "headBefore": [
          14,
          18
        ],
        "headAfter": [
          15,
          18
        ],
        "tailBefore": [
          13,
          18
        ],
        "tailAfter": [
          14,
          18
        ],
        "dir": "right"
      }
    },
    {
      "seq": 304,
      "type": "dispose",
      "label": "34",
      "ts": 45241,
      "detail": {}
    },
    {
      "seq": 305,
      "type": "click",
      "label": "56",
      "ts": 45763,
      "detail": {}
    },
    {
      "seq": 306,
      "type": "advance",
      "label": "56",
      "ts": 45763,
      "detail": {
        "headBefore": [
          6,
          17
        ],
        "headAfter": [
          7,
          17
        ],
        "tailBefore": [
          6,
          13
        ],
        "tailAfter": [
          5,
          13
        ],
        "dir": "right"
      }
    },
    {
      "seq": 307,
      "type": "advance",
      "label": "56",
      "ts": 45808,
      "detail": {
        "headBefore": [
          7,
          17
        ],
        "headAfter": [
          8,
          17
        ],
        "tailBefore": [
          5,
          13
        ],
        "tailAfter": [
          5,
          14
        ],
        "dir": "right"
      }
    },
    {
      "seq": 308,
      "type": "advance",
      "label": "56",
      "ts": 45858,
      "detail": {
        "headBefore": [
          8,
          17
        ],
        "headAfter": [
          9,
          17
        ],
        "tailBefore": [
          5,
          14
        ],
        "tailAfter": [
          5,
          15
        ],
        "dir": "right"
      }
    },
    {
      "seq": 309,
      "type": "advance",
      "label": "56",
      "ts": 45908,
      "detail": {
        "headBefore": [
          9,
          17
        ],
        "headAfter": [
          10,
          17
        ],
        "tailBefore": [
          5,
          15
        ],
        "tailAfter": [
          5,
          16
        ],
        "dir": "right"
      }
    },
    {
      "seq": 310,
      "type": "advance",
      "label": "56",
      "ts": 45958,
      "detail": {
        "headBefore": [
          10,
          17
        ],
        "headAfter": [
          11,
          17
        ],
        "tailBefore": [
          5,
          16
        ],
        "tailAfter": [
          5,
          17
        ],
        "dir": "right"
      }
    },
    {
      "seq": 311,
      "type": "advance",
      "label": "56",
      "ts": 46009,
      "detail": {
        "headBefore": [
          11,
          17
        ],
        "headAfter": [
          12,
          17
        ],
        "tailBefore": [
          5,
          17
        ],
        "tailAfter": [
          6,
          17
        ],
        "dir": "right"
      }
    },
    {
      "seq": 312,
      "type": "advance",
      "label": "56",
      "ts": 46058,
      "detail": {
        "headBefore": [
          12,
          17
        ],
        "headAfter": [
          13,
          17
        ],
        "tailBefore": [
          6,
          17
        ],
        "tailAfter": [
          7,
          17
        ],
        "dir": "right"
      }
    },
    {
      "seq": 313,
      "type": "advance",
      "label": "56",
      "ts": 46108,
      "detail": {
        "headBefore": [
          13,
          17
        ],
        "headAfter": [
          14,
          17
        ],
        "tailBefore": [
          7,
          17
        ],
        "tailAfter": [
          8,
          17
        ],
        "dir": "right"
      }
    },
    {
      "seq": 314,
      "type": "advance",
      "label": "56",
      "ts": 46158,
      "detail": {
        "headBefore": [
          14,
          17
        ],
        "headAfter": [
          15,
          17
        ],
        "tailBefore": [
          8,
          17
        ],
        "tailAfter": [
          9,
          17
        ],
        "dir": "right"
      }
    },
    {
      "seq": 315,
      "type": "advance",
      "label": "56",
      "ts": 46209,
      "detail": {
        "headBefore": [
          15,
          17
        ],
        "headAfter": [
          16,
          17
        ],
        "tailBefore": [
          9,
          17
        ],
        "tailAfter": [
          10,
          17
        ],
        "dir": "right"
      }
    },
    {
      "seq": 316,
      "type": "advance",
      "label": "56",
      "ts": 46259,
      "detail": {
        "headBefore": [
          16,
          17
        ],
        "headAfter": [
          17,
          17
        ],
        "tailBefore": [
          10,
          17
        ],
        "tailAfter": [
          11,
          17
        ],
        "dir": "right"
      }
    },
    {
      "seq": 317,
      "type": "advance",
      "label": "56",
      "ts": 46309,
      "detail": {
        "headBefore": [
          17,
          17
        ],
        "headAfter": [
          18,
          17
        ],
        "tailBefore": [
          11,
          17
        ],
        "tailAfter": [
          12,
          17
        ],
        "dir": "right"
      }
    },
    {
      "seq": 318,
      "type": "advance",
      "label": "56",
      "ts": 46359,
      "detail": {
        "headBefore": [
          18,
          17
        ],
        "headAfter": [
          19,
          17
        ],
        "tailBefore": [
          12,
          17
        ],
        "tailAfter": [
          13,
          17
        ],
        "dir": "right"
      }
    },
    {
      "seq": 319,
      "type": "advance",
      "label": "56",
      "ts": 46408,
      "detail": {
        "headBefore": [
          19,
          17
        ],
        "headAfter": [
          20,
          17
        ],
        "tailBefore": [
          13,
          17
        ],
        "tailAfter": [
          14,
          17
        ],
        "dir": "right"
      }
    },
    {
      "seq": 320,
      "type": "dispose",
      "label": "56",
      "ts": 46408,
      "detail": {}
    },
    {
      "seq": 321,
      "type": "click",
      "label": "37",
      "ts": 50516,
      "detail": {}
    },
    {
      "seq": 322,
      "type": "advance",
      "label": "37",
      "ts": 50516,
      "detail": {
        "headBefore": [
          1,
          21
        ],
        "headAfter": [
          1,
          22
        ],
        "tailBefore": [
          1,
          19
        ],
        "tailAfter": [
          1,
          20
        ],
        "dir": "down"
      }
    },
    {
      "seq": 323,
      "type": "advance",
      "label": "37",
      "ts": 50562,
      "detail": {
        "headBefore": [
          1,
          22
        ],
        "headAfter": [
          1,
          23
        ],
        "tailBefore": [
          1,
          20
        ],
        "tailAfter": [
          1,
          21
        ],
        "dir": "down"
      }
    },
    {
      "seq": 324,
      "type": "advance",
      "label": "37",
      "ts": 50612,
      "detail": {
        "headBefore": [
          1,
          23
        ],
        "headAfter": [
          1,
          24
        ],
        "tailBefore": [
          1,
          21
        ],
        "tailAfter": [
          1,
          22
        ],
        "dir": "down"
      }
    },
    {
      "seq": 325,
      "type": "advance",
      "label": "37",
      "ts": 50679,
      "detail": {
        "headBefore": [
          1,
          24
        ],
        "headAfter": [
          1,
          25
        ],
        "tailBefore": [
          1,
          22
        ],
        "tailAfter": [
          1,
          23
        ],
        "dir": "down"
      }
    },
    {
      "seq": 326,
      "type": "advance",
      "label": "37",
      "ts": 50729,
      "detail": {
        "headBefore": [
          1,
          25
        ],
        "headAfter": [
          1,
          26
        ],
        "tailBefore": [
          1,
          23
        ],
        "tailAfter": [
          1,
          24
        ],
        "dir": "down"
      }
    },
    {
      "seq": 327,
      "type": "dispose",
      "label": "37",
      "ts": 50729,
      "detail": {}
    },
    {
      "seq": 328,
      "type": "click",
      "label": "23",
      "ts": 52834,
      "detail": {}
    },
    {
      "seq": 329,
      "type": "advance",
      "label": "23",
      "ts": 52835,
      "detail": {
        "headBefore": [
          0,
          15
        ],
        "headAfter": [
          -1,
          15
        ],
        "tailBefore": [
          1,
          16
        ],
        "tailAfter": [
          2,
          16
        ],
        "dir": "left"
      }
    },
    {
      "seq": 330,
      "type": "advance",
      "label": "23",
      "ts": 52881,
      "detail": {
        "headBefore": [
          -1,
          15
        ],
        "headAfter": [
          -2,
          15
        ],
        "tailBefore": [
          2,
          16
        ],
        "tailAfter": [
          2,
          15
        ],
        "dir": "left"
      }
    },
    {
      "seq": 331,
      "type": "advance",
      "label": "23",
      "ts": 52930,
      "detail": {
        "headBefore": [
          -2,
          15
        ],
        "headAfter": [
          -3,
          15
        ],
        "tailBefore": [
          2,
          15
        ],
        "tailAfter": [
          1,
          15
        ],
        "dir": "left"
      }
    },
    {
      "seq": 332,
      "type": "advance",
      "label": "23",
      "ts": 52981,
      "detail": {
        "headBefore": [
          -3,
          15
        ],
        "headAfter": [
          -4,
          15
        ],
        "tailBefore": [
          1,
          15
        ],
        "tailAfter": [
          0,
          15
        ],
        "dir": "left"
      }
    },
    {
      "seq": 333,
      "type": "advance",
      "label": "23",
      "ts": 53030,
      "detail": {
        "headBefore": [
          -4,
          15
        ],
        "headAfter": [
          -5,
          15
        ],
        "tailBefore": [
          0,
          15
        ],
        "tailAfter": [
          -1,
          15
        ],
        "dir": "left"
      }
    },
    {
      "seq": 334,
      "type": "dispose",
      "label": "23",
      "ts": 53030,
      "detail": {}
    },
    {
      "seq": 335,
      "type": "click",
      "label": "22",
      "ts": 54596,
      "detail": {}
    },
    {
      "seq": 336,
      "type": "advance",
      "label": "22",
      "ts": 54596,
      "detail": {
        "headBefore": [
          4,
          17
        ],
        "headAfter": [
          4,
          18
        ],
        "tailBefore": [
          3,
          14
        ],
        "tailAfter": [
          4,
          14
        ],
        "dir": "down"
      }
    },
    {
      "seq": 337,
      "type": "advance",
      "label": "22",
      "ts": 54648,
      "detail": {
        "headBefore": [
          4,
          18
        ],
        "headAfter": [
          4,
          19
        ],
        "tailBefore": [
          4,
          14
        ],
        "tailAfter": [
          4,
          15
        ],
        "dir": "down"
      }
    },
    {
      "seq": 338,
      "type": "advance",
      "label": "22",
      "ts": 54699,
      "detail": {
        "headBefore": [
          4,
          19
        ],
        "headAfter": [
          4,
          20
        ],
        "tailBefore": [
          4,
          15
        ],
        "tailAfter": [
          4,
          16
        ],
        "dir": "down"
      }
    },
    {
      "seq": 339,
      "type": "advance",
      "label": "22",
      "ts": 54749,
      "detail": {
        "headBefore": [
          4,
          20
        ],
        "headAfter": [
          4,
          21
        ],
        "tailBefore": [
          4,
          16
        ],
        "tailAfter": [
          4,
          17
        ],
        "dir": "down"
      }
    },
    {
      "seq": 340,
      "type": "advance",
      "label": "22",
      "ts": 54799,
      "detail": {
        "headBefore": [
          4,
          21
        ],
        "headAfter": [
          4,
          22
        ],
        "tailBefore": [
          4,
          17
        ],
        "tailAfter": [
          4,
          18
        ],
        "dir": "down"
      }
    },
    {
      "seq": 341,
      "type": "advance",
      "label": "22",
      "ts": 54849,
      "detail": {
        "headBefore": [
          4,
          22
        ],
        "headAfter": [
          4,
          23
        ],
        "tailBefore": [
          4,
          18
        ],
        "tailAfter": [
          4,
          19
        ],
        "dir": "down"
      }
    },
    {
      "seq": 342,
      "type": "advance",
      "label": "22",
      "ts": 54915,
      "detail": {
        "headBefore": [
          4,
          23
        ],
        "headAfter": [
          4,
          24
        ],
        "tailBefore": [
          4,
          19
        ],
        "tailAfter": [
          4,
          20
        ],
        "dir": "down"
      }
    },
    {
      "seq": 343,
      "type": "advance",
      "label": "22",
      "ts": 54966,
      "detail": {
        "headBefore": [
          4,
          24
        ],
        "headAfter": [
          4,
          25
        ],
        "tailBefore": [
          4,
          20
        ],
        "tailAfter": [
          4,
          21
        ],
        "dir": "down"
      }
    },
    {
      "seq": 344,
      "type": "advance",
      "label": "22",
      "ts": 55016,
      "detail": {
        "headBefore": [
          4,
          25
        ],
        "headAfter": [
          4,
          26
        ],
        "tailBefore": [
          4,
          21
        ],
        "tailAfter": [
          4,
          22
        ],
        "dir": "down"
      }
    },
    {
      "seq": 345,
      "type": "advance",
      "label": "22",
      "ts": 55066,
      "detail": {
        "headBefore": [
          4,
          26
        ],
        "headAfter": [
          4,
          27
        ],
        "tailBefore": [
          4,
          22
        ],
        "tailAfter": [
          4,
          23
        ],
        "dir": "down"
      }
    },
    {
      "seq": 346,
      "type": "advance",
      "label": "22",
      "ts": 55115,
      "detail": {
        "headBefore": [
          4,
          27
        ],
        "headAfter": [
          4,
          28
        ],
        "tailBefore": [
          4,
          23
        ],
        "tailAfter": [
          4,
          24
        ],
        "dir": "down"
      }
    },
    {
      "seq": 347,
      "type": "dispose",
      "label": "22",
      "ts": 55115,
      "detail": {}
    },
    {
      "seq": 348,
      "type": "click",
      "label": "49",
      "ts": 55412,
      "detail": {}
    },
    {
      "seq": 349,
      "type": "advance",
      "label": "49",
      "ts": 55412,
      "detail": {
        "headBefore": [
          1,
          17
        ],
        "headAfter": [
          2,
          17
        ],
        "tailBefore": [
          0,
          17
        ],
        "tailAfter": [
          1,
          17
        ],
        "dir": "right"
      }
    },
    {
      "seq": 350,
      "type": "advance",
      "label": "49",
      "ts": 55449,
      "detail": {
        "headBefore": [
          2,
          17
        ],
        "headAfter": [
          3,
          17
        ],
        "tailBefore": [
          1,
          17
        ],
        "tailAfter": [
          2,
          17
        ],
        "dir": "right"
      }
    },
    {
      "seq": 351,
      "type": "advance",
      "label": "49",
      "ts": 55499,
      "detail": {
        "headBefore": [
          3,
          17
        ],
        "headAfter": [
          4,
          17
        ],
        "tailBefore": [
          2,
          17
        ],
        "tailAfter": [
          3,
          17
        ],
        "dir": "right"
      }
    },
    {
      "seq": 352,
      "type": "advance",
      "label": "49",
      "ts": 55549,
      "detail": {
        "headBefore": [
          4,
          17
        ],
        "headAfter": [
          5,
          17
        ],
        "tailBefore": [
          3,
          17
        ],
        "tailAfter": [
          4,
          17
        ],
        "dir": "right"
      }
    },
    {
      "seq": 353,
      "type": "advance",
      "label": "49",
      "ts": 55616,
      "detail": {
        "headBefore": [
          5,
          17
        ],
        "headAfter": [
          6,
          17
        ],
        "tailBefore": [
          4,
          17
        ],
        "tailAfter": [
          5,
          17
        ],
        "dir": "right"
      }
    },
    {
      "seq": 354,
      "type": "advance",
      "label": "49",
      "ts": 55666,
      "detail": {
        "headBefore": [
          6,
          17
        ],
        "headAfter": [
          7,
          17
        ],
        "tailBefore": [
          5,
          17
        ],
        "tailAfter": [
          6,
          17
        ],
        "dir": "right"
      }
    },
    {
      "seq": 355,
      "type": "advance",
      "label": "49",
      "ts": 55716,
      "detail": {
        "headBefore": [
          7,
          17
        ],
        "headAfter": [
          8,
          17
        ],
        "tailBefore": [
          6,
          17
        ],
        "tailAfter": [
          7,
          17
        ],
        "dir": "right"
      }
    },
    {
      "seq": 356,
      "type": "advance",
      "label": "49",
      "ts": 55766,
      "detail": {
        "headBefore": [
          8,
          17
        ],
        "headAfter": [
          9,
          17
        ],
        "tailBefore": [
          7,
          17
        ],
        "tailAfter": [
          8,
          17
        ],
        "dir": "right"
      }
    },
    {
      "seq": 357,
      "type": "advance",
      "label": "49",
      "ts": 55816,
      "detail": {
        "headBefore": [
          9,
          17
        ],
        "headAfter": [
          10,
          17
        ],
        "tailBefore": [
          8,
          17
        ],
        "tailAfter": [
          9,
          17
        ],
        "dir": "right"
      }
    },
    {
      "seq": 358,
      "type": "advance",
      "label": "49",
      "ts": 55866,
      "detail": {
        "headBefore": [
          10,
          17
        ],
        "headAfter": [
          11,
          17
        ],
        "tailBefore": [
          9,
          17
        ],
        "tailAfter": [
          10,
          17
        ],
        "dir": "right"
      }
    },
    {
      "seq": 359,
      "type": "advance",
      "label": "49",
      "ts": 55916,
      "detail": {
        "headBefore": [
          11,
          17
        ],
        "headAfter": [
          12,
          17
        ],
        "tailBefore": [
          10,
          17
        ],
        "tailAfter": [
          11,
          17
        ],
        "dir": "right"
      }
    },
    {
      "seq": 360,
      "type": "advance",
      "label": "49",
      "ts": 55966,
      "detail": {
        "headBefore": [
          12,
          17
        ],
        "headAfter": [
          13,
          17
        ],
        "tailBefore": [
          11,
          17
        ],
        "tailAfter": [
          12,
          17
        ],
        "dir": "right"
      }
    },
    {
      "seq": 361,
      "type": "advance",
      "label": "49",
      "ts": 56017,
      "detail": {
        "headBefore": [
          13,
          17
        ],
        "headAfter": [
          14,
          17
        ],
        "tailBefore": [
          12,
          17
        ],
        "tailAfter": [
          13,
          17
        ],
        "dir": "right"
      }
    },
    {
      "seq": 362,
      "type": "advance",
      "label": "49",
      "ts": 56066,
      "detail": {
        "headBefore": [
          14,
          17
        ],
        "headAfter": [
          15,
          17
        ],
        "tailBefore": [
          13,
          17
        ],
        "tailAfter": [
          14,
          17
        ],
        "dir": "right"
      }
    },
    {
      "seq": 363,
      "type": "dispose",
      "label": "49",
      "ts": 56066,
      "detail": {}
    },
    {
      "seq": 364,
      "type": "click",
      "label": "28",
      "ts": 58498,
      "detail": {}
    },
    {
      "seq": 365,
      "type": "advance",
      "label": "28",
      "ts": 58499,
      "detail": {
        "headBefore": [
          0,
          14
        ],
        "headAfter": [
          0,
          15
        ],
        "tailBefore": [
          0,
          12
        ],
        "tailAfter": [
          1,
          12
        ],
        "dir": "down"
      }
    },
    {
      "seq": 366,
      "type": "advance",
      "label": "28",
      "ts": 58535,
      "detail": {
        "headBefore": [
          0,
          15
        ],
        "headAfter": [
          0,
          16
        ],
        "tailBefore": [
          1,
          12
        ],
        "tailAfter": [
          1,
          13
        ],
        "dir": "down"
      }
    },
    {
      "seq": 367,
      "type": "advance",
      "label": "28",
      "ts": 58585,
      "detail": {
        "headBefore": [
          0,
          16
        ],
        "headAfter": [
          0,
          17
        ],
        "tailBefore": [
          1,
          13
        ],
        "tailAfter": [
          0,
          13
        ],
        "dir": "down"
      }
    },
    {
      "seq": 368,
      "type": "advance",
      "label": "28",
      "ts": 58635,
      "detail": {
        "headBefore": [
          0,
          17
        ],
        "headAfter": [
          0,
          18
        ],
        "tailBefore": [
          0,
          13
        ],
        "tailAfter": [
          0,
          14
        ],
        "dir": "down"
      }
    },
    {
      "seq": 369,
      "type": "advance",
      "label": "28",
      "ts": 58685,
      "detail": {
        "headBefore": [
          0,
          18
        ],
        "headAfter": [
          0,
          19
        ],
        "tailBefore": [
          0,
          14
        ],
        "tailAfter": [
          0,
          15
        ],
        "dir": "down"
      }
    },
    {
      "seq": 370,
      "type": "advance",
      "label": "28",
      "ts": 58735,
      "detail": {
        "headBefore": [
          0,
          19
        ],
        "headAfter": [
          0,
          20
        ],
        "tailBefore": [
          0,
          15
        ],
        "tailAfter": [
          0,
          16
        ],
        "dir": "down"
      }
    },
    {
      "seq": 371,
      "type": "advance",
      "label": "28",
      "ts": 58785,
      "detail": {
        "headBefore": [
          0,
          20
        ],
        "headAfter": [
          0,
          21
        ],
        "tailBefore": [
          0,
          16
        ],
        "tailAfter": [
          0,
          17
        ],
        "dir": "down"
      }
    },
    {
      "seq": 372,
      "type": "advance",
      "label": "28",
      "ts": 58835,
      "detail": {
        "headBefore": [
          0,
          21
        ],
        "headAfter": [
          0,
          22
        ],
        "tailBefore": [
          0,
          17
        ],
        "tailAfter": [
          0,
          18
        ],
        "dir": "down"
      }
    },
    {
      "seq": 373,
      "type": "advance",
      "label": "28",
      "ts": 58885,
      "detail": {
        "headBefore": [
          0,
          22
        ],
        "headAfter": [
          0,
          23
        ],
        "tailBefore": [
          0,
          18
        ],
        "tailAfter": [
          0,
          19
        ],
        "dir": "down"
      }
    },
    {
      "seq": 374,
      "type": "advance",
      "label": "28",
      "ts": 58952,
      "detail": {
        "headBefore": [
          0,
          23
        ],
        "headAfter": [
          0,
          24
        ],
        "tailBefore": [
          0,
          19
        ],
        "tailAfter": [
          0,
          20
        ],
        "dir": "down"
      }
    },
    {
      "seq": 375,
      "type": "advance",
      "label": "28",
      "ts": 59002,
      "detail": {
        "headBefore": [
          0,
          24
        ],
        "headAfter": [
          0,
          25
        ],
        "tailBefore": [
          0,
          20
        ],
        "tailAfter": [
          0,
          21
        ],
        "dir": "down"
      }
    },
    {
      "seq": 376,
      "type": "advance",
      "label": "28",
      "ts": 59052,
      "detail": {
        "headBefore": [
          0,
          25
        ],
        "headAfter": [
          0,
          26
        ],
        "tailBefore": [
          0,
          21
        ],
        "tailAfter": [
          0,
          22
        ],
        "dir": "down"
      }
    },
    {
      "seq": 377,
      "type": "advance",
      "label": "28",
      "ts": 59102,
      "detail": {
        "headBefore": [
          0,
          26
        ],
        "headAfter": [
          0,
          27
        ],
        "tailBefore": [
          0,
          22
        ],
        "tailAfter": [
          0,
          23
        ],
        "dir": "down"
      }
    },
    {
      "seq": 378,
      "type": "click",
      "label": "30",
      "ts": 59138,
      "detail": {}
    },
    {
      "seq": 379,
      "type": "advance",
      "label": "30",
      "ts": 59139,
      "detail": {
        "headBefore": [
          1,
          14
        ],
        "headAfter": [
          0,
          14
        ],
        "tailBefore": [
          3,
          12
        ],
        "tailAfter": [
          2,
          12
        ],
        "dir": "left"
      }
    },
    {
      "seq": 380,
      "type": "advance",
      "label": "28",
      "ts": 59152,
      "detail": {
        "headBefore": [
          0,
          27
        ],
        "headAfter": [
          0,
          28
        ],
        "tailBefore": [
          0,
          23
        ],
        "tailAfter": [
          0,
          24
        ],
        "dir": "down"
      }
    },
    {
      "seq": 381,
      "type": "dispose",
      "label": "28",
      "ts": 59152,
      "detail": {}
    },
    {
      "seq": 382,
      "type": "advance",
      "label": "30",
      "ts": 59185,
      "detail": {
        "headBefore": [
          0,
          14
        ],
        "headAfter": [
          -1,
          14
        ],
        "tailBefore": [
          2,
          12
        ],
        "tailAfter": [
          2,
          11
        ],
        "dir": "left"
      }
    },
    {
      "seq": 383,
      "type": "advance",
      "label": "30",
      "ts": 59236,
      "detail": {
        "headBefore": [
          -1,
          14
        ],
        "headAfter": [
          -2,
          14
        ],
        "tailBefore": [
          2,
          11
        ],
        "tailAfter": [
          3,
          11
        ],
        "dir": "left"
      }
    },
    {
      "seq": 384,
      "type": "advance",
      "label": "30",
      "ts": 59286,
      "detail": {
        "headBefore": [
          -2,
          14
        ],
        "headAfter": [
          -3,
          14
        ],
        "tailBefore": [
          3,
          11
        ],
        "tailAfter": [
          4,
          11
        ],
        "dir": "left"
      }
    },
    {
      "seq": 385,
      "type": "advance",
      "label": "30",
      "ts": 59336,
      "detail": {
        "headBefore": [
          -3,
          14
        ],
        "headAfter": [
          -4,
          14
        ],
        "tailBefore": [
          4,
          11
        ],
        "tailAfter": [
          4,
          12
        ],
        "dir": "left"
      }
    },
    {
      "seq": 386,
      "type": "advance",
      "label": "30",
      "ts": 59385,
      "detail": {
        "headBefore": [
          -4,
          14
        ],
        "headAfter": [
          -5,
          14
        ],
        "tailBefore": [
          4,
          12
        ],
        "tailAfter": [
          4,
          13
        ],
        "dir": "left"
      }
    },
    {
      "seq": 387,
      "type": "advance",
      "label": "30",
      "ts": 59436,
      "detail": {
        "headBefore": [
          -5,
          14
        ],
        "headAfter": [
          -6,
          14
        ],
        "tailBefore": [
          4,
          13
        ],
        "tailAfter": [
          3,
          13
        ],
        "dir": "left"
      }
    },
    {
      "seq": 388,
      "type": "advance",
      "label": "30",
      "ts": 59486,
      "detail": {
        "headBefore": [
          -6,
          14
        ],
        "headAfter": [
          -7,
          14
        ],
        "tailBefore": [
          3,
          13
        ],
        "tailAfter": [
          2,
          13
        ],
        "dir": "left"
      }
    },
    {
      "seq": 389,
      "type": "advance",
      "label": "30",
      "ts": 59536,
      "detail": {
        "headBefore": [
          -7,
          14
        ],
        "headAfter": [
          -8,
          14
        ],
        "tailBefore": [
          2,
          13
        ],
        "tailAfter": [
          2,
          14
        ],
        "dir": "left"
      }
    },
    {
      "seq": 390,
      "type": "advance",
      "label": "30",
      "ts": 59586,
      "detail": {
        "headBefore": [
          -8,
          14
        ],
        "headAfter": [
          -9,
          14
        ],
        "tailBefore": [
          2,
          14
        ],
        "tailAfter": [
          1,
          14
        ],
        "dir": "left"
      }
    },
    {
      "seq": 391,
      "type": "advance",
      "label": "30",
      "ts": 59636,
      "detail": {
        "headBefore": [
          -9,
          14
        ],
        "headAfter": [
          -10,
          14
        ],
        "tailBefore": [
          1,
          14
        ],
        "tailAfter": [
          0,
          14
        ],
        "dir": "left"
      }
    },
    {
      "seq": 392,
      "type": "advance",
      "label": "30",
      "ts": 59703,
      "detail": {
        "headBefore": [
          -10,
          14
        ],
        "headAfter": [
          -11,
          14
        ],
        "tailBefore": [
          0,
          14
        ],
        "tailAfter": [
          -1,
          14
        ],
        "dir": "left"
      }
    },
    {
      "seq": 393,
      "type": "dispose",
      "label": "30",
      "ts": 59703,
      "detail": {}
    },
    {
      "seq": 394,
      "type": "click",
      "label": "58",
      "ts": 60979,
      "detail": {}
    },
    {
      "seq": 395,
      "type": "advance",
      "label": "58",
      "ts": 60979,
      "detail": {
        "headBefore": [
          5,
          12
        ],
        "headAfter": [
          5,
          13
        ],
        "tailBefore": [
          5,
          8
        ],
        "tailAfter": [
          5,
          9
        ],
        "dir": "down"
      }
    },
    {
      "seq": 396,
      "type": "advance",
      "label": "58",
      "ts": 61020,
      "detail": {
        "headBefore": [
          5,
          13
        ],
        "headAfter": [
          5,
          14
        ],
        "tailBefore": [
          5,
          9
        ],
        "tailAfter": [
          5,
          10
        ],
        "dir": "down"
      }
    },
    {
      "seq": 397,
      "type": "advance",
      "label": "58",
      "ts": 61070,
      "detail": {
        "headBefore": [
          5,
          14
        ],
        "headAfter": [
          5,
          15
        ],
        "tailBefore": [
          5,
          10
        ],
        "tailAfter": [
          5,
          11
        ],
        "dir": "down"
      }
    },
    {
      "seq": 398,
      "type": "advance",
      "label": "58",
      "ts": 61120,
      "detail": {
        "headBefore": [
          5,
          15
        ],
        "headAfter": [
          5,
          16
        ],
        "tailBefore": [
          5,
          11
        ],
        "tailAfter": [
          5,
          12
        ],
        "dir": "down"
      }
    },
    {
      "seq": 399,
      "type": "advance",
      "label": "58",
      "ts": 61170,
      "detail": {
        "headBefore": [
          5,
          16
        ],
        "headAfter": [
          5,
          17
        ],
        "tailBefore": [
          5,
          12
        ],
        "tailAfter": [
          5,
          13
        ],
        "dir": "down"
      }
    },
    {
      "seq": 400,
      "type": "advance",
      "label": "58",
      "ts": 61220,
      "detail": {
        "headBefore": [
          5,
          17
        ],
        "headAfter": [
          5,
          18
        ],
        "tailBefore": [
          5,
          13
        ],
        "tailAfter": [
          5,
          14
        ],
        "dir": "down"
      }
    },
    {
      "seq": 401,
      "type": "advance",
      "label": "58",
      "ts": 61270,
      "detail": {
        "headBefore": [
          5,
          18
        ],
        "headAfter": [
          5,
          19
        ],
        "tailBefore": [
          5,
          14
        ],
        "tailAfter": [
          5,
          15
        ],
        "dir": "down"
      }
    },
    {
      "seq": 402,
      "type": "advance",
      "label": "58",
      "ts": 61320,
      "detail": {
        "headBefore": [
          5,
          19
        ],
        "headAfter": [
          5,
          20
        ],
        "tailBefore": [
          5,
          15
        ],
        "tailAfter": [
          5,
          16
        ],
        "dir": "down"
      }
    },
    {
      "seq": 403,
      "type": "advance",
      "label": "58",
      "ts": 61371,
      "detail": {
        "headBefore": [
          5,
          20
        ],
        "headAfter": [
          5,
          21
        ],
        "tailBefore": [
          5,
          16
        ],
        "tailAfter": [
          5,
          17
        ],
        "dir": "down"
      }
    },
    {
      "seq": 404,
      "type": "advance",
      "label": "58",
      "ts": 61421,
      "detail": {
        "headBefore": [
          5,
          21
        ],
        "headAfter": [
          5,
          22
        ],
        "tailBefore": [
          5,
          17
        ],
        "tailAfter": [
          5,
          18
        ],
        "dir": "down"
      }
    },
    {
      "seq": 405,
      "type": "advance",
      "label": "58",
      "ts": 61470,
      "detail": {
        "headBefore": [
          5,
          22
        ],
        "headAfter": [
          5,
          23
        ],
        "tailBefore": [
          5,
          18
        ],
        "tailAfter": [
          5,
          19
        ],
        "dir": "down"
      }
    },
    {
      "seq": 406,
      "type": "advance",
      "label": "58",
      "ts": 61520,
      "detail": {
        "headBefore": [
          5,
          23
        ],
        "headAfter": [
          5,
          24
        ],
        "tailBefore": [
          5,
          19
        ],
        "tailAfter": [
          5,
          20
        ],
        "dir": "down"
      }
    },
    {
      "seq": 407,
      "type": "advance",
      "label": "58",
      "ts": 61571,
      "detail": {
        "headBefore": [
          5,
          24
        ],
        "headAfter": [
          5,
          25
        ],
        "tailBefore": [
          5,
          20
        ],
        "tailAfter": [
          5,
          21
        ],
        "dir": "down"
      }
    },
    {
      "seq": 408,
      "type": "advance",
      "label": "58",
      "ts": 61620,
      "detail": {
        "headBefore": [
          5,
          25
        ],
        "headAfter": [
          5,
          26
        ],
        "tailBefore": [
          5,
          21
        ],
        "tailAfter": [
          5,
          22
        ],
        "dir": "down"
      }
    },
    {
      "seq": 409,
      "type": "advance",
      "label": "58",
      "ts": 61670,
      "detail": {
        "headBefore": [
          5,
          26
        ],
        "headAfter": [
          5,
          27
        ],
        "tailBefore": [
          5,
          22
        ],
        "tailAfter": [
          5,
          23
        ],
        "dir": "down"
      }
    },
    {
      "seq": 410,
      "type": "advance",
      "label": "58",
      "ts": 61720,
      "detail": {
        "headBefore": [
          5,
          27
        ],
        "headAfter": [
          5,
          28
        ],
        "tailBefore": [
          5,
          23
        ],
        "tailAfter": [
          5,
          24
        ],
        "dir": "down"
      }
    },
    {
      "seq": 411,
      "type": "dispose",
      "label": "58",
      "ts": 61720,
      "detail": {}
    },
    {
      "seq": 412,
      "type": "click",
      "label": "59",
      "ts": 62500,
      "detail": {}
    },
    {
      "seq": 413,
      "type": "advance",
      "label": "59",
      "ts": 62500,
      "detail": {
        "headBefore": [
          5,
          7
        ],
        "headAfter": [
          5,
          8
        ],
        "tailBefore": [
          5,
          5
        ],
        "tailAfter": [
          5,
          6
        ],
        "dir": "down"
      }
    },
    {
      "seq": 414,
      "type": "advance",
      "label": "59",
      "ts": 62555,
      "detail": {
        "headBefore": [
          5,
          8
        ],
        "headAfter": [
          5,
          9
        ],
        "tailBefore": [
          5,
          6
        ],
        "tailAfter": [
          5,
          7
        ],
        "dir": "down"
      }
    },
    {
      "seq": 415,
      "type": "advance",
      "label": "59",
      "ts": 62605,
      "detail": {
        "headBefore": [
          5,
          9
        ],
        "headAfter": [
          5,
          10
        ],
        "tailBefore": [
          5,
          7
        ],
        "tailAfter": [
          5,
          8
        ],
        "dir": "down"
      }
    },
    {
      "seq": 416,
      "type": "advance",
      "label": "59",
      "ts": 62655,
      "detail": {
        "headBefore": [
          5,
          10
        ],
        "headAfter": [
          5,
          11
        ],
        "tailBefore": [
          5,
          8
        ],
        "tailAfter": [
          5,
          9
        ],
        "dir": "down"
      }
    },
    {
      "seq": 417,
      "type": "advance",
      "label": "59",
      "ts": 62705,
      "detail": {
        "headBefore": [
          5,
          11
        ],
        "headAfter": [
          5,
          12
        ],
        "tailBefore": [
          5,
          9
        ],
        "tailAfter": [
          5,
          10
        ],
        "dir": "down"
      }
    },
    {
      "seq": 418,
      "type": "advance",
      "label": "59",
      "ts": 62754,
      "detail": {
        "headBefore": [
          5,
          12
        ],
        "headAfter": [
          5,
          13
        ],
        "tailBefore": [
          5,
          10
        ],
        "tailAfter": [
          5,
          11
        ],
        "dir": "down"
      }
    },
    {
      "seq": 419,
      "type": "advance",
      "label": "59",
      "ts": 62805,
      "detail": {
        "headBefore": [
          5,
          13
        ],
        "headAfter": [
          5,
          14
        ],
        "tailBefore": [
          5,
          11
        ],
        "tailAfter": [
          5,
          12
        ],
        "dir": "down"
      }
    },
    {
      "seq": 420,
      "type": "advance",
      "label": "59",
      "ts": 62855,
      "detail": {
        "headBefore": [
          5,
          14
        ],
        "headAfter": [
          5,
          15
        ],
        "tailBefore": [
          5,
          12
        ],
        "tailAfter": [
          5,
          13
        ],
        "dir": "down"
      }
    },
    {
      "seq": 421,
      "type": "advance",
      "label": "59",
      "ts": 62905,
      "detail": {
        "headBefore": [
          5,
          15
        ],
        "headAfter": [
          5,
          16
        ],
        "tailBefore": [
          5,
          13
        ],
        "tailAfter": [
          5,
          14
        ],
        "dir": "down"
      }
    },
    {
      "seq": 422,
      "type": "advance",
      "label": "59",
      "ts": 62955,
      "detail": {
        "headBefore": [
          5,
          16
        ],
        "headAfter": [
          5,
          17
        ],
        "tailBefore": [
          5,
          14
        ],
        "tailAfter": [
          5,
          15
        ],
        "dir": "down"
      }
    },
    {
      "seq": 423,
      "type": "advance",
      "label": "59",
      "ts": 63005,
      "detail": {
        "headBefore": [
          5,
          17
        ],
        "headAfter": [
          5,
          18
        ],
        "tailBefore": [
          5,
          15
        ],
        "tailAfter": [
          5,
          16
        ],
        "dir": "down"
      }
    },
    {
      "seq": 424,
      "type": "advance",
      "label": "59",
      "ts": 63055,
      "detail": {
        "headBefore": [
          5,
          18
        ],
        "headAfter": [
          5,
          19
        ],
        "tailBefore": [
          5,
          16
        ],
        "tailAfter": [
          5,
          17
        ],
        "dir": "down"
      }
    },
    {
      "seq": 425,
      "type": "advance",
      "label": "59",
      "ts": 63105,
      "detail": {
        "headBefore": [
          5,
          19
        ],
        "headAfter": [
          5,
          20
        ],
        "tailBefore": [
          5,
          17
        ],
        "tailAfter": [
          5,
          18
        ],
        "dir": "down"
      }
    },
    {
      "seq": 426,
      "type": "advance",
      "label": "59",
      "ts": 63155,
      "detail": {
        "headBefore": [
          5,
          20
        ],
        "headAfter": [
          5,
          21
        ],
        "tailBefore": [
          5,
          18
        ],
        "tailAfter": [
          5,
          19
        ],
        "dir": "down"
      }
    },
    {
      "seq": 427,
      "type": "advance",
      "label": "59",
      "ts": 63205,
      "detail": {
        "headBefore": [
          5,
          21
        ],
        "headAfter": [
          5,
          22
        ],
        "tailBefore": [
          5,
          19
        ],
        "tailAfter": [
          5,
          20
        ],
        "dir": "down"
      }
    },
    {
      "seq": 428,
      "type": "advance",
      "label": "59",
      "ts": 63272,
      "detail": {
        "headBefore": [
          5,
          22
        ],
        "headAfter": [
          5,
          23
        ],
        "tailBefore": [
          5,
          20
        ],
        "tailAfter": [
          5,
          21
        ],
        "dir": "down"
      }
    },
    {
      "seq": 429,
      "type": "advance",
      "label": "59",
      "ts": 63339,
      "detail": {
        "headBefore": [
          5,
          23
        ],
        "headAfter": [
          5,
          24
        ],
        "tailBefore": [
          5,
          21
        ],
        "tailAfter": [
          5,
          22
        ],
        "dir": "down"
      }
    },
    {
      "seq": 430,
      "type": "advance",
      "label": "59",
      "ts": 63389,
      "detail": {
        "headBefore": [
          5,
          24
        ],
        "headAfter": [
          5,
          25
        ],
        "tailBefore": [
          5,
          22
        ],
        "tailAfter": [
          5,
          23
        ],
        "dir": "down"
      }
    },
    {
      "seq": 431,
      "type": "advance",
      "label": "59",
      "ts": 63439,
      "detail": {
        "headBefore": [
          5,
          25
        ],
        "headAfter": [
          5,
          26
        ],
        "tailBefore": [
          5,
          23
        ],
        "tailAfter": [
          5,
          24
        ],
        "dir": "down"
      }
    },
    {
      "seq": 432,
      "type": "dispose",
      "label": "59",
      "ts": 63439,
      "detail": {}
    },
    {
      "seq": 433,
      "type": "click",
      "label": "51",
      "ts": 71876,
      "detail": {}
    },
    {
      "seq": 434,
      "type": "advance",
      "label": "51",
      "ts": 71877,
      "detail": {
        "headBefore": [
          0,
          10
        ],
        "headAfter": [
          0,
          11
        ],
        "tailBefore": [
          1,
          2
        ],
        "tailAfter": [
          0,
          2
        ],
        "dir": "down"
      }
    },
    {
      "seq": 435,
      "type": "advance",
      "label": "51",
      "ts": 71929,
      "detail": {
        "headBefore": [
          0,
          11
        ],
        "headAfter": [
          0,
          12
        ],
        "tailBefore": [
          0,
          2
        ],
        "tailAfter": [
          0,
          3
        ],
        "dir": "down"
      }
    },
    {
      "seq": 436,
      "type": "advance",
      "label": "51",
      "ts": 71979,
      "detail": {
        "headBefore": [
          0,
          12
        ],
        "headAfter": [
          0,
          13
        ],
        "tailBefore": [
          0,
          3
        ],
        "tailAfter": [
          0,
          4
        ],
        "dir": "down"
      }
    },
    {
      "seq": 437,
      "type": "advance",
      "label": "51",
      "ts": 72029,
      "detail": {
        "headBefore": [
          0,
          13
        ],
        "headAfter": [
          0,
          14
        ],
        "tailBefore": [
          0,
          4
        ],
        "tailAfter": [
          0,
          5
        ],
        "dir": "down"
      }
    },
    {
      "seq": 438,
      "type": "advance",
      "label": "51",
      "ts": 72079,
      "detail": {
        "headBefore": [
          0,
          14
        ],
        "headAfter": [
          0,
          15
        ],
        "tailBefore": [
          0,
          5
        ],
        "tailAfter": [
          0,
          6
        ],
        "dir": "down"
      }
    },
    {
      "seq": 439,
      "type": "advance",
      "label": "51",
      "ts": 72128,
      "detail": {
        "headBefore": [
          0,
          15
        ],
        "headAfter": [
          0,
          16
        ],
        "tailBefore": [
          0,
          6
        ],
        "tailAfter": [
          0,
          7
        ],
        "dir": "down"
      }
    },
    {
      "seq": 440,
      "type": "advance",
      "label": "51",
      "ts": 72179,
      "detail": {
        "headBefore": [
          0,
          16
        ],
        "headAfter": [
          0,
          17
        ],
        "tailBefore": [
          0,
          7
        ],
        "tailAfter": [
          0,
          8
        ],
        "dir": "down"
      }
    },
    {
      "seq": 441,
      "type": "advance",
      "label": "51",
      "ts": 72246,
      "detail": {
        "headBefore": [
          0,
          17
        ],
        "headAfter": [
          0,
          18
        ],
        "tailBefore": [
          0,
          8
        ],
        "tailAfter": [
          0,
          9
        ],
        "dir": "down"
      }
    },
    {
      "seq": 442,
      "type": "advance",
      "label": "51",
      "ts": 72296,
      "detail": {
        "headBefore": [
          0,
          18
        ],
        "headAfter": [
          0,
          19
        ],
        "tailBefore": [
          0,
          9
        ],
        "tailAfter": [
          0,
          10
        ],
        "dir": "down"
      }
    },
    {
      "seq": 443,
      "type": "advance",
      "label": "51",
      "ts": 72346,
      "detail": {
        "headBefore": [
          0,
          19
        ],
        "headAfter": [
          0,
          20
        ],
        "tailBefore": [
          0,
          10
        ],
        "tailAfter": [
          0,
          11
        ],
        "dir": "down"
      }
    },
    {
      "seq": 444,
      "type": "advance",
      "label": "51",
      "ts": 72396,
      "detail": {
        "headBefore": [
          0,
          20
        ],
        "headAfter": [
          0,
          21
        ],
        "tailBefore": [
          0,
          11
        ],
        "tailAfter": [
          0,
          12
        ],
        "dir": "down"
      }
    },
    {
      "seq": 445,
      "type": "advance",
      "label": "51",
      "ts": 72446,
      "detail": {
        "headBefore": [
          0,
          21
        ],
        "headAfter": [
          0,
          22
        ],
        "tailBefore": [
          0,
          12
        ],
        "tailAfter": [
          0,
          13
        ],
        "dir": "down"
      }
    },
    {
      "seq": 446,
      "type": "advance",
      "label": "51",
      "ts": 72496,
      "detail": {
        "headBefore": [
          0,
          22
        ],
        "headAfter": [
          0,
          23
        ],
        "tailBefore": [
          0,
          13
        ],
        "tailAfter": [
          0,
          14
        ],
        "dir": "down"
      }
    },
    {
      "seq": 447,
      "type": "advance",
      "label": "51",
      "ts": 72546,
      "detail": {
        "headBefore": [
          0,
          23
        ],
        "headAfter": [
          0,
          24
        ],
        "tailBefore": [
          0,
          14
        ],
        "tailAfter": [
          0,
          15
        ],
        "dir": "down"
      }
    },
    {
      "seq": 448,
      "type": "advance",
      "label": "51",
      "ts": 72596,
      "detail": {
        "headBefore": [
          0,
          24
        ],
        "headAfter": [
          0,
          25
        ],
        "tailBefore": [
          0,
          15
        ],
        "tailAfter": [
          0,
          16
        ],
        "dir": "down"
      }
    },
    {
      "seq": 449,
      "type": "advance",
      "label": "51",
      "ts": 72646,
      "detail": {
        "headBefore": [
          0,
          25
        ],
        "headAfter": [
          0,
          26
        ],
        "tailBefore": [
          0,
          16
        ],
        "tailAfter": [
          0,
          17
        ],
        "dir": "down"
      }
    },
    {
      "seq": 450,
      "type": "advance",
      "label": "51",
      "ts": 72696,
      "detail": {
        "headBefore": [
          0,
          26
        ],
        "headAfter": [
          0,
          27
        ],
        "tailBefore": [
          0,
          17
        ],
        "tailAfter": [
          0,
          18
        ],
        "dir": "down"
      }
    },
    {
      "seq": 451,
      "type": "advance",
      "label": "51",
      "ts": 72746,
      "detail": {
        "headBefore": [
          0,
          27
        ],
        "headAfter": [
          0,
          28
        ],
        "tailBefore": [
          0,
          18
        ],
        "tailAfter": [
          0,
          19
        ],
        "dir": "down"
      }
    },
    {
      "seq": 452,
      "type": "advance",
      "label": "51",
      "ts": 72796,
      "detail": {
        "headBefore": [
          0,
          28
        ],
        "headAfter": [
          0,
          29
        ],
        "tailBefore": [
          0,
          19
        ],
        "tailAfter": [
          0,
          20
        ],
        "dir": "down"
      }
    },
    {
      "seq": 453,
      "type": "advance",
      "label": "51",
      "ts": 72846,
      "detail": {
        "headBefore": [
          0,
          29
        ],
        "headAfter": [
          0,
          30
        ],
        "tailBefore": [
          0,
          20
        ],
        "tailAfter": [
          0,
          21
        ],
        "dir": "down"
      }
    },
    {
      "seq": 454,
      "type": "advance",
      "label": "51",
      "ts": 72913,
      "detail": {
        "headBefore": [
          0,
          30
        ],
        "headAfter": [
          0,
          31
        ],
        "tailBefore": [
          0,
          21
        ],
        "tailAfter": [
          0,
          22
        ],
        "dir": "down"
      }
    },
    {
      "seq": 455,
      "type": "advance",
      "label": "51",
      "ts": 72963,
      "detail": {
        "headBefore": [
          0,
          31
        ],
        "headAfter": [
          0,
          32
        ],
        "tailBefore": [
          0,
          22
        ],
        "tailAfter": [
          0,
          23
        ],
        "dir": "down"
      }
    },
    {
      "seq": 456,
      "type": "advance",
      "label": "51",
      "ts": 73013,
      "detail": {
        "headBefore": [
          0,
          32
        ],
        "headAfter": [
          0,
          33
        ],
        "tailBefore": [
          0,
          23
        ],
        "tailAfter": [
          0,
          24
        ],
        "dir": "down"
      }
    },
    {
      "seq": 457,
      "type": "dispose",
      "label": "51",
      "ts": 73013,
      "detail": {}
    },
    {
      "seq": 458,
      "type": "click",
      "label": "3",
      "ts": 73595,
      "detail": {}
    },
    {
      "seq": 459,
      "type": "advance",
      "label": "3",
      "ts": 73595,
      "detail": {
        "headBefore": [
          5,
          2
        ],
        "headAfter": [
          4,
          2
        ],
        "tailBefore": [
          7,
          0
        ],
        "tailAfter": [
          6,
          0
        ],
        "dir": "left"
      }
    },
    {
      "seq": 460,
      "type": "advance",
      "label": "3",
      "ts": 73647,
      "detail": {
        "headBefore": [
          4,
          2
        ],
        "headAfter": [
          3,
          2
        ],
        "tailBefore": [
          6,
          0
        ],
        "tailAfter": [
          6,
          1
        ],
        "dir": "left"
      }
    },
    {
      "seq": 461,
      "type": "advance",
      "label": "3",
      "ts": 73697,
      "detail": {
        "headBefore": [
          3,
          2
        ],
        "headAfter": [
          2,
          2
        ],
        "tailBefore": [
          6,
          1
        ],
        "tailAfter": [
          6,
          2
        ],
        "dir": "left"
      }
    },
    {
      "seq": 462,
      "type": "advance",
      "label": "3",
      "ts": 73763,
      "detail": {
        "headBefore": [
          2,
          2
        ],
        "headAfter": [
          1,
          2
        ],
        "tailBefore": [
          6,
          2
        ],
        "tailAfter": [
          5,
          2
        ],
        "dir": "left"
      }
    },
    {
      "seq": 463,
      "type": "advance",
      "label": "3",
      "ts": 73813,
      "detail": {
        "headBefore": [
          1,
          2
        ],
        "headAfter": [
          0,
          2
        ],
        "tailBefore": [
          5,
          2
        ],
        "tailAfter": [
          4,
          2
        ],
        "dir": "left"
      }
    },
    {
      "seq": 464,
      "type": "advance",
      "label": "3",
      "ts": 73864,
      "detail": {
        "headBefore": [
          0,
          2
        ],
        "headAfter": [
          -1,
          2
        ],
        "tailBefore": [
          4,
          2
        ],
        "tailAfter": [
          3,
          2
        ],
        "dir": "left"
      }
    },
    {
      "seq": 465,
      "type": "advance",
      "label": "3",
      "ts": 73914,
      "detail": {
        "headBefore": [
          -1,
          2
        ],
        "headAfter": [
          -2,
          2
        ],
        "tailBefore": [
          3,
          2
        ],
        "tailAfter": [
          2,
          2
        ],
        "dir": "left"
      }
    },
    {
      "seq": 466,
      "type": "advance",
      "label": "3",
      "ts": 73963,
      "detail": {
        "headBefore": [
          -2,
          2
        ],
        "headAfter": [
          -3,
          2
        ],
        "tailBefore": [
          2,
          2
        ],
        "tailAfter": [
          1,
          2
        ],
        "dir": "left"
      }
    },
    {
      "seq": 467,
      "type": "advance",
      "label": "3",
      "ts": 74013,
      "detail": {
        "headBefore": [
          -3,
          2
        ],
        "headAfter": [
          -4,
          2
        ],
        "tailBefore": [
          1,
          2
        ],
        "tailAfter": [
          0,
          2
        ],
        "dir": "left"
      }
    },
    {
      "seq": 468,
      "type": "advance",
      "label": "3",
      "ts": 74063,
      "detail": {
        "headBefore": [
          -4,
          2
        ],
        "headAfter": [
          -5,
          2
        ],
        "tailBefore": [
          0,
          2
        ],
        "tailAfter": [
          -1,
          2
        ],
        "dir": "left"
      }
    },
    {
      "seq": 469,
      "type": "dispose",
      "label": "3",
      "ts": 74063,
      "detail": {}
    },
    {
      "seq": 470,
      "type": "click",
      "label": "4",
      "ts": 74235,
      "detail": {}
    },
    {
      "seq": 471,
      "type": "advance",
      "label": "4",
      "ts": 74235,
      "detail": {
        "headBefore": [
          7,
          1
        ],
        "headAfter": [
          7,
          0
        ],
        "tailBefore": [
          11,
          1
        ],
        "tailAfter": [
          10,
          1
        ],
        "dir": "up"
      }
    },
    {
      "seq": 472,
      "type": "advance",
      "label": "4",
      "ts": 74281,
      "detail": {
        "headBefore": [
          7,
          0
        ],
        "headAfter": [
          7,
          -1
        ],
        "tailBefore": [
          10,
          1
        ],
        "tailAfter": [
          10,
          0
        ],
        "dir": "up"
      }
    },
    {
      "seq": 473,
      "type": "advance",
      "label": "4",
      "ts": 74330,
      "detail": {
        "headBefore": [
          7,
          -1
        ],
        "headAfter": [
          7,
          -2
        ],
        "tailBefore": [
          10,
          0
        ],
        "tailAfter": [
          9,
          0
        ],
        "dir": "up"
      }
    },
    {
      "seq": 474,
      "type": "advance",
      "label": "4",
      "ts": 74381,
      "detail": {
        "headBefore": [
          7,
          -2
        ],
        "headAfter": [
          7,
          -3
        ],
        "tailBefore": [
          9,
          0
        ],
        "tailAfter": [
          8,
          0
        ],
        "dir": "up"
      }
    },
    {
      "seq": 475,
      "type": "advance",
      "label": "4",
      "ts": 74430,
      "detail": {
        "headBefore": [
          7,
          -3
        ],
        "headAfter": [
          7,
          -4
        ],
        "tailBefore": [
          8,
          0
        ],
        "tailAfter": [
          8,
          1
        ],
        "dir": "up"
      }
    },
    {
      "seq": 476,
      "type": "advance",
      "label": "4",
      "ts": 74481,
      "detail": {
        "headBefore": [
          7,
          -4
        ],
        "headAfter": [
          7,
          -5
        ],
        "tailBefore": [
          8,
          1
        ],
        "tailAfter": [
          8,
          2
        ],
        "dir": "up"
      }
    },
    {
      "seq": 477,
      "type": "advance",
      "label": "4",
      "ts": 74531,
      "detail": {
        "headBefore": [
          7,
          -5
        ],
        "headAfter": [
          7,
          -6
        ],
        "tailBefore": [
          8,
          2
        ],
        "tailAfter": [
          7,
          2
        ],
        "dir": "up"
      }
    },
    {
      "seq": 478,
      "type": "advance",
      "label": "4",
      "ts": 74581,
      "detail": {
        "headBefore": [
          7,
          -6
        ],
        "headAfter": [
          7,
          -7
        ],
        "tailBefore": [
          7,
          2
        ],
        "tailAfter": [
          7,
          1
        ],
        "dir": "up"
      }
    },
    {
      "seq": 479,
      "type": "advance",
      "label": "4",
      "ts": 74631,
      "detail": {
        "headBefore": [
          7,
          -7
        ],
        "headAfter": [
          7,
          -8
        ],
        "tailBefore": [
          7,
          1
        ],
        "tailAfter": [
          7,
          0
        ],
        "dir": "up"
      }
    },
    {
      "seq": 480,
      "type": "advance",
      "label": "4",
      "ts": 74698,
      "detail": {
        "headBefore": [
          7,
          -8
        ],
        "headAfter": [
          7,
          -9
        ],
        "tailBefore": [
          7,
          0
        ],
        "tailAfter": [
          7,
          -1
        ],
        "dir": "up"
      }
    },
    {
      "seq": 481,
      "type": "dispose",
      "label": "4",
      "ts": 74698,
      "detail": {}
    },
    {
      "seq": 482,
      "type": "click",
      "label": "19",
      "ts": 75156,
      "detail": {}
    },
    {
      "seq": 483,
      "type": "advance",
      "label": "19",
      "ts": 75156,
      "detail": {
        "headBefore": [
          11,
          2
        ],
        "headAfter": [
          11,
          1
        ],
        "tailBefore": [
          11,
          3
        ],
        "tailAfter": [
          11,
          2
        ],
        "dir": "up"
      }
    },
    {
      "seq": 484,
      "type": "advance",
      "label": "19",
      "ts": 75198,
      "detail": {
        "headBefore": [
          11,
          1
        ],
        "headAfter": [
          11,
          0
        ],
        "tailBefore": [
          11,
          2
        ],
        "tailAfter": [
          11,
          1
        ],
        "dir": "up"
      }
    },
    {
      "seq": 485,
      "type": "advance",
      "label": "19",
      "ts": 75248,
      "detail": {
        "headBefore": [
          11,
          0
        ],
        "headAfter": [
          11,
          -1
        ],
        "tailBefore": [
          11,
          1
        ],
        "tailAfter": [
          11,
          0
        ],
        "dir": "up"
      }
    },
    {
      "seq": 486,
      "type": "advance",
      "label": "19",
      "ts": 75298,
      "detail": {
        "headBefore": [
          11,
          -1
        ],
        "headAfter": [
          11,
          -2
        ],
        "tailBefore": [
          11,
          0
        ],
        "tailAfter": [
          11,
          -1
        ],
        "dir": "up"
      }
    },
    {
      "seq": 487,
      "type": "dispose",
      "label": "19",
      "ts": 75298,
      "detail": {}
    },
    {
      "seq": 488,
      "type": "click",
      "label": "36",
      "ts": 115827,
      "detail": {}
    },
    {
      "seq": 489,
      "type": "advance",
      "label": "36",
      "ts": 115828,
      "detail": {
        "headBefore": [
          2,
          10
        ],
        "headAfter": [
          1,
          10
        ],
        "tailBefore": [
          3,
          10
        ],
        "tailAfter": [
          2,
          10
        ],
        "dir": "left"
      }
    },
    {
      "seq": 490,
      "type": "advance",
      "label": "36",
      "ts": 115863,
      "detail": {
        "headBefore": [
          1,
          10
        ],
        "headAfter": [
          0,
          10
        ],
        "tailBefore": [
          2,
          10
        ],
        "tailAfter": [
          1,
          10
        ],
        "dir": "left"
      }
    },
    {
      "seq": 491,
      "type": "advance",
      "label": "36",
      "ts": 115913,
      "detail": {
        "headBefore": [
          0,
          10
        ],
        "headAfter": [
          -1,
          10
        ],
        "tailBefore": [
          1,
          10
        ],
        "tailAfter": [
          0,
          10
        ],
        "dir": "left"
      }
    },
    {
      "seq": 492,
      "type": "advance",
      "label": "36",
      "ts": 115963,
      "detail": {
        "headBefore": [
          -1,
          10
        ],
        "headAfter": [
          -2,
          10
        ],
        "tailBefore": [
          0,
          10
        ],
        "tailAfter": [
          -1,
          10
        ],
        "dir": "left"
      }
    },
    {
      "seq": 493,
      "type": "dispose",
      "label": "36",
      "ts": 115963,
      "detail": {}
    },
    {
      "seq": 494,
      "type": "click",
      "label": "24",
      "ts": 120060,
      "detail": {}
    },
    {
      "seq": 495,
      "type": "advance",
      "label": "24",
      "ts": 120060,
      "detail": {
        "headBefore": [
          7,
          3
        ],
        "headAfter": [
          7,
          2
        ],
        "tailBefore": [
          6,
          6
        ],
        "tailAfter": [
          6,
          5
        ],
        "dir": "up"
      }
    },
    {
      "seq": 496,
      "type": "advance",
      "label": "24",
      "ts": 120100,
      "detail": {
        "headBefore": [
          7,
          2
        ],
        "headAfter": [
          7,
          1
        ],
        "tailBefore": [
          6,
          5
        ],
        "tailAfter": [
          6,
          4
        ],
        "dir": "up"
      }
    },
    {
      "seq": 497,
      "type": "advance",
      "label": "24",
      "ts": 120150,
      "detail": {
        "headBefore": [
          7,
          1
        ],
        "headAfter": [
          7,
          0
        ],
        "tailBefore": [
          6,
          4
        ],
        "tailAfter": [
          7,
          4
        ],
        "dir": "up"
      }
    },
    {
      "seq": 498,
      "type": "advance",
      "label": "24",
      "ts": 120200,
      "detail": {
        "headBefore": [
          7,
          0
        ],
        "headAfter": [
          7,
          -1
        ],
        "tailBefore": [
          7,
          4
        ],
        "tailAfter": [
          7,
          3
        ],
        "dir": "up"
      }
    },
    {
      "seq": 499,
      "type": "advance",
      "label": "24",
      "ts": 120267,
      "detail": {
        "headBefore": [
          7,
          -1
        ],
        "headAfter": [
          7,
          -2
        ],
        "tailBefore": [
          7,
          3
        ],
        "tailAfter": [
          7,
          2
        ],
        "dir": "up"
      }
    },
    {
      "seq": 500,
      "type": "advance",
      "label": "24",
      "ts": 120317,
      "detail": {
        "headBefore": [
          7,
          -2
        ],
        "headAfter": [
          7,
          -3
        ],
        "tailBefore": [
          7,
          2
        ],
        "tailAfter": [
          7,
          1
        ],
        "dir": "up"
      }
    },
    {
      "seq": 501,
      "type": "advance",
      "label": "24",
      "ts": 120367,
      "detail": {
        "headBefore": [
          7,
          -3
        ],
        "headAfter": [
          7,
          -4
        ],
        "tailBefore": [
          7,
          1
        ],
        "tailAfter": [
          7,
          0
        ],
        "dir": "up"
      }
    },
    {
      "seq": 502,
      "type": "advance",
      "label": "24",
      "ts": 120417,
      "detail": {
        "headBefore": [
          7,
          -4
        ],
        "headAfter": [
          7,
          -5
        ],
        "tailBefore": [
          7,
          0
        ],
        "tailAfter": [
          7,
          -1
        ],
        "dir": "up"
      }
    },
    {
      "seq": 503,
      "type": "dispose",
      "label": "24",
      "ts": 120417,
      "detail": {}
    },
    {
      "seq": 504,
      "type": "click",
      "label": "29",
      "ts": 120578,
      "detail": {}
    },
    {
      "seq": 505,
      "type": "advance",
      "label": "29",
      "ts": 120579,
      "detail": {
        "headBefore": [
          7,
          5
        ],
        "headAfter": [
          7,
          4
        ],
        "tailBefore": [
          6,
          11
        ],
        "tailAfter": [
          7,
          11
        ],
        "dir": "up"
      }
    },
    {
      "seq": 506,
      "type": "advance",
      "label": "29",
      "ts": 120617,
      "detail": {
        "headBefore": [
          7,
          4
        ],
        "headAfter": [
          7,
          3
        ],
        "tailBefore": [
          7,
          11
        ],
        "tailAfter": [
          7,
          10
        ],
        "dir": "up"
      }
    },
    {
      "seq": 507,
      "type": "advance",
      "label": "29",
      "ts": 120667,
      "detail": {
        "headBefore": [
          7,
          3
        ],
        "headAfter": [
          7,
          2
        ],
        "tailBefore": [
          7,
          10
        ],
        "tailAfter": [
          6,
          10
        ],
        "dir": "up"
      }
    },
    {
      "seq": 508,
      "type": "advance",
      "label": "29",
      "ts": 120717,
      "detail": {
        "headBefore": [
          7,
          2
        ],
        "headAfter": [
          7,
          1
        ],
        "tailBefore": [
          6,
          10
        ],
        "tailAfter": [
          6,
          9
        ],
        "dir": "up"
      }
    },
    {
      "seq": 509,
      "type": "advance",
      "label": "29",
      "ts": 120767,
      "detail": {
        "headBefore": [
          7,
          1
        ],
        "headAfter": [
          7,
          0
        ],
        "tailBefore": [
          6,
          9
        ],
        "tailAfter": [
          6,
          8
        ],
        "dir": "up"
      }
    },
    {
      "seq": 510,
      "type": "advance",
      "label": "29",
      "ts": 120817,
      "detail": {
        "headBefore": [
          7,
          0
        ],
        "headAfter": [
          7,
          -1
        ],
        "tailBefore": [
          6,
          8
        ],
        "tailAfter": [
          7,
          8
        ],
        "dir": "up"
      }
    },
    {
      "seq": 511,
      "type": "advance",
      "label": "29",
      "ts": 120867,
      "detail": {
        "headBefore": [
          7,
          -1
        ],
        "headAfter": [
          7,
          -2
        ],
        "tailBefore": [
          7,
          8
        ],
        "tailAfter": [
          7,
          7
        ],
        "dir": "up"
      }
    },
    {
      "seq": 512,
      "type": "advance",
      "label": "29",
      "ts": 120918,
      "detail": {
        "headBefore": [
          7,
          -2
        ],
        "headAfter": [
          7,
          -3
        ],
        "tailBefore": [
          7,
          7
        ],
        "tailAfter": [
          7,
          6
        ],
        "dir": "up"
      }
    },
    {
      "seq": 513,
      "type": "advance",
      "label": "29",
      "ts": 120967,
      "detail": {
        "headBefore": [
          7,
          -3
        ],
        "headAfter": [
          7,
          -4
        ],
        "tailBefore": [
          7,
          6
        ],
        "tailAfter": [
          7,
          5
        ],
        "dir": "up"
      }
    },
    {
      "seq": 514,
      "type": "advance",
      "label": "29",
      "ts": 121017,
      "detail": {
        "headBefore": [
          7,
          -4
        ],
        "headAfter": [
          7,
          -5
        ],
        "tailBefore": [
          7,
          5
        ],
        "tailAfter": [
          7,
          4
        ],
        "dir": "up"
      }
    },
    {
      "seq": 515,
      "type": "advance",
      "label": "29",
      "ts": 121067,
      "detail": {
        "headBefore": [
          7,
          -5
        ],
        "headAfter": [
          7,
          -6
        ],
        "tailBefore": [
          7,
          4
        ],
        "tailAfter": [
          7,
          3
        ],
        "dir": "up"
      }
    },
    {
      "seq": 516,
      "type": "advance",
      "label": "29",
      "ts": 121118,
      "detail": {
        "headBefore": [
          7,
          -6
        ],
        "headAfter": [
          7,
          -7
        ],
        "tailBefore": [
          7,
          3
        ],
        "tailAfter": [
          7,
          2
        ],
        "dir": "up"
      }
    },
    {
      "seq": 517,
      "type": "click",
      "label": "52",
      "ts": 121124,
      "detail": {}
    },
    {
      "seq": 518,
      "type": "advance",
      "label": "52",
      "ts": 121124,
      "detail": {
        "headBefore": [
          8,
          3
        ],
        "headAfter": [
          8,
          2
        ],
        "tailBefore": [
          8,
          4
        ],
        "tailAfter": [
          8,
          3
        ],
        "dir": "up"
      }
    },
    {
      "seq": 519,
      "type": "advance",
      "label": "29",
      "ts": 121167,
      "detail": {
        "headBefore": [
          7,
          -7
        ],
        "headAfter": [
          7,
          -8
        ],
        "tailBefore": [
          7,
          2
        ],
        "tailAfter": [
          7,
          1
        ],
        "dir": "up"
      }
    },
    {
      "seq": 520,
      "type": "advance",
      "label": "52",
      "ts": 121167,
      "detail": {
        "headBefore": [
          8,
          2
        ],
        "headAfter": [
          8,
          1
        ],
        "tailBefore": [
          8,
          3
        ],
        "tailAfter": [
          8,
          2
        ],
        "dir": "up"
      }
    },
    {
      "seq": 521,
      "type": "advance",
      "label": "29",
      "ts": 121218,
      "detail": {
        "headBefore": [
          7,
          -8
        ],
        "headAfter": [
          7,
          -9
        ],
        "tailBefore": [
          7,
          1
        ],
        "tailAfter": [
          7,
          0
        ],
        "dir": "up"
      }
    },
    {
      "seq": 522,
      "type": "advance",
      "label": "52",
      "ts": 121218,
      "detail": {
        "headBefore": [
          8,
          1
        ],
        "headAfter": [
          8,
          0
        ],
        "tailBefore": [
          8,
          2
        ],
        "tailAfter": [
          8,
          1
        ],
        "dir": "up"
      }
    },
    {
      "seq": 523,
      "type": "advance",
      "label": "29",
      "ts": 121267,
      "detail": {
        "headBefore": [
          7,
          -9
        ],
        "headAfter": [
          7,
          -10
        ],
        "tailBefore": [
          7,
          0
        ],
        "tailAfter": [
          7,
          -1
        ],
        "dir": "up"
      }
    },
    {
      "seq": 524,
      "type": "dispose",
      "label": "29",
      "ts": 121267,
      "detail": {}
    },
    {
      "seq": 525,
      "type": "advance",
      "label": "52",
      "ts": 121268,
      "detail": {
        "headBefore": [
          8,
          0
        ],
        "headAfter": [
          8,
          -1
        ],
        "tailBefore": [
          8,
          1
        ],
        "tailAfter": [
          8,
          0
        ],
        "dir": "up"
      }
    },
    {
      "seq": 526,
      "type": "advance",
      "label": "52",
      "ts": 121318,
      "detail": {
        "headBefore": [
          8,
          -1
        ],
        "headAfter": [
          8,
          -2
        ],
        "tailBefore": [
          8,
          0
        ],
        "tailAfter": [
          8,
          -1
        ],
        "dir": "up"
      }
    },
    {
      "seq": 527,
      "type": "dispose",
      "label": "52",
      "ts": 121318,
      "detail": {}
    },
    {
      "seq": 528,
      "type": "click",
      "label": "18",
      "ts": 123619,
      "detail": {}
    },
    {
      "seq": 529,
      "type": "advance",
      "label": "18",
      "ts": 123620,
      "detail": {
        "headBefore": [
          9,
          10
        ],
        "headAfter": [
          9,
          11
        ],
        "tailBefore": [
          9,
          7
        ],
        "tailAfter": [
          9,
          8
        ],
        "dir": "down"
      }
    },
    {
      "seq": 530,
      "type": "advance",
      "label": "18",
      "ts": 123670,
      "detail": {
        "headBefore": [
          9,
          11
        ],
        "headAfter": [
          9,
          12
        ],
        "tailBefore": [
          9,
          8
        ],
        "tailAfter": [
          10,
          8
        ],
        "dir": "down"
      }
    },
    {
      "seq": 531,
      "type": "advance",
      "label": "18",
      "ts": 123719,
      "detail": {
        "headBefore": [
          9,
          12
        ],
        "headAfter": [
          9,
          13
        ],
        "tailBefore": [
          10,
          8
        ],
        "tailAfter": [
          10,
          9
        ],
        "dir": "down"
      }
    },
    {
      "seq": 532,
      "type": "advance",
      "label": "18",
      "ts": 123769,
      "detail": {
        "headBefore": [
          9,
          13
        ],
        "headAfter": [
          9,
          14
        ],
        "tailBefore": [
          10,
          9
        ],
        "tailAfter": [
          9,
          9
        ],
        "dir": "down"
      }
    },
    {
      "seq": 533,
      "type": "advance",
      "label": "18",
      "ts": 123819,
      "detail": {
        "headBefore": [
          9,
          14
        ],
        "headAfter": [
          9,
          15
        ],
        "tailBefore": [
          9,
          9
        ],
        "tailAfter": [
          9,
          10
        ],
        "dir": "down"
      }
    },
    {
      "seq": 534,
      "type": "advance",
      "label": "18",
      "ts": 123886,
      "detail": {
        "headBefore": [
          9,
          15
        ],
        "headAfter": [
          9,
          16
        ],
        "tailBefore": [
          9,
          10
        ],
        "tailAfter": [
          9,
          11
        ],
        "dir": "down"
      }
    },
    {
      "seq": 535,
      "type": "advance",
      "label": "18",
      "ts": 123936,
      "detail": {
        "headBefore": [
          9,
          16
        ],
        "headAfter": [
          9,
          17
        ],
        "tailBefore": [
          9,
          11
        ],
        "tailAfter": [
          9,
          12
        ],
        "dir": "down"
      }
    },
    {
      "seq": 536,
      "type": "advance",
      "label": "18",
      "ts": 123986,
      "detail": {
        "headBefore": [
          9,
          17
        ],
        "headAfter": [
          9,
          18
        ],
        "tailBefore": [
          9,
          12
        ],
        "tailAfter": [
          9,
          13
        ],
        "dir": "down"
      }
    },
    {
      "seq": 537,
      "type": "advance",
      "label": "18",
      "ts": 124036,
      "detail": {
        "headBefore": [
          9,
          18
        ],
        "headAfter": [
          9,
          19
        ],
        "tailBefore": [
          9,
          13
        ],
        "tailAfter": [
          9,
          14
        ],
        "dir": "down"
      }
    },
    {
      "seq": 538,
      "type": "advance",
      "label": "18",
      "ts": 124086,
      "detail": {
        "headBefore": [
          9,
          19
        ],
        "headAfter": [
          9,
          20
        ],
        "tailBefore": [
          9,
          14
        ],
        "tailAfter": [
          9,
          15
        ],
        "dir": "down"
      }
    },
    {
      "seq": 539,
      "type": "advance",
      "label": "18",
      "ts": 124136,
      "detail": {
        "headBefore": [
          9,
          20
        ],
        "headAfter": [
          9,
          21
        ],
        "tailBefore": [
          9,
          15
        ],
        "tailAfter": [
          9,
          16
        ],
        "dir": "down"
      }
    },
    {
      "seq": 540,
      "type": "advance",
      "label": "18",
      "ts": 124187,
      "detail": {
        "headBefore": [
          9,
          21
        ],
        "headAfter": [
          9,
          22
        ],
        "tailBefore": [
          9,
          16
        ],
        "tailAfter": [
          9,
          17
        ],
        "dir": "down"
      }
    },
    {
      "seq": 541,
      "type": "advance",
      "label": "18",
      "ts": 124237,
      "detail": {
        "headBefore": [
          9,
          22
        ],
        "headAfter": [
          9,
          23
        ],
        "tailBefore": [
          9,
          17
        ],
        "tailAfter": [
          9,
          18
        ],
        "dir": "down"
      }
    },
    {
      "seq": 542,
      "type": "advance",
      "label": "18",
      "ts": 124286,
      "detail": {
        "headBefore": [
          9,
          23
        ],
        "headAfter": [
          9,
          24
        ],
        "tailBefore": [
          9,
          18
        ],
        "tailAfter": [
          9,
          19
        ],
        "dir": "down"
      }
    },
    {
      "seq": 543,
      "type": "advance",
      "label": "18",
      "ts": 124336,
      "detail": {
        "headBefore": [
          9,
          24
        ],
        "headAfter": [
          9,
          25
        ],
        "tailBefore": [
          9,
          19
        ],
        "tailAfter": [
          9,
          20
        ],
        "dir": "down"
      }
    },
    {
      "seq": 544,
      "type": "advance",
      "label": "18",
      "ts": 124387,
      "detail": {
        "headBefore": [
          9,
          25
        ],
        "headAfter": [
          9,
          26
        ],
        "tailBefore": [
          9,
          20
        ],
        "tailAfter": [
          9,
          21
        ],
        "dir": "down"
      }
    },
    {
      "seq": 545,
      "type": "advance",
      "label": "18",
      "ts": 124437,
      "detail": {
        "headBefore": [
          9,
          26
        ],
        "headAfter": [
          9,
          27
        ],
        "tailBefore": [
          9,
          21
        ],
        "tailAfter": [
          9,
          22
        ],
        "dir": "down"
      }
    },
    {
      "seq": 546,
      "type": "advance",
      "label": "18",
      "ts": 124486,
      "detail": {
        "headBefore": [
          9,
          27
        ],
        "headAfter": [
          9,
          28
        ],
        "tailBefore": [
          9,
          22
        ],
        "tailAfter": [
          9,
          23
        ],
        "dir": "down"
      }
    },
    {
      "seq": 547,
      "type": "advance",
      "label": "18",
      "ts": 124537,
      "detail": {
        "headBefore": [
          9,
          28
        ],
        "headAfter": [
          9,
          29
        ],
        "tailBefore": [
          9,
          23
        ],
        "tailAfter": [
          9,
          24
        ],
        "dir": "down"
      }
    },
    {
      "seq": 548,
      "type": "dispose",
      "label": "18",
      "ts": 124537,
      "detail": {}
    }
  ],
  "currentState": {
    "totalLines": 60,
    "solvable": false,
    "lines": [
      {
        "index": 0,
        "label": "1",
        "round": "1",
        "flyDir": "up",
        "headCol": 2,
        "headRow": -8,
        "tailCol": 4,
        "tailRow": 3,
        "stepCount": 0,
        "path": "left×1 → up×1 → right×1 → up×1 → left×2 → up×1",
        "disposed": true
      },
      {
        "index": 1,
        "label": "2",
        "round": "1",
        "flyDir": "left",
        "headCol": -4,
        "headRow": 0,
        "tailCol": 0,
        "tailRow": 1,
        "stepCount": 0,
        "path": "right×1 → up×1 → left×1",
        "disposed": true
      },
      {
        "index": 2,
        "label": "3",
        "round": "1",
        "flyDir": "left",
        "headCol": -5,
        "headRow": 2,
        "tailCol": 7,
        "tailRow": 0,
        "stepCount": 0,
        "path": "left×1 → down×2 → left×1",
        "disposed": true
      },
      {
        "index": 3,
        "label": "4",
        "round": "1",
        "flyDir": "up",
        "headCol": 7,
        "headRow": -9,
        "tailCol": 11,
        "tailRow": 1,
        "stepCount": 0,
        "path": "left×1 → up×1 → left×2 → down×2 → left×1 → up×1",
        "disposed": true
      },
      {
        "index": 4,
        "label": "5",
        "round": "1",
        "flyDir": "right",
        "headCol": 35,
        "headRow": 17,
        "tailCol": 1,
        "tailRow": 22,
        "stepCount": 0,
        "path": "down×1 → right×4 → up×2 → right×3 → up×2 → right×3 → up×1 → left×1 → up×1 → right×3",
        "disposed": true
      },
      {
        "index": 5,
        "label": "6",
        "round": "1",
        "flyDir": "down",
        "headCol": 10,
        "headRow": 35,
        "tailCol": 12,
        "tailRow": 20,
        "stepCount": 0,
        "path": "down×2 → left×1 → up×2 → left×1 → down×1 → left×1 → down×1 → right×1 → down×1",
        "disposed": true
      },
      {
        "index": 6,
        "label": "7",
        "round": "1",
        "flyDir": "down",
        "headCol": 5,
        "headRow": 1,
        "tailCol": 3,
        "tailRow": 0,
        "stepCount": 3,
        "path": "right×2 → down×1",
        "disposed": false
      },
      {
        "index": 7,
        "label": "8",
        "round": "1",
        "flyDir": "up",
        "headCol": 8,
        "headRow": 22,
        "tailCol": 6,
        "tailRow": 23,
        "stepCount": 5,
        "path": "up×1 → right×1 → down×1 → right×1 → up×1",
        "disposed": false
      },
      {
        "index": 8,
        "label": "9",
        "round": "1",
        "flyDir": "down",
        "headCol": 4,
        "headRow": 28,
        "tailCol": 3,
        "tailRow": 19,
        "stepCount": 0,
        "path": "down×2 → right×1 → down×1",
        "disposed": true
      },
      {
        "index": 9,
        "label": "10",
        "round": "1",
        "flyDir": "right",
        "headCol": 15,
        "headRow": 13,
        "tailCol": 12,
        "tailRow": 13,
        "stepCount": 0,
        "path": "right×1",
        "disposed": true
      },
      {
        "index": 10,
        "label": "11",
        "round": "1",
        "flyDir": "down",
        "headCol": 12,
        "headRow": 30,
        "tailCol": 13,
        "tailRow": 22,
        "stepCount": 0,
        "path": "up×4 → left×1 → down×1",
        "disposed": true
      },
      {
        "index": 11,
        "label": "12",
        "round": "1",
        "flyDir": "right",
        "headCol": 26,
        "headRow": 12,
        "tailCol": 11,
        "tailRow": 14,
        "stepCount": 0,
        "path": "up×1 → left×1 → up×1 → left×1 → up×1 → right×1 → up×1 → right×1 → down×1 → right×1 → down×1 → right×1",
        "disposed": true
      },
      {
        "index": 12,
        "label": "13",
        "round": "1",
        "flyDir": "down",
        "headCol": 4,
        "headRow": 29,
        "tailCol": 2,
        "tailRow": 17,
        "stepCount": 0,
        "path": "right×1 → down×1 → right×1 → down×2",
        "disposed": true
      },
      {
        "index": 13,
        "label": "14",
        "round": "1",
        "flyDir": "down",
        "headCol": 11,
        "headRow": 28,
        "tailCol": 10,
        "tailRow": 6,
        "stepCount": 0,
        "path": "down×1 → right×1 → down×2",
        "disposed": true
      },
      {
        "index": 14,
        "label": "15",
        "round": "1",
        "flyDir": "down",
        "headCol": 9,
        "headRow": 28,
        "tailCol": 10,
        "tailRow": 15,
        "stepCount": 0,
        "path": "left×1 → down×3",
        "disposed": true
      },
      {
        "index": 15,
        "label": "16",
        "round": "1",
        "flyDir": "right",
        "headCol": 27,
        "headRow": 20,
        "tailCol": 6,
        "tailRow": 12,
        "stepCount": 0,
        "path": "right×1 → down×2 → left×1 → down×2 → right×1 → down×2 → left×1 → down×2 → right×1",
        "disposed": true
      },
      {
        "index": 16,
        "label": "17",
        "round": "1",
        "flyDir": "right",
        "headCol": 18,
        "headRow": 16,
        "tailCol": 13,
        "tailRow": 14,
        "stepCount": 0,
        "path": "down×1 → left×1 → down×1 → right×1",
        "disposed": true
      },
      {
        "index": 17,
        "label": "18",
        "round": "1",
        "flyDir": "down",
        "headCol": 9,
        "headRow": 29,
        "tailCol": 9,
        "tailRow": 7,
        "stepCount": 0,
        "path": "down×1 → right×1 → down×1 → left×1 → down×1",
        "disposed": true
      },
      {
        "index": 18,
        "label": "19",
        "round": "1",
        "flyDir": "up",
        "headCol": 11,
        "headRow": -2,
        "tailCol": 11,
        "tailRow": 3,
        "stepCount": 0,
        "path": "up×1",
        "disposed": true
      },
      {
        "index": 19,
        "label": "20",
        "round": "1",
        "flyDir": "down",
        "headCol": 13,
        "headRow": 30,
        "tailCol": 13,
        "tailRow": 7,
        "stepCount": 0,
        "path": "left×1 → down×1 → right×1 → down×3",
        "disposed": true
      },
      {
        "index": 20,
        "label": "21",
        "round": "1",
        "flyDir": "right",
        "headCol": 10,
        "headRow": 3,
        "tailCol": 9,
        "tailRow": 1,
        "stepCount": 3,
        "path": "down×2 → right×1",
        "disposed": false
      },
      {
        "index": 21,
        "label": "22",
        "round": "1",
        "flyDir": "down",
        "headCol": 4,
        "headRow": 28,
        "tailCol": 3,
        "tailRow": 14,
        "stepCount": 0,
        "path": "right×1 → down×3",
        "disposed": true
      },
      {
        "index": 22,
        "label": "23",
        "round": "1",
        "flyDir": "left",
        "headCol": -5,
        "headRow": 15,
        "tailCol": 1,
        "tailRow": 16,
        "stepCount": 0,
        "path": "right×1 → up×1 → left×2",
        "disposed": true
      },
      {
        "index": 23,
        "label": "24",
        "round": "1",
        "flyDir": "up",
        "headCol": 7,
        "headRow": -5,
        "tailCol": 6,
        "tailRow": 6,
        "stepCount": 0,
        "path": "up×2 → right×1 → up×1",
        "disposed": true
      },
      {
        "index": 24,
        "label": "25",
        "round": "1",
        "flyDir": "right",
        "headCol": 2,
        "headRow": 3,
        "tailCol": 3,
        "tailRow": 7,
        "stepCount": 15,
        "path": "down×2 → right×1 → up×3 → left×1 → up×2 → left×1 → down×1 → left×1 → up×2 → right×1",
        "disposed": false
      },
      {
        "index": 25,
        "label": "26",
        "round": "1",
        "flyDir": "right",
        "headCol": 3,
        "headRow": 22,
        "tailCol": 2,
        "tailRow": 22,
        "stepCount": 1,
        "path": "right×1",
        "disposed": false
      },
      {
        "index": 26,
        "label": "27",
        "round": "1",
        "flyDir": "down",
        "headCol": 0,
        "headRow": 26,
        "tailCol": 0,
        "tailRow": 21,
        "stepCount": 0,
        "path": "down×2",
        "disposed": true
      },
      {
        "index": 27,
        "label": "28",
        "round": "1",
        "flyDir": "down",
        "headCol": 0,
        "headRow": 28,
        "tailCol": 0,
        "tailRow": 12,
        "stepCount": 0,
        "path": "right×1 → down×1 → left×1 → down×1",
        "disposed": true
      },
      {
        "index": 28,
        "label": "29",
        "round": "1",
        "flyDir": "up",
        "headCol": 7,
        "headRow": -10,
        "tailCol": 6,
        "tailRow": 11,
        "stepCount": 0,
        "path": "right×1 → up×1 → left×1 → up×2 → right×1 → up×3",
        "disposed": true
      },
      {
        "index": 29,
        "label": "30",
        "round": "1",
        "flyDir": "left",
        "headCol": -11,
        "headRow": 14,
        "tailCol": 3,
        "tailRow": 12,
        "stepCount": 0,
        "path": "left×1 → up×1 → right×2 → down×2 → left×2 → down×1 → left×1",
        "disposed": true
      },
      {
        "index": 30,
        "label": "31",
        "round": "1",
        "flyDir": "down",
        "headCol": 2,
        "headRow": 21,
        "tailCol": 2,
        "tailRow": 19,
        "stepCount": 2,
        "path": "down×2",
        "disposed": false
      },
      {
        "index": 31,
        "label": "32",
        "round": "1",
        "flyDir": "up",
        "headCol": 9,
        "headRow": 4,
        "tailCol": 12,
        "tailRow": 4,
        "stepCount": 5,
        "path": "left×2 → down×1 → left×1 → up×1",
        "disposed": false
      },
      {
        "index": 32,
        "label": "33",
        "round": "1",
        "flyDir": "right",
        "headCol": 2,
        "headRow": 6,
        "tailCol": 2,
        "tailRow": 9,
        "stepCount": 5,
        "path": "up×2 → left×1 → up×1 → right×1",
        "disposed": false
      },
      {
        "index": 33,
        "label": "34",
        "round": "1",
        "flyDir": "right",
        "headCol": 15,
        "headRow": 18,
        "tailCol": 1,
        "tailRow": 18,
        "stepCount": 0,
        "path": "right×1",
        "disposed": true
      },
      {
        "index": 34,
        "label": "35",
        "round": "1",
        "flyDir": "left",
        "headCol": -5,
        "headRow": 11,
        "tailCol": 1,
        "tailRow": 8,
        "stepCount": 0,
        "path": "down×3 → left×1",
        "disposed": true
      },
      {
        "index": 35,
        "label": "36",
        "round": "1",
        "flyDir": "left",
        "headCol": -2,
        "headRow": 10,
        "tailCol": 3,
        "tailRow": 10,
        "stepCount": 0,
        "path": "left×1",
        "disposed": true
      },
      {
        "index": 36,
        "label": "37",
        "round": "1",
        "flyDir": "down",
        "headCol": 1,
        "headRow": 26,
        "tailCol": 1,
        "tailRow": 19,
        "stepCount": 0,
        "path": "down×2",
        "disposed": true
      },
      {
        "index": 37,
        "label": "38",
        "round": "1",
        "flyDir": "right",
        "headCol": 15,
        "headRow": 1,
        "tailCol": 12,
        "tailRow": 1,
        "stepCount": 0,
        "path": "right×1",
        "disposed": true
      },
      {
        "index": 38,
        "label": "39",
        "round": "1",
        "flyDir": "down",
        "headCol": 4,
        "headRow": 5,
        "tailCol": 4,
        "tailRow": 4,
        "stepCount": 1,
        "path": "down×1",
        "disposed": false
      },
      {
        "index": 39,
        "label": "40",
        "round": "1",
        "flyDir": "down",
        "headCol": 12,
        "headRow": 25,
        "tailCol": 12,
        "tailRow": 9,
        "stepCount": 0,
        "path": "down×1",
        "disposed": true
      },
      {
        "index": 40,
        "label": "41",
        "round": "1",
        "flyDir": "right",
        "headCol": 15,
        "headRow": 0,
        "tailCol": 12,
        "tailRow": 0,
        "stepCount": 0,
        "path": "right×1",
        "disposed": true
      },
      {
        "index": 41,
        "label": "42",
        "round": "1",
        "flyDir": "right",
        "headCol": 15,
        "headRow": 5,
        "tailCol": 12,
        "tailRow": 5,
        "stepCount": 0,
        "path": "right×1",
        "disposed": true
      },
      {
        "index": 42,
        "label": "43",
        "round": "1",
        "flyDir": "down",
        "headCol": 3,
        "headRow": 16,
        "tailCol": 3,
        "tailRow": 15,
        "stepCount": 1,
        "path": "down×1",
        "disposed": false
      },
      {
        "index": 43,
        "label": "44",
        "round": "1",
        "flyDir": "right",
        "headCol": 15,
        "headRow": 2,
        "tailCol": 12,
        "tailRow": 2,
        "stepCount": 0,
        "path": "right×1",
        "disposed": true
      },
      {
        "index": 44,
        "label": "45",
        "round": "1-1",
        "flyDir": "right",
        "headCol": 16,
        "headRow": 23,
        "tailCol": 11,
        "tailRow": 23,
        "stepCount": 0,
        "path": "right×2",
        "disposed": true
      },
      {
        "index": 45,
        "label": "46",
        "round": "1-2",
        "flyDir": "down",
        "headCol": 11,
        "headRow": 25,
        "tailCol": 11,
        "tailRow": 15,
        "stepCount": 0,
        "path": "down×1",
        "disposed": true
      },
      {
        "index": 46,
        "label": "47",
        "round": "1-3",
        "flyDir": "down",
        "headCol": 13,
        "headRow": 4,
        "tailCol": 13,
        "tailRow": 3,
        "stepCount": 1,
        "path": "down×1",
        "disposed": false
      },
      {
        "index": 47,
        "label": "48",
        "round": "1-4",
        "flyDir": "up",
        "headCol": 11,
        "headRow": 5,
        "tailCol": 13,
        "tailRow": 6,
        "stepCount": 3,
        "path": "left×2 → up×1",
        "disposed": false
      },
      {
        "index": 48,
        "label": "49",
        "round": "1-5",
        "flyDir": "right",
        "headCol": 15,
        "headRow": 17,
        "tailCol": 0,
        "tailRow": 17,
        "stepCount": 0,
        "path": "right×1",
        "disposed": true
      },
      {
        "index": 49,
        "label": "50",
        "round": "1-5",
        "flyDir": "down",
        "headCol": 0,
        "headRow": 26,
        "tailCol": 0,
        "tailRow": 18,
        "stepCount": 0,
        "path": "down×2",
        "disposed": true
      },
      {
        "index": 50,
        "label": "51",
        "round": "1-6",
        "flyDir": "down",
        "headCol": 0,
        "headRow": 33,
        "tailCol": 1,
        "tailRow": 2,
        "stepCount": 0,
        "path": "left×1 → down×8",
        "disposed": true
      },
      {
        "index": 51,
        "label": "52",
        "round": "1-7",
        "flyDir": "up",
        "headCol": 8,
        "headRow": -2,
        "tailCol": 8,
        "tailRow": 4,
        "stepCount": 0,
        "path": "up×1",
        "disposed": true
      },
      {
        "index": 52,
        "label": "53",
        "round": "1-7",
        "flyDir": "down",
        "headCol": 9,
        "headRow": 27,
        "tailCol": 8,
        "tailRow": 14,
        "stepCount": 0,
        "path": "up×1 → right×1 → down×1",
        "disposed": true
      },
      {
        "index": 53,
        "label": "54",
        "round": "1-7",
        "flyDir": "right",
        "headCol": 15,
        "headRow": 15,
        "tailCol": 7,
        "tailRow": 15,
        "stepCount": 0,
        "path": "right×1",
        "disposed": true
      },
      {
        "index": 54,
        "label": "55",
        "round": "1-7",
        "flyDir": "right",
        "headCol": 9,
        "headRow": 6,
        "tailCol": 8,
        "tailRow": 11,
        "stepCount": 6,
        "path": "up×5 → right×1",
        "disposed": false
      },
      {
        "index": 55,
        "label": "56",
        "round": "1-8",
        "flyDir": "right",
        "headCol": 20,
        "headRow": 17,
        "tailCol": 6,
        "tailRow": 13,
        "stepCount": 0,
        "path": "left×1 → down×4 → right×1",
        "disposed": true
      },
      {
        "index": 56,
        "label": "57",
        "round": "1-8",
        "flyDir": "right",
        "headCol": 6,
        "headRow": 3,
        "tailCol": 5,
        "tailRow": 4,
        "stepCount": 2,
        "path": "up×1 → right×1",
        "disposed": false
      },
      {
        "index": 57,
        "label": "58",
        "round": "1-8",
        "flyDir": "down",
        "headCol": 5,
        "headRow": 28,
        "tailCol": 5,
        "tailRow": 8,
        "stepCount": 0,
        "path": "down×4",
        "disposed": true
      },
      {
        "index": 58,
        "label": "59",
        "round": "1-8",
        "flyDir": "down",
        "headCol": 5,
        "headRow": 26,
        "tailCol": 5,
        "tailRow": 5,
        "stepCount": 0,
        "path": "down×2",
        "disposed": true
      },
      {
        "index": 59,
        "label": "60",
        "round": "1-8-1",
        "flyDir": "down",
        "headCol": 5,
        "headRow": 26,
        "tailCol": 5,
        "tailRow": 18,
        "stepCount": 0,
        "path": "down×2",
        "disposed": true
      }
    ],
    "dependencies": {
      "0": null,
      "1": null,
      "2": null,
      "3": null,
      "4": null,
      "5": null,
      "6": 56,
      "7": 54,
      "8": null,
      "9": null,
      "10": null,
      "11": null,
      "12": null,
      "13": null,
      "14": null,
      "15": null,
      "16": null,
      "17": null,
      "18": null,
      "19": null,
      "20": 46,
      "21": null,
      "22": null,
      "23": null,
      "24": 56,
      "25": 7,
      "26": null,
      "27": null,
      "28": null,
      "29": null,
      "30": 25,
      "31": 20,
      "32": 24,
      "33": null,
      "34": null,
      "35": null,
      "36": null,
      "37": null,
      "38": 24,
      "39": null,
      "40": null,
      "41": null,
      "42": 25,
      "43": null,
      "44": null,
      "45": null,
      "46": 47,
      "47": 31,
      "48": null,
      "49": null,
      "50": null,
      "51": null,
      "52": null,
      "53": null,
      "54": 47,
      "55": null,
      "56": 20,
      "57": null,
      "58": null,
      "59": null
    },
    "cycles": [
      "20 → 46 → 47 → 31 → 20"
    ]
  }
}