{
  "meta": {
    "version": 1,
    "exportedAt": "2026-06-16T05:01:15.754Z",
    "config": {
      "cols": 14,
      "rows": 24,
      "spacing": 25
    }
  },
  "initialState": {
    "totalLines": 55,
    "solvable": true,
    "lines": [
      {
        "index": 0,
        "label": "55",
        "round": "1-9-1",
        "flyDir": "down",
        "headCol": 11,
        "headRow": 13,
        "tailCol": 11,
        "tailRow": 12,
        "stepCount": 1,
        "path": "down×1",
        "disposed": false
      },
      {
        "index": 1,
        "label": "54",
        "round": "1-8-1",
        "flyDir": "left",
        "headCol": 4,
        "headRow": 10,
        "tailCol": 5,
        "tailRow": 9,
        "stepCount": 2,
        "path": "down×1 → left×1",
        "disposed": false
      },
      {
        "index": 2,
        "label": "53",
        "round": "1-7-1",
        "flyDir": "right",
        "headCol": 9,
        "headRow": 1,
        "tailCol": 8,
        "tailRow": 1,
        "stepCount": 1,
        "path": "right×1",
        "disposed": false
      },
      {
        "index": 3,
        "label": "52",
        "round": "1-9",
        "flyDir": "right",
        "headCol": 11,
        "headRow": 17,
        "tailCol": 8,
        "tailRow": 16,
        "stepCount": 10,
        "path": "up×1 → right×2 → up×1 → right×1 → down×2 → left×1 → down×1 → right×1",
        "disposed": false
      },
      {
        "index": 4,
        "label": "51",
        "round": "1-9",
        "flyDir": "right",
        "headCol": 6,
        "headRow": 18,
        "tailCol": 3,
        "tailRow": 19,
        "stepCount": 4,
        "path": "right×1 → up×1 → right×2",
        "disposed": false
      },
      {
        "index": 5,
        "label": "50",
        "round": "1-9",
        "flyDir": "left",
        "headCol": 5,
        "headRow": 15,
        "tailCol": 5,
        "tailRow": 16,
        "stepCount": 5,
        "path": "right×2 → up×1 → left×2",
        "disposed": false
      },
      {
        "index": 6,
        "label": "49",
        "round": "1-9",
        "flyDir": "right",
        "headCol": 7,
        "headRow": 17,
        "tailCol": 5,
        "tailRow": 17,
        "stepCount": 2,
        "path": "right×2",
        "disposed": false
      },
      {
        "index": 7,
        "label": "48",
        "round": "1-9",
        "flyDir": "right",
        "headCol": 5,
        "headRow": 20,
        "tailCol": 3,
        "tailRow": 20,
        "stepCount": 2,
        "path": "right×2",
        "disposed": false
      },
      {
        "index": 8,
        "label": "47",
        "round": "1-9",
        "flyDir": "down",
        "headCol": 2,
        "headRow": 20,
        "tailCol": 2,
        "tailRow": 19,
        "stepCount": 1,
        "path": "down×1",
        "disposed": false
      },
      {
        "index": 9,
        "label": "46",
        "round": "1-9",
        "flyDir": "left",
        "headCol": 3,
        "headRow": 17,
        "tailCol": 4,
        "tailRow": 16,
        "stepCount": 2,
        "path": "down×1 → left×1",
        "disposed": false
      },
      {
        "index": 10,
        "label": "45",
        "round": "1-8",
        "flyDir": "right",
        "headCol": 7,
        "headRow": 7,
        "tailCol": 6,
        "tailRow": 7,
        "stepCount": 1,
        "path": "right×1",
        "disposed": false
      },
      {
        "index": 11,
        "label": "44",
        "round": "1-8",
        "flyDir": "left",
        "headCol": 3,
        "headRow": 9,
        "tailCol": 4,
        "tailRow": 9,
        "stepCount": 1,
        "path": "left×1",
        "disposed": false
      },
      {
        "index": 12,
        "label": "43",
        "round": "1-8",
        "flyDir": "down",
        "headCol": 8,
        "headRow": 10,
        "tailCol": 6,
        "tailRow": 9,
        "stepCount": 5,
        "path": "right×1 → up×1 → right×1 → down×2",
        "disposed": false
      },
      {
        "index": 13,
        "label": "42",
        "round": "1-8",
        "flyDir": "down",
        "headCol": 7,
        "headRow": 11,
        "tailCol": 5,
        "tailRow": 11,
        "stepCount": 4,
        "path": "right×1 → up×1 → right×1 → down×1",
        "disposed": false
      },
      {
        "index": 14,
        "label": "41",
        "round": "1-8",
        "flyDir": "left",
        "headCol": 2,
        "headRow": 14,
        "tailCol": 3,
        "tailRow": 10,
        "stepCount": 7,
        "path": "down×1 → right×1 → down×2 → left×1 → down×1 → left×1",
        "disposed": false
      },
      {
        "index": 15,
        "label": "40",
        "round": "1-8",
        "flyDir": "left",
        "headCol": 4,
        "headRow": 8,
        "tailCol": 6,
        "tailRow": 8,
        "stepCount": 2,
        "path": "left×2",
        "disposed": false
      },
      {
        "index": 16,
        "label": "39",
        "round": "1-8",
        "flyDir": "left",
        "headCol": 4,
        "headRow": 7,
        "tailCol": 5,
        "tailRow": 6,
        "stepCount": 2,
        "path": "down×1 → left×1",
        "disposed": false
      },
      {
        "index": 17,
        "label": "38",
        "round": "1-7",
        "flyDir": "right",
        "headCol": 11,
        "headRow": 1,
        "tailCol": 10,
        "tailRow": 1,
        "stepCount": 1,
        "path": "right×1",
        "disposed": false
      },
      {
        "index": 18,
        "label": "37",
        "round": "1-7",
        "flyDir": "down",
        "headCol": 9,
        "headRow": 5,
        "tailCol": 8,
        "tailRow": 5,
        "stepCount": 5,
        "path": "left×1 → up×1 → right×2 → down×1",
        "disposed": false
      },
      {
        "index": 19,
        "label": "36",
        "round": "1-7",
        "flyDir": "right",
        "headCol": 11,
        "headRow": 5,
        "tailCol": 9,
        "tailRow": 3,
        "stepCount": 4,
        "path": "right×1 → down×2 → right×1",
        "disposed": false
      },
      {
        "index": 20,
        "label": "35",
        "round": "1-6",
        "flyDir": "down",
        "headCol": 2,
        "headRow": 4,
        "tailCol": 5,
        "tailRow": 4,
        "stepCount": 5,
        "path": "left×2 → up×1 → left×1 → down×1",
        "disposed": false
      },
      {
        "index": 21,
        "label": "34",
        "round": "1-5",
        "flyDir": "down",
        "headCol": 0,
        "headRow": 9,
        "tailCol": 0,
        "tailRow": 6,
        "stepCount": 3,
        "path": "down×3",
        "disposed": false
      },
      {
        "index": 22,
        "label": "33",
        "round": "1-4",
        "flyDir": "down",
        "headCol": 13,
        "headRow": 4,
        "tailCol": 12,
        "tailRow": 3,
        "stepCount": 2,
        "path": "right×1 → down×1",
        "disposed": false
      },
      {
        "index": 23,
        "label": "32",
        "round": "1-3",
        "flyDir": "right",
        "headCol": 6,
        "headRow": 23,
        "tailCol": 5,
        "tailRow": 23,
        "stepCount": 1,
        "path": "right×1",
        "disposed": false
      },
      {
        "index": 24,
        "label": "31",
        "round": "1-2",
        "flyDir": "down",
        "headCol": 11,
        "headRow": 9,
        "tailCol": 11,
        "tailRow": 8,
        "stepCount": 1,
        "path": "down×1",
        "disposed": false
      },
      {
        "index": 25,
        "label": "30",
        "round": "1-1",
        "flyDir": "down",
        "headCol": 13,
        "headRow": 12,
        "tailCol": 13,
        "tailRow": 11,
        "stepCount": 1,
        "path": "down×1",
        "disposed": false
      },
      {
        "index": 26,
        "label": "29",
        "round": "1",
        "flyDir": "up",
        "headCol": 3,
        "headRow": 0,
        "tailCol": 3,
        "tailRow": 1,
        "stepCount": 1,
        "path": "up×1",
        "disposed": false
      },
      {
        "index": 27,
        "label": "28",
        "round": "1",
        "flyDir": "down",
        "headCol": 10,
        "headRow": 23,
        "tailCol": 10,
        "tailRow": 22,
        "stepCount": 1,
        "path": "down×1",
        "disposed": false
      },
      {
        "index": 28,
        "label": "27",
        "round": "1",
        "flyDir": "right",
        "headCol": 13,
        "headRow": 18,
        "tailCol": 8,
        "tailRow": 17,
        "stepCount": 8,
        "path": "right×1 → down×2 → right×1 → up×1 → right×3",
        "disposed": false
      },
      {
        "index": 29,
        "label": "26",
        "round": "1",
        "flyDir": "left",
        "headCol": 0,
        "headRow": 4,
        "tailCol": 0,
        "tailRow": 2,
        "stepCount": 4,
        "path": "down×1 → right×1 → down×1 → left×1",
        "disposed": false
      },
      {
        "index": 30,
        "label": "25",
        "round": "1",
        "flyDir": "right",
        "headCol": 13,
        "headRow": 17,
        "tailCol": 12,
        "tailRow": 17,
        "stepCount": 1,
        "path": "right×1",
        "disposed": false
      },
      {
        "index": 31,
        "label": "24",
        "round": "1",
        "flyDir": "down",
        "headCol": 3,
        "headRow": 23,
        "tailCol": 3,
        "tailRow": 22,
        "stepCount": 1,
        "path": "down×1",
        "disposed": false
      },
      {
        "index": 32,
        "label": "23",
        "round": "1",
        "flyDir": "right",
        "headCol": 13,
        "headRow": 13,
        "tailCol": 9,
        "tailRow": 11,
        "stepCount": 18,
        "path": "left×1 → down×1 → left×1 → down×2 → right×2 → up×1 → right×1 → up×3 → right×1 → down×1 → right×1 → down×2 → right×1",
        "disposed": false
      },
      {
        "index": 33,
        "label": "22",
        "round": "1",
        "flyDir": "down",
        "headCol": 4,
        "headRow": 23,
        "tailCol": 7,
        "tailRow": 20,
        "stepCount": 14,
        "path": "left×1 → up×1 → right×1 → up×1 → right×1 → down×3 → left×4 → down×2",
        "disposed": false
      },
      {
        "index": 34,
        "label": "21",
        "round": "1",
        "flyDir": "left",
        "headCol": 0,
        "headRow": 13,
        "tailCol": 3,
        "tailRow": 8,
        "stepCount": 12,
        "path": "up×2 → left×1 → down×7 → left×2",
        "disposed": false
      },
      {
        "index": 35,
        "label": "20",
        "round": "1",
        "flyDir": "down",
        "headCol": 8,
        "headRow": 23,
        "tailCol": 9,
        "tailRow": 23,
        "stepCount": 3,
        "path": "up×1 → left×1 → down×1",
        "disposed": false
      },
      {
        "index": 36,
        "label": "19",
        "round": "1",
        "flyDir": "left",
        "headCol": 0,
        "headRow": 11,
        "tailCol": 0,
        "tailRow": 12,
        "stepCount": 3,
        "path": "right×1 → up×1 → left×1",
        "disposed": false
      },
      {
        "index": 37,
        "label": "18",
        "round": "1",
        "flyDir": "left",
        "headCol": 0,
        "headRow": 17,
        "tailCol": 6,
        "tailRow": 12,
        "stepCount": 15,
        "path": "left×1 → down×1 → right×1 → down×1 → left×2 → down×1 → left×1 → down×1 → left×1 → down×2 → left×1 → up×1 → left×1",
        "disposed": false
      },
      {
        "index": 38,
        "label": "17",
        "round": "1",
        "flyDir": "left",
        "headCol": 0,
        "headRow": 23,
        "tailCol": 3,
        "tailRow": 21,
        "stepCount": 5,
        "path": "left×1 → down×2 → left×2",
        "disposed": false
      },
      {
        "index": 39,
        "label": "16",
        "round": "1",
        "flyDir": "left",
        "headCol": 0,
        "headRow": 22,
        "tailCol": 1,
        "tailRow": 19,
        "stepCount": 6,
        "path": "left×1 → down×1 → right×1 → down×2 → left×1",
        "disposed": false
      },
      {
        "index": 40,
        "label": "15",
        "round": "1",
        "flyDir": "left",
        "headCol": 0,
        "headRow": 14,
        "tailCol": 1,
        "tailRow": 15,
        "stepCount": 2,
        "path": "up×1 → left×1",
        "disposed": false
      },
      {
        "index": 41,
        "label": "14",
        "round": "1",
        "flyDir": "right",
        "headCol": 13,
        "headRow": 19,
        "tailCol": 10,
        "tailRow": 21,
        "stepCount": 7,
        "path": "left×1 → up×1 → right×2 → up×1 → right×2",
        "disposed": false
      },
      {
        "index": 42,
        "label": "13",
        "round": "1",
        "flyDir": "down",
        "headCol": 13,
        "headRow": 23,
        "tailCol": 12,
        "tailRow": 20,
        "stepCount": 4,
        "path": "down×1 → right×1 → down×2",
        "disposed": false
      },
      {
        "index": 43,
        "label": "12",
        "round": "1",
        "flyDir": "left",
        "headCol": 0,
        "headRow": 10,
        "tailCol": 1,
        "tailRow": 7,
        "stepCount": 4,
        "path": "down×3 → left×1",
        "disposed": false
      },
      {
        "index": 44,
        "label": "11",
        "round": "1",
        "flyDir": "left",
        "headCol": 0,
        "headRow": 0,
        "tailCol": 1,
        "tailRow": 0,
        "stepCount": 1,
        "path": "left×1",
        "disposed": false
      },
      {
        "index": 45,
        "label": "10",
        "round": "1",
        "flyDir": "down",
        "headCol": 7,
        "headRow": 23,
        "tailCol": 6,
        "tailRow": 22,
        "stepCount": 2,
        "path": "right×1 → down×1",
        "disposed": false
      },
      {
        "index": 46,
        "label": "9",
        "round": "1",
        "flyDir": "left",
        "headCol": 0,
        "headRow": 16,
        "tailCol": 1,
        "tailRow": 16,
        "stepCount": 1,
        "path": "left×1",
        "disposed": false
      },
      {
        "index": 47,
        "label": "8",
        "round": "1",
        "flyDir": "right",
        "headCol": 13,
        "headRow": 5,
        "tailCol": 9,
        "tailRow": 2,
        "stepCount": 23,
        "path": "left×1 → down×1 → left×1 → up×2 → left×1 → up×1 → right×7 → down×1 → left×1 → down×1 → left×1 → down×2 → right×1 → down×1 → right×1",
        "disposed": false
      },
      {
        "index": 48,
        "label": "7",
        "round": "1",
        "flyDir": "right",
        "headCol": 13,
        "headRow": 16,
        "tailCol": 12,
        "tailRow": 16,
        "stepCount": 1,
        "path": "right×1",
        "disposed": false
      },
      {
        "index": 49,
        "label": "6",
        "round": "1",
        "flyDir": "down",
        "headCol": 12,
        "headRow": 23,
        "tailCol": 11,
        "tailRow": 22,
        "stepCount": 2,
        "path": "right×1 → down×1",
        "disposed": false
      },
      {
        "index": 50,
        "label": "5",
        "round": "1",
        "flyDir": "left",
        "headCol": 0,
        "headRow": 5,
        "tailCol": 5,
        "tailRow": 5,
        "stepCount": 5,
        "path": "left×5",
        "disposed": false
      },
      {
        "index": 51,
        "label": "4",
        "round": "1",
        "flyDir": "right",
        "headCol": 13,
        "headRow": 10,
        "tailCol": 9,
        "tailRow": 10,
        "stepCount": 12,
        "path": "up×1 → right×1 → up×2 → right×3 → down×1 → left×1 → down×2 → right×1",
        "disposed": false
      },
      {
        "index": 52,
        "label": "3",
        "round": "1",
        "flyDir": "right",
        "headCol": 13,
        "headRow": 6,
        "tailCol": 6,
        "tailRow": 4,
        "stepCount": 11,
        "path": "down×2 → right×2 → down×1 → right×1 → up×1 → right×4",
        "disposed": false
      },
      {
        "index": 53,
        "label": "2",
        "round": "1",
        "flyDir": "left",
        "headCol": 0,
        "headRow": 1,
        "tailCol": 4,
        "tailRow": 3,
        "stepCount": 14,
        "path": "right×2 → up×1 → left×1 → up×2 → left×1 → down×2 → left×2 → up×1 → left×2",
        "disposed": false
      },
      {
        "index": 54,
        "label": "1",
        "round": "1",
        "flyDir": "right",
        "headCol": 13,
        "headRow": 15,
        "tailCol": 12,
        "tailRow": 14,
        "stepCount": 2,
        "path": "down×1 → right×1",
        "disposed": false
      }
    ],
    "dependencies": {
      "0": 3,
      "1": 14,
      "2": 17,
      "3": 30,
      "4": 33,
      "5": 37,
      "6": 28,
      "7": 33,
      "8": 38,
      "9": 37,
      "10": 52,
      "11": 34,
      "12": 32,
      "13": 32,
      "14": 40,
      "15": 34,
      "16": 34,
      "17": 47,
      "18": 52,
      "19": 47,
      "20": 50,
      "21": 43,
      "22": 47,
      "23": 45,
      "24": 32,
      "25": 32,
      "26": null,
      "27": null,
      "28": null,
      "29": null,
      "30": null,
      "31": null,
      "32": null,
      "33": null,
      "34": null,
      "35": null,
      "36": null,
      "37": null,
      "38": null,
      "39": null,
      "40": null,
      "41": null,
      "42": null,
      "43": null,
      "44": null,
      "45": null,
      "46": null,
      "47": null,
      "48": null,
      "49": null,
      "50": null,
      "51": null,
      "52": null,
      "53": null,
      "54": null
    },
    "cycles": []
  },
  "summary": {
    "phase": "mid-execution",
    "totalEvents": 573,
    "clicks": 55,
    "advances": 434,
    "retreats": 29,
    "collisions": 6,
    "disposals": 49,
    "linesInBounds": 6,
    "linesOutOfBounds": 0,
    "linesDisposed": 49
  },
  "batches": [
    {
      "round": "1",
      "region": "全棋盘",
      "regionSize": 336,
      "count": 29,
      "labels": "[1-29]",
      "cells": []
    },
    {
      "round": "1-1",
      "region": "空区(2格)",
      "regionSize": 2,
      "count": 1,
      "labels": "[30-30]",
      "cells": [
        [
          13,
          11
        ],
        [
          13,
          12
        ]
      ]
    },
    {
      "round": "1-2",
      "region": "空区(2格)",
      "regionSize": 2,
      "count": 1,
      "labels": "[31-31]",
      "cells": [
        [
          11,
          8
        ],
        [
          11,
          9
        ]
      ]
    },
    {
      "round": "1-3",
      "region": "空区(3格)",
      "regionSize": 3,
      "count": 1,
      "labels": "[32-32]",
      "cells": [
        [
          5,
          22
        ],
        [
          5,
          23
        ],
        [
          6,
          23
        ]
      ]
    },
    {
      "round": "1-4",
      "region": "空区(4格)",
      "regionSize": 4,
      "count": 1,
      "labels": "[33-33]",
      "cells": [
        [
          13,
          2
        ],
        [
          13,
          3
        ],
        [
          12,
          3
        ],
        [
          13,
          4
        ]
      ]
    },
    {
      "round": "1-5",
      "region": "空区(5格)",
      "regionSize": 5,
      "count": 1,
      "labels": "[34-34]",
      "cells": [
        [
          0,
          6
        ],
        [
          1,
          6
        ],
        [
          0,
          7
        ],
        [
          0,
          8
        ],
        [
          0,
          9
        ]
      ]
    },
    {
      "round": "1-6",
      "region": "空区(6格)",
      "regionSize": 6,
      "count": 1,
      "labels": "[35-35]",
      "cells": [
        [
          2,
          3
        ],
        [
          3,
          3
        ],
        [
          2,
          4
        ],
        [
          3,
          4
        ],
        [
          4,
          4
        ],
        [
          5,
          4
        ]
      ]
    },
    {
      "round": "1-7",
      "region": "空区(16格)",
      "regionSize": 16,
      "count": 3,
      "labels": "[36-38]",
      "cells": [
        [
          8,
          1
        ],
        [
          9,
          1
        ],
        [
          10,
          1
        ],
        [
          11,
          1
        ],
        [
          10,
          2
        ],
        [
          10,
          3
        ],
        [
          9,
          3
        ],
        [
          10,
          4
        ],
        [
          9,
          4
        ],
        [
          10,
          5
        ],
        [
          8,
          4
        ],
        [
          9,
          5
        ],
        [
          11,
          5
        ],
        [
          7,
          4
        ],
        [
          8,
          5
        ],
        [
          7,
          5
        ]
      ]
    },
    {
      "round": "1-8",
      "region": "空区(36格)",
      "regionSize": 36,
      "count": 7,
      "labels": "[39-45]",
      "cells": [
        [
          4,
          6
        ],
        [
          5,
          6
        ],
        [
          4,
          7
        ],
        [
          5,
          7
        ],
        [
          4,
          8
        ],
        [
          6,
          7
        ],
        [
          5,
          8
        ],
        [
          4,
          9
        ],
        [
          7,
          7
        ],
        [
          6,
          8
        ],
        [
          5,
          9
        ],
        [
          3,
          9
        ],
        [
          4,
          10
        ],
        [
          7,
          8
        ],
        [
          6,
          9
        ],
        [
          5,
          10
        ],
        [
          3,
          10
        ],
        [
          4,
          11
        ],
        [
          8,
          8
        ],
        [
          7,
          9
        ],
        [
          6,
          10
        ],
        [
          5,
          11
        ],
        [
          3,
          11
        ],
        [
          4,
          12
        ],
        [
          9,
          8
        ],
        [
          8,
          9
        ],
        [
          7,
          10
        ],
        [
          6,
          11
        ],
        [
          3,
          12
        ],
        [
          4,
          13
        ],
        [
          8,
          10
        ],
        [
          7,
          11
        ],
        [
          3,
          13
        ],
        [
          3,
          14
        ],
        [
          2,
          14
        ],
        [
          2,
          15
        ]
      ]
    },
    {
      "round": "1-9",
      "region": "空区(38格)",
      "regionSize": 38,
      "count": 7,
      "labels": "[46-52]",
      "cells": [
        [
          11,
          12
        ],
        [
          11,
          13
        ],
        [
          11,
          14
        ],
        [
          10,
          14
        ],
        [
          11,
          15
        ],
        [
          10,
          15
        ],
        [
          11,
          16
        ],
        [
          9,
          15
        ],
        [
          10,
          16
        ],
        [
          11,
          17
        ],
        [
          8,
          15
        ],
        [
          9,
          16
        ],
        [
          10,
          17
        ],
        [
          7,
          15
        ],
        [
          8,
          16
        ],
        [
          6,
          15
        ],
        [
          7,
          16
        ],
        [
          5,
          15
        ],
        [
          6,
          16
        ],
        [
          7,
          17
        ],
        [
          5,
          16
        ],
        [
          6,
          17
        ],
        [
          4,
          16
        ],
        [
          5,
          17
        ],
        [
          6,
          18
        ],
        [
          4,
          17
        ],
        [
          5,
          18
        ],
        [
          3,
          17
        ],
        [
          4,
          18
        ],
        [
          5,
          19
        ],
        [
          3,
          18
        ],
        [
          4,
          19
        ],
        [
          5,
          20
        ],
        [
          3,
          19
        ],
        [
          4,
          20
        ],
        [
          2,
          19
        ],
        [
          3,
          20
        ],
        [
          2,
          20
        ]
      ]
    },
    {
      "round": "1-7-1",
      "region": "空区(2格)",
      "regionSize": 2,
      "count": 1,
      "labels": "[53-53]",
      "cells": [
        [
          8,
          1
        ],
        [
          9,
          1
        ]
      ]
    },
    {
      "round": "1-8-1",
      "region": "空区(3格)",
      "regionSize": 3,
      "count": 1,
      "labels": "[54-54]",
      "cells": [
        [
          5,
          9
        ],
        [
          5,
          10
        ],
        [
          4,
          10
        ]
      ]
    },
    {
      "round": "1-9-1",
      "region": "空区(2格)",
      "regionSize": 2,
      "count": 1,
      "labels": "[55-55]",
      "cells": [
        [
          11,
          12
        ],
        [
          11,
          13
        ]
      ]
    }
  ],
  "events": [
    {
      "seq": 1,
      "type": "click",
      "label": "1",
      "ts": 1429,
      "detail": {}
    },
    {
      "seq": 2,
      "type": "advance",
      "label": "1",
      "ts": 1430,
      "detail": {
        "headBefore": [
          13,
          15
        ],
        "headAfter": [
          14,
          15
        ],
        "tailBefore": [
          12,
          14
        ],
        "tailAfter": [
          12,
          15
        ],
        "dir": "right"
      }
    },
    {
      "seq": 3,
      "type": "advance",
      "label": "1",
      "ts": 1474,
      "detail": {
        "headBefore": [
          14,
          15
        ],
        "headAfter": [
          15,
          15
        ],
        "tailBefore": [
          12,
          15
        ],
        "tailAfter": [
          13,
          15
        ],
        "dir": "right"
      }
    },
    {
      "seq": 4,
      "type": "advance",
      "label": "1",
      "ts": 1525,
      "detail": {
        "headBefore": [
          15,
          15
        ],
        "headAfter": [
          16,
          15
        ],
        "tailBefore": [
          13,
          15
        ],
        "tailAfter": [
          14,
          15
        ],
        "dir": "right"
      }
    },
    {
      "seq": 5,
      "type": "dispose",
      "label": "1",
      "ts": 1525,
      "detail": {}
    },
    {
      "seq": 6,
      "type": "click",
      "label": "2",
      "ts": 1924,
      "detail": {}
    },
    {
      "seq": 7,
      "type": "advance",
      "label": "2",
      "ts": 1925,
      "detail": {
        "headBefore": [
          0,
          1
        ],
        "headAfter": [
          -1,
          1
        ],
        "tailBefore": [
          4,
          3
        ],
        "tailAfter": [
          5,
          3
        ],
        "dir": "left"
      }
    },
    {
      "seq": 8,
      "type": "advance",
      "label": "2",
      "ts": 1975,
      "detail": {
        "headBefore": [
          -1,
          1
        ],
        "headAfter": [
          -2,
          1
        ],
        "tailBefore": [
          5,
          3
        ],
        "tailAfter": [
          6,
          3
        ],
        "dir": "left"
      }
    },
    {
      "seq": 9,
      "type": "advance",
      "label": "2",
      "ts": 2025,
      "detail": {
        "headBefore": [
          -2,
          1
        ],
        "headAfter": [
          -3,
          1
        ],
        "tailBefore": [
          6,
          3
        ],
        "tailAfter": [
          6,
          2
        ],
        "dir": "left"
      }
    },
    {
      "seq": 10,
      "type": "advance",
      "label": "2",
      "ts": 2092,
      "detail": {
        "headBefore": [
          -3,
          1
        ],
        "headAfter": [
          -4,
          1
        ],
        "tailBefore": [
          6,
          2
        ],
        "tailAfter": [
          5,
          2
        ],
        "dir": "left"
      }
    },
    {
      "seq": 11,
      "type": "advance",
      "label": "2",
      "ts": 2142,
      "detail": {
        "headBefore": [
          -4,
          1
        ],
        "headAfter": [
          -5,
          1
        ],
        "tailBefore": [
          5,
          2
        ],
        "tailAfter": [
          5,
          1
        ],
        "dir": "left"
      }
    },
    {
      "seq": 12,
      "type": "advance",
      "label": "2",
      "ts": 2191,
      "detail": {
        "headBefore": [
          -5,
          1
        ],
        "headAfter": [
          -6,
          1
        ],
        "tailBefore": [
          5,
          1
        ],
        "tailAfter": [
          5,
          0
        ],
        "dir": "left"
      }
    },
    {
      "seq": 13,
      "type": "advance",
      "label": "2",
      "ts": 2242,
      "detail": {
        "headBefore": [
          -6,
          1
        ],
        "headAfter": [
          -7,
          1
        ],
        "tailBefore": [
          5,
          0
        ],
        "tailAfter": [
          4,
          0
        ],
        "dir": "left"
      }
    },
    {
      "seq": 14,
      "type": "advance",
      "label": "2",
      "ts": 2292,
      "detail": {
        "headBefore": [
          -7,
          1
        ],
        "headAfter": [
          -8,
          1
        ],
        "tailBefore": [
          4,
          0
        ],
        "tailAfter": [
          4,
          1
        ],
        "dir": "left"
      }
    },
    {
      "seq": 15,
      "type": "advance",
      "label": "2",
      "ts": 2342,
      "detail": {
        "headBefore": [
          -8,
          1
        ],
        "headAfter": [
          -9,
          1
        ],
        "tailBefore": [
          4,
          1
        ],
        "tailAfter": [
          4,
          2
        ],
        "dir": "left"
      }
    },
    {
      "seq": 16,
      "type": "advance",
      "label": "2",
      "ts": 2392,
      "detail": {
        "headBefore": [
          -9,
          1
        ],
        "headAfter": [
          -10,
          1
        ],
        "tailBefore": [
          4,
          2
        ],
        "tailAfter": [
          3,
          2
        ],
        "dir": "left"
      }
    },
    {
      "seq": 17,
      "type": "click",
      "label": "3",
      "ts": 2424,
      "detail": {}
    },
    {
      "seq": 18,
      "type": "advance",
      "label": "3",
      "ts": 2425,
      "detail": {
        "headBefore": [
          13,
          6
        ],
        "headAfter": [
          14,
          6
        ],
        "tailBefore": [
          6,
          4
        ],
        "tailAfter": [
          6,
          5
        ],
        "dir": "right"
      }
    },
    {
      "seq": 19,
      "type": "advance",
      "label": "2",
      "ts": 2442,
      "detail": {
        "headBefore": [
          -10,
          1
        ],
        "headAfter": [
          -11,
          1
        ],
        "tailBefore": [
          3,
          2
        ],
        "tailAfter": [
          2,
          2
        ],
        "dir": "left"
      }
    },
    {
      "seq": 20,
      "type": "advance",
      "label": "3",
      "ts": 2475,
      "detail": {
        "headBefore": [
          14,
          6
        ],
        "headAfter": [
          15,
          6
        ],
        "tailBefore": [
          6,
          5
        ],
        "tailAfter": [
          6,
          6
        ],
        "dir": "right"
      }
    },
    {
      "seq": 21,
      "type": "advance",
      "label": "2",
      "ts": 2492,
      "detail": {
        "headBefore": [
          -11,
          1
        ],
        "headAfter": [
          -12,
          1
        ],
        "tailBefore": [
          2,
          2
        ],
        "tailAfter": [
          2,
          1
        ],
        "dir": "left"
      }
    },
    {
      "seq": 22,
      "type": "advance",
      "label": "3",
      "ts": 2526,
      "detail": {
        "headBefore": [
          15,
          6
        ],
        "headAfter": [
          16,
          6
        ],
        "tailBefore": [
          6,
          6
        ],
        "tailAfter": [
          7,
          6
        ],
        "dir": "right"
      }
    },
    {
      "seq": 23,
      "type": "advance",
      "label": "2",
      "ts": 2542,
      "detail": {
        "headBefore": [
          -12,
          1
        ],
        "headAfter": [
          -13,
          1
        ],
        "tailBefore": [
          2,
          1
        ],
        "tailAfter": [
          1,
          1
        ],
        "dir": "left"
      }
    },
    {
      "seq": 24,
      "type": "advance",
      "label": "3",
      "ts": 2575,
      "detail": {
        "headBefore": [
          16,
          6
        ],
        "headAfter": [
          17,
          6
        ],
        "tailBefore": [
          7,
          6
        ],
        "tailAfter": [
          8,
          6
        ],
        "dir": "right"
      }
    },
    {
      "seq": 25,
      "type": "advance",
      "label": "2",
      "ts": 2592,
      "detail": {
        "headBefore": [
          -13,
          1
        ],
        "headAfter": [
          -14,
          1
        ],
        "tailBefore": [
          1,
          1
        ],
        "tailAfter": [
          0,
          1
        ],
        "dir": "left"
      }
    },
    {
      "seq": 26,
      "type": "advance",
      "label": "3",
      "ts": 2625,
      "detail": {
        "headBefore": [
          17,
          6
        ],
        "headAfter": [
          18,
          6
        ],
        "tailBefore": [
          8,
          6
        ],
        "tailAfter": [
          8,
          7
        ],
        "dir": "right"
      }
    },
    {
      "seq": 27,
      "type": "advance",
      "label": "2",
      "ts": 2642,
      "detail": {
        "headBefore": [
          -14,
          1
        ],
        "headAfter": [
          -15,
          1
        ],
        "tailBefore": [
          0,
          1
        ],
        "tailAfter": [
          -1,
          1
        ],
        "dir": "left"
      }
    },
    {
      "seq": 28,
      "type": "dispose",
      "label": "2",
      "ts": 2642,
      "detail": {}
    },
    {
      "seq": 29,
      "type": "advance",
      "label": "3",
      "ts": 2675,
      "detail": {
        "headBefore": [
          18,
          6
        ],
        "headAfter": [
          19,
          6
        ],
        "tailBefore": [
          8,
          7
        ],
        "tailAfter": [
          9,
          7
        ],
        "dir": "right"
      }
    },
    {
      "seq": 30,
      "type": "advance",
      "label": "3",
      "ts": 2725,
      "detail": {
        "headBefore": [
          19,
          6
        ],
        "headAfter": [
          20,
          6
        ],
        "tailBefore": [
          9,
          7
        ],
        "tailAfter": [
          9,
          6
        ],
        "dir": "right"
      }
    },
    {
      "seq": 31,
      "type": "advance",
      "label": "3",
      "ts": 2776,
      "detail": {
        "headBefore": [
          20,
          6
        ],
        "headAfter": [
          21,
          6
        ],
        "tailBefore": [
          9,
          6
        ],
        "tailAfter": [
          10,
          6
        ],
        "dir": "right"
      }
    },
    {
      "seq": 32,
      "type": "advance",
      "label": "3",
      "ts": 2825,
      "detail": {
        "headBefore": [
          21,
          6
        ],
        "headAfter": [
          22,
          6
        ],
        "tailBefore": [
          10,
          6
        ],
        "tailAfter": [
          11,
          6
        ],
        "dir": "right"
      }
    },
    {
      "seq": 33,
      "type": "advance",
      "label": "3",
      "ts": 2892,
      "detail": {
        "headBefore": [
          22,
          6
        ],
        "headAfter": [
          23,
          6
        ],
        "tailBefore": [
          11,
          6
        ],
        "tailAfter": [
          12,
          6
        ],
        "dir": "right"
      }
    },
    {
      "seq": 34,
      "type": "click",
      "label": "4",
      "ts": 2925,
      "detail": {}
    },
    {
      "seq": 35,
      "type": "advance",
      "label": "4",
      "ts": 2926,
      "detail": {
        "headBefore": [
          13,
          10
        ],
        "headAfter": [
          14,
          10
        ],
        "tailBefore": [
          9,
          10
        ],
        "tailAfter": [
          9,
          9
        ],
        "dir": "right"
      }
    },
    {
      "seq": 36,
      "type": "advance",
      "label": "3",
      "ts": 2942,
      "detail": {
        "headBefore": [
          23,
          6
        ],
        "headAfter": [
          24,
          6
        ],
        "tailBefore": [
          12,
          6
        ],
        "tailAfter": [
          13,
          6
        ],
        "dir": "right"
      }
    },
    {
      "seq": 37,
      "type": "advance",
      "label": "4",
      "ts": 2976,
      "detail": {
        "headBefore": [
          14,
          10
        ],
        "headAfter": [
          15,
          10
        ],
        "tailBefore": [
          9,
          9
        ],
        "tailAfter": [
          10,
          9
        ],
        "dir": "right"
      }
    },
    {
      "seq": 38,
      "type": "advance",
      "label": "3",
      "ts": 2992,
      "detail": {
        "headBefore": [
          24,
          6
        ],
        "headAfter": [
          25,
          6
        ],
        "tailBefore": [
          13,
          6
        ],
        "tailAfter": [
          14,
          6
        ],
        "dir": "right"
      }
    },
    {
      "seq": 39,
      "type": "dispose",
      "label": "3",
      "ts": 2992,
      "detail": {}
    },
    {
      "seq": 40,
      "type": "advance",
      "label": "4",
      "ts": 3026,
      "detail": {
        "headBefore": [
          15,
          10
        ],
        "headAfter": [
          16,
          10
        ],
        "tailBefore": [
          10,
          9
        ],
        "tailAfter": [
          10,
          8
        ],
        "dir": "right"
      }
    },
    {
      "seq": 41,
      "type": "advance",
      "label": "4",
      "ts": 3076,
      "detail": {
        "headBefore": [
          16,
          10
        ],
        "headAfter": [
          17,
          10
        ],
        "tailBefore": [
          10,
          8
        ],
        "tailAfter": [
          10,
          7
        ],
        "dir": "right"
      }
    },
    {
      "seq": 42,
      "type": "advance",
      "label": "4",
      "ts": 3126,
      "detail": {
        "headBefore": [
          17,
          10
        ],
        "headAfter": [
          18,
          10
        ],
        "tailBefore": [
          10,
          7
        ],
        "tailAfter": [
          11,
          7
        ],
        "dir": "right"
      }
    },
    {
      "seq": 43,
      "type": "advance",
      "label": "4",
      "ts": 3175,
      "detail": {
        "headBefore": [
          18,
          10
        ],
        "headAfter": [
          19,
          10
        ],
        "tailBefore": [
          11,
          7
        ],
        "tailAfter": [
          12,
          7
        ],
        "dir": "right"
      }
    },
    {
      "seq": 44,
      "type": "advance",
      "label": "4",
      "ts": 3226,
      "detail": {
        "headBefore": [
          19,
          10
        ],
        "headAfter": [
          20,
          10
        ],
        "tailBefore": [
          12,
          7
        ],
        "tailAfter": [
          13,
          7
        ],
        "dir": "right"
      }
    },
    {
      "seq": 45,
      "type": "advance",
      "label": "4",
      "ts": 3276,
      "detail": {
        "headBefore": [
          20,
          10
        ],
        "headAfter": [
          21,
          10
        ],
        "tailBefore": [
          13,
          7
        ],
        "tailAfter": [
          13,
          8
        ],
        "dir": "right"
      }
    },
    {
      "seq": 46,
      "type": "advance",
      "label": "4",
      "ts": 3342,
      "detail": {
        "headBefore": [
          21,
          10
        ],
        "headAfter": [
          22,
          10
        ],
        "tailBefore": [
          13,
          8
        ],
        "tailAfter": [
          12,
          8
        ],
        "dir": "right"
      }
    },
    {
      "seq": 47,
      "type": "advance",
      "label": "4",
      "ts": 3410,
      "detail": {
        "headBefore": [
          22,
          10
        ],
        "headAfter": [
          23,
          10
        ],
        "tailBefore": [
          12,
          8
        ],
        "tailAfter": [
          12,
          9
        ],
        "dir": "right"
      }
    },
    {
      "seq": 48,
      "type": "click",
      "label": "5",
      "ts": 3425,
      "detail": {}
    },
    {
      "seq": 49,
      "type": "advance",
      "label": "5",
      "ts": 3426,
      "detail": {
        "headBefore": [
          0,
          5
        ],
        "headAfter": [
          -1,
          5
        ],
        "tailBefore": [
          5,
          5
        ],
        "tailAfter": [
          4,
          5
        ],
        "dir": "left"
      }
    },
    {
      "seq": 50,
      "type": "advance",
      "label": "4",
      "ts": 3459,
      "detail": {
        "headBefore": [
          23,
          10
        ],
        "headAfter": [
          24,
          10
        ],
        "tailBefore": [
          12,
          9
        ],
        "tailAfter": [
          12,
          10
        ],
        "dir": "right"
      }
    },
    {
      "seq": 51,
      "type": "advance",
      "label": "5",
      "ts": 3476,
      "detail": {
        "headBefore": [
          -1,
          5
        ],
        "headAfter": [
          -2,
          5
        ],
        "tailBefore": [
          4,
          5
        ],
        "tailAfter": [
          3,
          5
        ],
        "dir": "left"
      }
    },
    {
      "seq": 52,
      "type": "advance",
      "label": "4",
      "ts": 3510,
      "detail": {
        "headBefore": [
          24,
          10
        ],
        "headAfter": [
          25,
          10
        ],
        "tailBefore": [
          12,
          10
        ],
        "tailAfter": [
          13,
          10
        ],
        "dir": "right"
      }
    },
    {
      "seq": 53,
      "type": "advance",
      "label": "5",
      "ts": 3526,
      "detail": {
        "headBefore": [
          -2,
          5
        ],
        "headAfter": [
          -3,
          5
        ],
        "tailBefore": [
          3,
          5
        ],
        "tailAfter": [
          2,
          5
        ],
        "dir": "left"
      }
    },
    {
      "seq": 54,
      "type": "advance",
      "label": "4",
      "ts": 3559,
      "detail": {
        "headBefore": [
          25,
          10
        ],
        "headAfter": [
          26,
          10
        ],
        "tailBefore": [
          13,
          10
        ],
        "tailAfter": [
          14,
          10
        ],
        "dir": "right"
      }
    },
    {
      "seq": 55,
      "type": "dispose",
      "label": "4",
      "ts": 3559,
      "detail": {}
    },
    {
      "seq": 56,
      "type": "advance",
      "label": "5",
      "ts": 3576,
      "detail": {
        "headBefore": [
          -3,
          5
        ],
        "headAfter": [
          -4,
          5
        ],
        "tailBefore": [
          2,
          5
        ],
        "tailAfter": [
          1,
          5
        ],
        "dir": "left"
      }
    },
    {
      "seq": 57,
      "type": "advance",
      "label": "5",
      "ts": 3625,
      "detail": {
        "headBefore": [
          -4,
          5
        ],
        "headAfter": [
          -5,
          5
        ],
        "tailBefore": [
          1,
          5
        ],
        "tailAfter": [
          0,
          5
        ],
        "dir": "left"
      }
    },
    {
      "seq": 58,
      "type": "advance",
      "label": "5",
      "ts": 3676,
      "detail": {
        "headBefore": [
          -5,
          5
        ],
        "headAfter": [
          -6,
          5
        ],
        "tailBefore": [
          0,
          5
        ],
        "tailAfter": [
          -1,
          5
        ],
        "dir": "left"
      }
    },
    {
      "seq": 59,
      "type": "dispose",
      "label": "5",
      "ts": 3676,
      "detail": {}
    },
    {
      "seq": 60,
      "type": "click",
      "label": "6",
      "ts": 3925,
      "detail": {}
    },
    {
      "seq": 61,
      "type": "advance",
      "label": "6",
      "ts": 3926,
      "detail": {
        "headBefore": [
          12,
          23
        ],
        "headAfter": [
          12,
          24
        ],
        "tailBefore": [
          11,
          22
        ],
        "tailAfter": [
          12,
          22
        ],
        "dir": "down"
      }
    },
    {
      "seq": 62,
      "type": "advance",
      "label": "6",
      "ts": 3976,
      "detail": {
        "headBefore": [
          12,
          24
        ],
        "headAfter": [
          12,
          25
        ],
        "tailBefore": [
          12,
          22
        ],
        "tailAfter": [
          12,
          23
        ],
        "dir": "down"
      }
    },
    {
      "seq": 63,
      "type": "advance",
      "label": "6",
      "ts": 4026,
      "detail": {
        "headBefore": [
          12,
          25
        ],
        "headAfter": [
          12,
          26
        ],
        "tailBefore": [
          12,
          23
        ],
        "tailAfter": [
          12,
          24
        ],
        "dir": "down"
      }
    },
    {
      "seq": 64,
      "type": "dispose",
      "label": "6",
      "ts": 4026,
      "detail": {}
    },
    {
      "seq": 65,
      "type": "click",
      "label": "7",
      "ts": 4426,
      "detail": {}
    },
    {
      "seq": 66,
      "type": "advance",
      "label": "7",
      "ts": 4427,
      "detail": {
        "headBefore": [
          13,
          16
        ],
        "headAfter": [
          14,
          16
        ],
        "tailBefore": [
          12,
          16
        ],
        "tailAfter": [
          13,
          16
        ],
        "dir": "right"
      }
    },
    {
      "seq": 67,
      "type": "advance",
      "label": "7",
      "ts": 4476,
      "detail": {
        "headBefore": [
          14,
          16
        ],
        "headAfter": [
          15,
          16
        ],
        "tailBefore": [
          13,
          16
        ],
        "tailAfter": [
          14,
          16
        ],
        "dir": "right"
      }
    },
    {
      "seq": 68,
      "type": "dispose",
      "label": "7",
      "ts": 4476,
      "detail": {}
    },
    {
      "seq": 69,
      "type": "click",
      "label": "8",
      "ts": 4926,
      "detail": {}
    },
    {
      "seq": 70,
      "type": "advance",
      "label": "8",
      "ts": 4927,
      "detail": {
        "headBefore": [
          13,
          5
        ],
        "headAfter": [
          14,
          5
        ],
        "tailBefore": [
          9,
          2
        ],
        "tailAfter": [
          8,
          2
        ],
        "dir": "right"
      }
    },
    {
      "seq": 71,
      "type": "advance",
      "label": "8",
      "ts": 4977,
      "detail": {
        "headBefore": [
          14,
          5
        ],
        "headAfter": [
          15,
          5
        ],
        "tailBefore": [
          8,
          2
        ],
        "tailAfter": [
          8,
          3
        ],
        "dir": "right"
      }
    },
    {
      "seq": 72,
      "type": "advance",
      "label": "8",
      "ts": 5027,
      "detail": {
        "headBefore": [
          15,
          5
        ],
        "headAfter": [
          16,
          5
        ],
        "tailBefore": [
          8,
          3
        ],
        "tailAfter": [
          7,
          3
        ],
        "dir": "right"
      }
    },
    {
      "seq": 73,
      "type": "advance",
      "label": "8",
      "ts": 5077,
      "detail": {
        "headBefore": [
          16,
          5
        ],
        "headAfter": [
          17,
          5
        ],
        "tailBefore": [
          7,
          3
        ],
        "tailAfter": [
          7,
          2
        ],
        "dir": "right"
      }
    },
    {
      "seq": 74,
      "type": "advance",
      "label": "8",
      "ts": 5128,
      "detail": {
        "headBefore": [
          17,
          5
        ],
        "headAfter": [
          18,
          5
        ],
        "tailBefore": [
          7,
          2
        ],
        "tailAfter": [
          7,
          1
        ],
        "dir": "right"
      }
    },
    {
      "seq": 75,
      "type": "advance",
      "label": "8",
      "ts": 5177,
      "detail": {
        "headBefore": [
          18,
          5
        ],
        "headAfter": [
          19,
          5
        ],
        "tailBefore": [
          7,
          1
        ],
        "tailAfter": [
          6,
          1
        ],
        "dir": "right"
      }
    },
    {
      "seq": 76,
      "type": "advance",
      "label": "8",
      "ts": 5227,
      "detail": {
        "headBefore": [
          19,
          5
        ],
        "headAfter": [
          20,
          5
        ],
        "tailBefore": [
          6,
          1
        ],
        "tailAfter": [
          6,
          0
        ],
        "dir": "right"
      }
    },
    {
      "seq": 77,
      "type": "advance",
      "label": "8",
      "ts": 5278,
      "detail": {
        "headBefore": [
          20,
          5
        ],
        "headAfter": [
          21,
          5
        ],
        "tailBefore": [
          6,
          0
        ],
        "tailAfter": [
          7,
          0
        ],
        "dir": "right"
      }
    },
    {
      "seq": 78,
      "type": "advance",
      "label": "8",
      "ts": 5344,
      "detail": {
        "headBefore": [
          21,
          5
        ],
        "headAfter": [
          22,
          5
        ],
        "tailBefore": [
          7,
          0
        ],
        "tailAfter": [
          8,
          0
        ],
        "dir": "right"
      }
    },
    {
      "seq": 79,
      "type": "advance",
      "label": "8",
      "ts": 5394,
      "detail": {
        "headBefore": [
          22,
          5
        ],
        "headAfter": [
          23,
          5
        ],
        "tailBefore": [
          8,
          0
        ],
        "tailAfter": [
          9,
          0
        ],
        "dir": "right"
      }
    },
    {
      "seq": 80,
      "type": "click",
      "label": "9",
      "ts": 5427,
      "detail": {}
    },
    {
      "seq": 81,
      "type": "advance",
      "label": "9",
      "ts": 5427,
      "detail": {
        "headBefore": [
          0,
          16
        ],
        "headAfter": [
          -1,
          16
        ],
        "tailBefore": [
          1,
          16
        ],
        "tailAfter": [
          0,
          16
        ],
        "dir": "left"
      }
    },
    {
      "seq": 82,
      "type": "advance",
      "label": "8",
      "ts": 5444,
      "detail": {
        "headBefore": [
          23,
          5
        ],
        "headAfter": [
          24,
          5
        ],
        "tailBefore": [
          9,
          0
        ],
        "tailAfter": [
          10,
          0
        ],
        "dir": "right"
      }
    },
    {
      "seq": 83,
      "type": "advance",
      "label": "9",
      "ts": 5478,
      "detail": {
        "headBefore": [
          -1,
          16
        ],
        "headAfter": [
          -2,
          16
        ],
        "tailBefore": [
          0,
          16
        ],
        "tailAfter": [
          -1,
          16
        ],
        "dir": "left"
      }
    },
    {
      "seq": 84,
      "type": "dispose",
      "label": "9",
      "ts": 5478,
      "detail": {}
    },
    {
      "seq": 85,
      "type": "advance",
      "label": "8",
      "ts": 5494,
      "detail": {
        "headBefore": [
          24,
          5
        ],
        "headAfter": [
          25,
          5
        ],
        "tailBefore": [
          10,
          0
        ],
        "tailAfter": [
          11,
          0
        ],
        "dir": "right"
      }
    },
    {
      "seq": 86,
      "type": "advance",
      "label": "8",
      "ts": 5544,
      "detail": {
        "headBefore": [
          25,
          5
        ],
        "headAfter": [
          26,
          5
        ],
        "tailBefore": [
          11,
          0
        ],
        "tailAfter": [
          12,
          0
        ],
        "dir": "right"
      }
    },
    {
      "seq": 87,
      "type": "advance",
      "label": "8",
      "ts": 5594,
      "detail": {
        "headBefore": [
          26,
          5
        ],
        "headAfter": [
          27,
          5
        ],
        "tailBefore": [
          12,
          0
        ],
        "tailAfter": [
          13,
          0
        ],
        "dir": "right"
      }
    },
    {
      "seq": 88,
      "type": "advance",
      "label": "8",
      "ts": 5645,
      "detail": {
        "headBefore": [
          27,
          5
        ],
        "headAfter": [
          28,
          5
        ],
        "tailBefore": [
          13,
          0
        ],
        "tailAfter": [
          13,
          1
        ],
        "dir": "right"
      }
    },
    {
      "seq": 89,
      "type": "advance",
      "label": "8",
      "ts": 5694,
      "detail": {
        "headBefore": [
          28,
          5
        ],
        "headAfter": [
          29,
          5
        ],
        "tailBefore": [
          13,
          1
        ],
        "tailAfter": [
          12,
          1
        ],
        "dir": "right"
      }
    },
    {
      "seq": 90,
      "type": "advance",
      "label": "8",
      "ts": 5745,
      "detail": {
        "headBefore": [
          29,
          5
        ],
        "headAfter": [
          30,
          5
        ],
        "tailBefore": [
          12,
          1
        ],
        "tailAfter": [
          12,
          2
        ],
        "dir": "right"
      }
    },
    {
      "seq": 91,
      "type": "advance",
      "label": "8",
      "ts": 5795,
      "detail": {
        "headBefore": [
          30,
          5
        ],
        "headAfter": [
          31,
          5
        ],
        "tailBefore": [
          12,
          2
        ],
        "tailAfter": [
          11,
          2
        ],
        "dir": "right"
      }
    },
    {
      "seq": 92,
      "type": "advance",
      "label": "8",
      "ts": 5844,
      "detail": {
        "headBefore": [
          31,
          5
        ],
        "headAfter": [
          32,
          5
        ],
        "tailBefore": [
          11,
          2
        ],
        "tailAfter": [
          11,
          3
        ],
        "dir": "right"
      }
    },
    {
      "seq": 93,
      "type": "advance",
      "label": "8",
      "ts": 5895,
      "detail": {
        "headBefore": [
          32,
          5
        ],
        "headAfter": [
          33,
          5
        ],
        "tailBefore": [
          11,
          3
        ],
        "tailAfter": [
          11,
          4
        ],
        "dir": "right"
      }
    },
    {
      "seq": 94,
      "type": "click",
      "label": "10",
      "ts": 5927,
      "detail": {}
    },
    {
      "seq": 95,
      "type": "advance",
      "label": "10",
      "ts": 5928,
      "detail": {
        "headBefore": [
          7,
          23
        ],
        "headAfter": [
          7,
          24
        ],
        "tailBefore": [
          6,
          22
        ],
        "tailAfter": [
          7,
          22
        ],
        "dir": "down"
      }
    },
    {
      "seq": 96,
      "type": "advance",
      "label": "8",
      "ts": 5944,
      "detail": {
        "headBefore": [
          33,
          5
        ],
        "headAfter": [
          34,
          5
        ],
        "tailBefore": [
          11,
          4
        ],
        "tailAfter": [
          12,
          4
        ],
        "dir": "right"
      }
    },
    {
      "seq": 97,
      "type": "advance",
      "label": "10",
      "ts": 5978,
      "detail": {
        "headBefore": [
          7,
          24
        ],
        "headAfter": [
          7,
          25
        ],
        "tailBefore": [
          7,
          22
        ],
        "tailAfter": [
          7,
          23
        ],
        "dir": "down"
      }
    },
    {
      "seq": 98,
      "type": "advance",
      "label": "8",
      "ts": 5995,
      "detail": {
        "headBefore": [
          34,
          5
        ],
        "headAfter": [
          35,
          5
        ],
        "tailBefore": [
          12,
          4
        ],
        "tailAfter": [
          12,
          5
        ],
        "dir": "right"
      }
    },
    {
      "seq": 99,
      "type": "advance",
      "label": "10",
      "ts": 6028,
      "detail": {
        "headBefore": [
          7,
          25
        ],
        "headAfter": [
          7,
          26
        ],
        "tailBefore": [
          7,
          23
        ],
        "tailAfter": [
          7,
          24
        ],
        "dir": "down"
      }
    },
    {
      "seq": 100,
      "type": "dispose",
      "label": "10",
      "ts": 6028,
      "detail": {}
    },
    {
      "seq": 101,
      "type": "advance",
      "label": "8",
      "ts": 6045,
      "detail": {
        "headBefore": [
          35,
          5
        ],
        "headAfter": [
          36,
          5
        ],
        "tailBefore": [
          12,
          5
        ],
        "tailAfter": [
          13,
          5
        ],
        "dir": "right"
      }
    },
    {
      "seq": 102,
      "type": "advance",
      "label": "8",
      "ts": 6095,
      "detail": {
        "headBefore": [
          36,
          5
        ],
        "headAfter": [
          37,
          5
        ],
        "tailBefore": [
          13,
          5
        ],
        "tailAfter": [
          14,
          5
        ],
        "dir": "right"
      }
    },
    {
      "seq": 103,
      "type": "dispose",
      "label": "8",
      "ts": 6095,
      "detail": {}
    },
    {
      "seq": 104,
      "type": "click",
      "label": "11",
      "ts": 6427,
      "detail": {}
    },
    {
      "seq": 105,
      "type": "advance",
      "label": "11",
      "ts": 6428,
      "detail": {
        "headBefore": [
          0,
          0
        ],
        "headAfter": [
          -1,
          0
        ],
        "tailBefore": [
          1,
          0
        ],
        "tailAfter": [
          0,
          0
        ],
        "dir": "left"
      }
    },
    {
      "seq": 106,
      "type": "advance",
      "label": "11",
      "ts": 6478,
      "detail": {
        "headBefore": [
          -1,
          0
        ],
        "headAfter": [
          -2,
          0
        ],
        "tailBefore": [
          0,
          0
        ],
        "tailAfter": [
          -1,
          0
        ],
        "dir": "left"
      }
    },
    {
      "seq": 107,
      "type": "dispose",
      "label": "11",
      "ts": 6478,
      "detail": {}
    },
    {
      "seq": 108,
      "type": "click",
      "label": "12",
      "ts": 6928,
      "detail": {}
    },
    {
      "seq": 109,
      "type": "advance",
      "label": "12",
      "ts": 6929,
      "detail": {
        "headBefore": [
          0,
          10
        ],
        "headAfter": [
          -1,
          10
        ],
        "tailBefore": [
          1,
          7
        ],
        "tailAfter": [
          1,
          8
        ],
        "dir": "left"
      }
    },
    {
      "seq": 110,
      "type": "advance",
      "label": "12",
      "ts": 6979,
      "detail": {
        "headBefore": [
          -1,
          10
        ],
        "headAfter": [
          -2,
          10
        ],
        "tailBefore": [
          1,
          8
        ],
        "tailAfter": [
          1,
          9
        ],
        "dir": "left"
      }
    },
    {
      "seq": 111,
      "type": "advance",
      "label": "12",
      "ts": 7028,
      "detail": {
        "headBefore": [
          -2,
          10
        ],
        "headAfter": [
          -3,
          10
        ],
        "tailBefore": [
          1,
          9
        ],
        "tailAfter": [
          1,
          10
        ],
        "dir": "left"
      }
    },
    {
      "seq": 112,
      "type": "advance",
      "label": "12",
      "ts": 7079,
      "detail": {
        "headBefore": [
          -3,
          10
        ],
        "headAfter": [
          -4,
          10
        ],
        "tailBefore": [
          1,
          10
        ],
        "tailAfter": [
          0,
          10
        ],
        "dir": "left"
      }
    },
    {
      "seq": 113,
      "type": "advance",
      "label": "12",
      "ts": 7129,
      "detail": {
        "headBefore": [
          -4,
          10
        ],
        "headAfter": [
          -5,
          10
        ],
        "tailBefore": [
          0,
          10
        ],
        "tailAfter": [
          -1,
          10
        ],
        "dir": "left"
      }
    },
    {
      "seq": 114,
      "type": "dispose",
      "label": "12",
      "ts": 7129,
      "detail": {}
    },
    {
      "seq": 115,
      "type": "click",
      "label": "13",
      "ts": 7428,
      "detail": {}
    },
    {
      "seq": 116,
      "type": "advance",
      "label": "13",
      "ts": 7429,
      "detail": {
        "headBefore": [
          13,
          23
        ],
        "headAfter": [
          13,
          24
        ],
        "tailBefore": [
          12,
          20
        ],
        "tailAfter": [
          12,
          21
        ],
        "dir": "down"
      }
    },
    {
      "seq": 117,
      "type": "advance",
      "label": "13",
      "ts": 7479,
      "detail": {
        "headBefore": [
          13,
          24
        ],
        "headAfter": [
          13,
          25
        ],
        "tailBefore": [
          12,
          21
        ],
        "tailAfter": [
          13,
          21
        ],
        "dir": "down"
      }
    },
    {
      "seq": 118,
      "type": "advance",
      "label": "13",
      "ts": 7529,
      "detail": {
        "headBefore": [
          13,
          25
        ],
        "headAfter": [
          13,
          26
        ],
        "tailBefore": [
          13,
          21
        ],
        "tailAfter": [
          13,
          22
        ],
        "dir": "down"
      }
    },
    {
      "seq": 119,
      "type": "advance",
      "label": "13",
      "ts": 7579,
      "detail": {
        "headBefore": [
          13,
          26
        ],
        "headAfter": [
          13,
          27
        ],
        "tailBefore": [
          13,
          22
        ],
        "tailAfter": [
          13,
          23
        ],
        "dir": "down"
      }
    },
    {
      "seq": 120,
      "type": "advance",
      "label": "13",
      "ts": 7629,
      "detail": {
        "headBefore": [
          13,
          27
        ],
        "headAfter": [
          13,
          28
        ],
        "tailBefore": [
          13,
          23
        ],
        "tailAfter": [
          13,
          24
        ],
        "dir": "down"
      }
    },
    {
      "seq": 121,
      "type": "dispose",
      "label": "13",
      "ts": 7629,
      "detail": {}
    },
    {
      "seq": 122,
      "type": "click",
      "label": "14",
      "ts": 7929,
      "detail": {}
    },
    {
      "seq": 123,
      "type": "advance",
      "label": "14",
      "ts": 7929,
      "detail": {
        "headBefore": [
          13,
          19
        ],
        "headAfter": [
          14,
          19
        ],
        "tailBefore": [
          10,
          21
        ],
        "tailAfter": [
          9,
          21
        ],
        "dir": "right"
      }
    },
    {
      "seq": 124,
      "type": "advance",
      "label": "14",
      "ts": 7980,
      "detail": {
        "headBefore": [
          14,
          19
        ],
        "headAfter": [
          15,
          19
        ],
        "tailBefore": [
          9,
          21
        ],
        "tailAfter": [
          9,
          20
        ],
        "dir": "right"
      }
    },
    {
      "seq": 125,
      "type": "advance",
      "label": "14",
      "ts": 8029,
      "detail": {
        "headBefore": [
          15,
          19
        ],
        "headAfter": [
          16,
          19
        ],
        "tailBefore": [
          9,
          20
        ],
        "tailAfter": [
          10,
          20
        ],
        "dir": "right"
      }
    },
    {
      "seq": 126,
      "type": "advance",
      "label": "14",
      "ts": 8080,
      "detail": {
        "headBefore": [
          16,
          19
        ],
        "headAfter": [
          17,
          19
        ],
        "tailBefore": [
          10,
          20
        ],
        "tailAfter": [
          11,
          20
        ],
        "dir": "right"
      }
    },
    {
      "seq": 127,
      "type": "advance",
      "label": "14",
      "ts": 8130,
      "detail": {
        "headBefore": [
          17,
          19
        ],
        "headAfter": [
          18,
          19
        ],
        "tailBefore": [
          11,
          20
        ],
        "tailAfter": [
          11,
          19
        ],
        "dir": "right"
      }
    },
    {
      "seq": 128,
      "type": "advance",
      "label": "14",
      "ts": 8180,
      "detail": {
        "headBefore": [
          18,
          19
        ],
        "headAfter": [
          19,
          19
        ],
        "tailBefore": [
          11,
          19
        ],
        "tailAfter": [
          12,
          19
        ],
        "dir": "right"
      }
    },
    {
      "seq": 129,
      "type": "advance",
      "label": "14",
      "ts": 8229,
      "detail": {
        "headBefore": [
          19,
          19
        ],
        "headAfter": [
          20,
          19
        ],
        "tailBefore": [
          12,
          19
        ],
        "tailAfter": [
          13,
          19
        ],
        "dir": "right"
      }
    },
    {
      "seq": 130,
      "type": "advance",
      "label": "14",
      "ts": 8280,
      "detail": {
        "headBefore": [
          20,
          19
        ],
        "headAfter": [
          21,
          19
        ],
        "tailBefore": [
          13,
          19
        ],
        "tailAfter": [
          14,
          19
        ],
        "dir": "right"
      }
    },
    {
      "seq": 131,
      "type": "dispose",
      "label": "14",
      "ts": 8280,
      "detail": {}
    },
    {
      "seq": 132,
      "type": "click",
      "label": "15",
      "ts": 8429,
      "detail": {}
    },
    {
      "seq": 133,
      "type": "advance",
      "label": "15",
      "ts": 8430,
      "detail": {
        "headBefore": [
          0,
          14
        ],
        "headAfter": [
          -1,
          14
        ],
        "tailBefore": [
          1,
          15
        ],
        "tailAfter": [
          1,
          14
        ],
        "dir": "left"
      }
    },
    {
      "seq": 134,
      "type": "advance",
      "label": "15",
      "ts": 8480,
      "detail": {
        "headBefore": [
          -1,
          14
        ],
        "headAfter": [
          -2,
          14
        ],
        "tailBefore": [
          1,
          14
        ],
        "tailAfter": [
          0,
          14
        ],
        "dir": "left"
      }
    },
    {
      "seq": 135,
      "type": "advance",
      "label": "15",
      "ts": 8530,
      "detail": {
        "headBefore": [
          -2,
          14
        ],
        "headAfter": [
          -3,
          14
        ],
        "tailBefore": [
          0,
          14
        ],
        "tailAfter": [
          -1,
          14
        ],
        "dir": "left"
      }
    },
    {
      "seq": 136,
      "type": "dispose",
      "label": "15",
      "ts": 8530,
      "detail": {}
    },
    {
      "seq": 137,
      "type": "click",
      "label": "16",
      "ts": 8929,
      "detail": {}
    },
    {
      "seq": 138,
      "type": "advance",
      "label": "16",
      "ts": 8930,
      "detail": {
        "headBefore": [
          0,
          22
        ],
        "headAfter": [
          -1,
          22
        ],
        "tailBefore": [
          1,
          19
        ],
        "tailAfter": [
          0,
          19
        ],
        "dir": "left"
      }
    },
    {
      "seq": 139,
      "type": "advance",
      "label": "16",
      "ts": 8980,
      "detail": {
        "headBefore": [
          -1,
          22
        ],
        "headAfter": [
          -2,
          22
        ],
        "tailBefore": [
          0,
          19
        ],
        "tailAfter": [
          0,
          20
        ],
        "dir": "left"
      }
    },
    {
      "seq": 140,
      "type": "advance",
      "label": "16",
      "ts": 9030,
      "detail": {
        "headBefore": [
          -2,
          22
        ],
        "headAfter": [
          -3,
          22
        ],
        "tailBefore": [
          0,
          20
        ],
        "tailAfter": [
          1,
          20
        ],
        "dir": "left"
      }
    },
    {
      "seq": 141,
      "type": "advance",
      "label": "16",
      "ts": 9080,
      "detail": {
        "headBefore": [
          -3,
          22
        ],
        "headAfter": [
          -4,
          22
        ],
        "tailBefore": [
          1,
          20
        ],
        "tailAfter": [
          1,
          21
        ],
        "dir": "left"
      }
    },
    {
      "seq": 142,
      "type": "advance",
      "label": "16",
      "ts": 9130,
      "detail": {
        "headBefore": [
          -4,
          22
        ],
        "headAfter": [
          -5,
          22
        ],
        "tailBefore": [
          1,
          21
        ],
        "tailAfter": [
          1,
          22
        ],
        "dir": "left"
      }
    },
    {
      "seq": 143,
      "type": "advance",
      "label": "16",
      "ts": 9180,
      "detail": {
        "headBefore": [
          -5,
          22
        ],
        "headAfter": [
          -6,
          22
        ],
        "tailBefore": [
          1,
          22
        ],
        "tailAfter": [
          0,
          22
        ],
        "dir": "left"
      }
    },
    {
      "seq": 144,
      "type": "advance",
      "label": "16",
      "ts": 9230,
      "detail": {
        "headBefore": [
          -6,
          22
        ],
        "headAfter": [
          -7,
          22
        ],
        "tailBefore": [
          0,
          22
        ],
        "tailAfter": [
          -1,
          22
        ],
        "dir": "left"
      }
    },
    {
      "seq": 145,
      "type": "dispose",
      "label": "16",
      "ts": 9230,
      "detail": {}
    },
    {
      "seq": 146,
      "type": "click",
      "label": "17",
      "ts": 9430,
      "detail": {}
    },
    {
      "seq": 147,
      "type": "advance",
      "label": "17",
      "ts": 9430,
      "detail": {
        "headBefore": [
          0,
          23
        ],
        "headAfter": [
          -1,
          23
        ],
        "tailBefore": [
          3,
          21
        ],
        "tailAfter": [
          2,
          21
        ],
        "dir": "left"
      }
    },
    {
      "seq": 148,
      "type": "advance",
      "label": "17",
      "ts": 9481,
      "detail": {
        "headBefore": [
          -1,
          23
        ],
        "headAfter": [
          -2,
          23
        ],
        "tailBefore": [
          2,
          21
        ],
        "tailAfter": [
          2,
          22
        ],
        "dir": "left"
      }
    },
    {
      "seq": 149,
      "type": "advance",
      "label": "17",
      "ts": 9530,
      "detail": {
        "headBefore": [
          -2,
          23
        ],
        "headAfter": [
          -3,
          23
        ],
        "tailBefore": [
          2,
          22
        ],
        "tailAfter": [
          2,
          23
        ],
        "dir": "left"
      }
    },
    {
      "seq": 150,
      "type": "advance",
      "label": "17",
      "ts": 9581,
      "detail": {
        "headBefore": [
          -3,
          23
        ],
        "headAfter": [
          -4,
          23
        ],
        "tailBefore": [
          2,
          23
        ],
        "tailAfter": [
          1,
          23
        ],
        "dir": "left"
      }
    },
    {
      "seq": 151,
      "type": "advance",
      "label": "17",
      "ts": 9631,
      "detail": {
        "headBefore": [
          -4,
          23
        ],
        "headAfter": [
          -5,
          23
        ],
        "tailBefore": [
          1,
          23
        ],
        "tailAfter": [
          0,
          23
        ],
        "dir": "left"
      }
    },
    {
      "seq": 152,
      "type": "advance",
      "label": "17",
      "ts": 9681,
      "detail": {
        "headBefore": [
          -5,
          23
        ],
        "headAfter": [
          -6,
          23
        ],
        "tailBefore": [
          0,
          23
        ],
        "tailAfter": [
          -1,
          23
        ],
        "dir": "left"
      }
    },
    {
      "seq": 153,
      "type": "dispose",
      "label": "17",
      "ts": 9681,
      "detail": {}
    },
    {
      "seq": 154,
      "type": "click",
      "label": "18",
      "ts": 9930,
      "detail": {}
    },
    {
      "seq": 155,
      "type": "advance",
      "label": "18",
      "ts": 9931,
      "detail": {
        "headBefore": [
          0,
          17
        ],
        "headAfter": [
          -1,
          17
        ],
        "tailBefore": [
          6,
          12
        ],
        "tailAfter": [
          5,
          12
        ],
        "dir": "left"
      }
    },
    {
      "seq": 156,
      "type": "advance",
      "label": "18",
      "ts": 9981,
      "detail": {
        "headBefore": [
          -1,
          17
        ],
        "headAfter": [
          -2,
          17
        ],
        "tailBefore": [
          5,
          12
        ],
        "tailAfter": [
          5,
          13
        ],
        "dir": "left"
      }
    },
    {
      "seq": 157,
      "type": "advance",
      "label": "18",
      "ts": 10031,
      "detail": {
        "headBefore": [
          -2,
          17
        ],
        "headAfter": [
          -3,
          17
        ],
        "tailBefore": [
          5,
          13
        ],
        "tailAfter": [
          6,
          13
        ],
        "dir": "left"
      }
    },
    {
      "seq": 158,
      "type": "advance",
      "label": "18",
      "ts": 10081,
      "detail": {
        "headBefore": [
          -3,
          17
        ],
        "headAfter": [
          -4,
          17
        ],
        "tailBefore": [
          6,
          13
        ],
        "tailAfter": [
          6,
          14
        ],
        "dir": "left"
      }
    },
    {
      "seq": 159,
      "type": "advance",
      "label": "18",
      "ts": 10131,
      "detail": {
        "headBefore": [
          -4,
          17
        ],
        "headAfter": [
          -5,
          17
        ],
        "tailBefore": [
          6,
          14
        ],
        "tailAfter": [
          5,
          14
        ],
        "dir": "left"
      }
    },
    {
      "seq": 160,
      "type": "advance",
      "label": "18",
      "ts": 10181,
      "detail": {
        "headBefore": [
          -5,
          17
        ],
        "headAfter": [
          -6,
          17
        ],
        "tailBefore": [
          5,
          14
        ],
        "tailAfter": [
          4,
          14
        ],
        "dir": "left"
      }
    },
    {
      "seq": 161,
      "type": "advance",
      "label": "18",
      "ts": 10231,
      "detail": {
        "headBefore": [
          -6,
          17
        ],
        "headAfter": [
          -7,
          17
        ],
        "tailBefore": [
          4,
          14
        ],
        "tailAfter": [
          4,
          15
        ],
        "dir": "left"
      }
    },
    {
      "seq": 162,
      "type": "advance",
      "label": "18",
      "ts": 10281,
      "detail": {
        "headBefore": [
          -7,
          17
        ],
        "headAfter": [
          -8,
          17
        ],
        "tailBefore": [
          4,
          15
        ],
        "tailAfter": [
          3,
          15
        ],
        "dir": "left"
      }
    },
    {
      "seq": 163,
      "type": "advance",
      "label": "18",
      "ts": 10331,
      "detail": {
        "headBefore": [
          -8,
          17
        ],
        "headAfter": [
          -9,
          17
        ],
        "tailBefore": [
          3,
          15
        ],
        "tailAfter": [
          3,
          16
        ],
        "dir": "left"
      }
    },
    {
      "seq": 164,
      "type": "advance",
      "label": "18",
      "ts": 10398,
      "detail": {
        "headBefore": [
          -9,
          17
        ],
        "headAfter": [
          -10,
          17
        ],
        "tailBefore": [
          3,
          16
        ],
        "tailAfter": [
          2,
          16
        ],
        "dir": "left"
      }
    },
    {
      "seq": 165,
      "type": "click",
      "label": "19",
      "ts": 10431,
      "detail": {}
    },
    {
      "seq": 166,
      "type": "advance",
      "label": "19",
      "ts": 10431,
      "detail": {
        "headBefore": [
          0,
          11
        ],
        "headAfter": [
          -1,
          11
        ],
        "tailBefore": [
          0,
          12
        ],
        "tailAfter": [
          1,
          12
        ],
        "dir": "left"
      }
    },
    {
      "seq": 167,
      "type": "advance",
      "label": "18",
      "ts": 10448,
      "detail": {
        "headBefore": [
          -10,
          17
        ],
        "headAfter": [
          -11,
          17
        ],
        "tailBefore": [
          2,
          16
        ],
        "tailAfter": [
          2,
          17
        ],
        "dir": "left"
      }
    },
    {
      "seq": 168,
      "type": "advance",
      "label": "19",
      "ts": 10481,
      "detail": {
        "headBefore": [
          -1,
          11
        ],
        "headAfter": [
          -2,
          11
        ],
        "tailBefore": [
          1,
          12
        ],
        "tailAfter": [
          1,
          11
        ],
        "dir": "left"
      }
    },
    {
      "seq": 169,
      "type": "advance",
      "label": "18",
      "ts": 10498,
      "detail": {
        "headBefore": [
          -11,
          17
        ],
        "headAfter": [
          -12,
          17
        ],
        "tailBefore": [
          2,
          17
        ],
        "tailAfter": [
          2,
          18
        ],
        "dir": "left"
      }
    },
    {
      "seq": 170,
      "type": "advance",
      "label": "19",
      "ts": 10531,
      "detail": {
        "headBefore": [
          -2,
          11
        ],
        "headAfter": [
          -3,
          11
        ],
        "tailBefore": [
          1,
          11
        ],
        "tailAfter": [
          0,
          11
        ],
        "dir": "left"
      }
    },
    {
      "seq": 171,
      "type": "advance",
      "label": "18",
      "ts": 10548,
      "detail": {
        "headBefore": [
          -12,
          17
        ],
        "headAfter": [
          -13,
          17
        ],
        "tailBefore": [
          2,
          18
        ],
        "tailAfter": [
          1,
          18
        ],
        "dir": "left"
      }
    },
    {
      "seq": 172,
      "type": "advance",
      "label": "19",
      "ts": 10582,
      "detail": {
        "headBefore": [
          -3,
          11
        ],
        "headAfter": [
          -4,
          11
        ],
        "tailBefore": [
          0,
          11
        ],
        "tailAfter": [
          -1,
          11
        ],
        "dir": "left"
      }
    },
    {
      "seq": 173,
      "type": "dispose",
      "label": "19",
      "ts": 10582,
      "detail": {}
    },
    {
      "seq": 174,
      "type": "advance",
      "label": "18",
      "ts": 10598,
      "detail": {
        "headBefore": [
          -13,
          17
        ],
        "headAfter": [
          -14,
          17
        ],
        "tailBefore": [
          1,
          18
        ],
        "tailAfter": [
          1,
          17
        ],
        "dir": "left"
      }
    },
    {
      "seq": 175,
      "type": "advance",
      "label": "18",
      "ts": 10648,
      "detail": {
        "headBefore": [
          -14,
          17
        ],
        "headAfter": [
          -15,
          17
        ],
        "tailBefore": [
          1,
          17
        ],
        "tailAfter": [
          0,
          17
        ],
        "dir": "left"
      }
    },
    {
      "seq": 176,
      "type": "advance",
      "label": "18",
      "ts": 10699,
      "detail": {
        "headBefore": [
          -15,
          17
        ],
        "headAfter": [
          -16,
          17
        ],
        "tailBefore": [
          0,
          17
        ],
        "tailAfter": [
          -1,
          17
        ],
        "dir": "left"
      }
    },
    {
      "seq": 177,
      "type": "dispose",
      "label": "18",
      "ts": 10699,
      "detail": {}
    },
    {
      "seq": 178,
      "type": "click",
      "label": "20",
      "ts": 10931,
      "detail": {}
    },
    {
      "seq": 179,
      "type": "advance",
      "label": "20",
      "ts": 10932,
      "detail": {
        "headBefore": [
          8,
          23
        ],
        "headAfter": [
          8,
          24
        ],
        "tailBefore": [
          9,
          23
        ],
        "tailAfter": [
          9,
          22
        ],
        "dir": "down"
      }
    },
    {
      "seq": 180,
      "type": "advance",
      "label": "20",
      "ts": 10982,
      "detail": {
        "headBefore": [
          8,
          24
        ],
        "headAfter": [
          8,
          25
        ],
        "tailBefore": [
          9,
          22
        ],
        "tailAfter": [
          8,
          22
        ],
        "dir": "down"
      }
    },
    {
      "seq": 181,
      "type": "advance",
      "label": "20",
      "ts": 11032,
      "detail": {
        "headBefore": [
          8,
          25
        ],
        "headAfter": [
          8,
          26
        ],
        "tailBefore": [
          8,
          22
        ],
        "tailAfter": [
          8,
          23
        ],
        "dir": "down"
      }
    },
    {
      "seq": 182,
      "type": "advance",
      "label": "20",
      "ts": 11082,
      "detail": {
        "headBefore": [
          8,
          26
        ],
        "headAfter": [
          8,
          27
        ],
        "tailBefore": [
          8,
          23
        ],
        "tailAfter": [
          8,
          24
        ],
        "dir": "down"
      }
    },
    {
      "seq": 183,
      "type": "dispose",
      "label": "20",
      "ts": 11082,
      "detail": {}
    },
    {
      "seq": 184,
      "type": "click",
      "label": "21",
      "ts": 11432,
      "detail": {}
    },
    {
      "seq": 185,
      "type": "advance",
      "label": "21",
      "ts": 11432,
      "detail": {
        "headBefore": [
          0,
          13
        ],
        "headAfter": [
          -1,
          13
        ],
        "tailBefore": [
          3,
          8
        ],
        "tailAfter": [
          3,
          7
        ],
        "dir": "left"
      }
    },
    {
      "seq": 186,
      "type": "advance",
      "label": "21",
      "ts": 11482,
      "detail": {
        "headBefore": [
          -1,
          13
        ],
        "headAfter": [
          -2,
          13
        ],
        "tailBefore": [
          3,
          7
        ],
        "tailAfter": [
          3,
          6
        ],
        "dir": "left"
      }
    },
    {
      "seq": 187,
      "type": "advance",
      "label": "21",
      "ts": 11532,
      "detail": {
        "headBefore": [
          -2,
          13
        ],
        "headAfter": [
          -3,
          13
        ],
        "tailBefore": [
          3,
          6
        ],
        "tailAfter": [
          2,
          6
        ],
        "dir": "left"
      }
    },
    {
      "seq": 188,
      "type": "advance",
      "label": "21",
      "ts": 11582,
      "detail": {
        "headBefore": [
          -3,
          13
        ],
        "headAfter": [
          -4,
          13
        ],
        "tailBefore": [
          2,
          6
        ],
        "tailAfter": [
          2,
          7
        ],
        "dir": "left"
      }
    },
    {
      "seq": 189,
      "type": "advance",
      "label": "21",
      "ts": 11632,
      "detail": {
        "headBefore": [
          -4,
          13
        ],
        "headAfter": [
          -5,
          13
        ],
        "tailBefore": [
          2,
          7
        ],
        "tailAfter": [
          2,
          8
        ],
        "dir": "left"
      }
    },
    {
      "seq": 190,
      "type": "advance",
      "label": "21",
      "ts": 11682,
      "detail": {
        "headBefore": [
          -5,
          13
        ],
        "headAfter": [
          -6,
          13
        ],
        "tailBefore": [
          2,
          8
        ],
        "tailAfter": [
          2,
          9
        ],
        "dir": "left"
      }
    },
    {
      "seq": 191,
      "type": "advance",
      "label": "21",
      "ts": 11749,
      "detail": {
        "headBefore": [
          -6,
          13
        ],
        "headAfter": [
          -7,
          13
        ],
        "tailBefore": [
          2,
          9
        ],
        "tailAfter": [
          2,
          10
        ],
        "dir": "left"
      }
    },
    {
      "seq": 192,
      "type": "advance",
      "label": "21",
      "ts": 11816,
      "detail": {
        "headBefore": [
          -7,
          13
        ],
        "headAfter": [
          -8,
          13
        ],
        "tailBefore": [
          2,
          10
        ],
        "tailAfter": [
          2,
          11
        ],
        "dir": "left"
      }
    },
    {
      "seq": 193,
      "type": "advance",
      "label": "21",
      "ts": 11865,
      "detail": {
        "headBefore": [
          -8,
          13
        ],
        "headAfter": [
          -9,
          13
        ],
        "tailBefore": [
          2,
          11
        ],
        "tailAfter": [
          2,
          12
        ],
        "dir": "left"
      }
    },
    {
      "seq": 194,
      "type": "advance",
      "label": "21",
      "ts": 11916,
      "detail": {
        "headBefore": [
          -9,
          13
        ],
        "headAfter": [
          -10,
          13
        ],
        "tailBefore": [
          2,
          12
        ],
        "tailAfter": [
          2,
          13
        ],
        "dir": "left"
      }
    },
    {
      "seq": 195,
      "type": "click",
      "label": "22",
      "ts": 11932,
      "detail": {}
    },
    {
      "seq": 196,
      "type": "advance",
      "label": "22",
      "ts": 11933,
      "detail": {
        "headBefore": [
          4,
          23
        ],
        "headAfter": [
          4,
          24
        ],
        "tailBefore": [
          7,
          20
        ],
        "tailAfter": [
          6,
          20
        ],
        "dir": "down"
      }
    },
    {
      "seq": 197,
      "type": "advance",
      "label": "21",
      "ts": 11966,
      "detail": {
        "headBefore": [
          -10,
          13
        ],
        "headAfter": [
          -11,
          13
        ],
        "tailBefore": [
          2,
          13
        ],
        "tailAfter": [
          1,
          13
        ],
        "dir": "left"
      }
    },
    {
      "seq": 198,
      "type": "advance",
      "label": "22",
      "ts": 11983,
      "detail": {
        "headBefore": [
          4,
          24
        ],
        "headAfter": [
          4,
          25
        ],
        "tailBefore": [
          6,
          20
        ],
        "tailAfter": [
          6,
          19
        ],
        "dir": "down"
      }
    },
    {
      "seq": 199,
      "type": "advance",
      "label": "21",
      "ts": 12033,
      "detail": {
        "headBefore": [
          -11,
          13
        ],
        "headAfter": [
          -12,
          13
        ],
        "tailBefore": [
          1,
          13
        ],
        "tailAfter": [
          0,
          13
        ],
        "dir": "left"
      }
    },
    {
      "seq": 200,
      "type": "advance",
      "label": "22",
      "ts": 12033,
      "detail": {
        "headBefore": [
          4,
          25
        ],
        "headAfter": [
          4,
          26
        ],
        "tailBefore": [
          6,
          19
        ],
        "tailAfter": [
          7,
          19
        ],
        "dir": "down"
      }
    },
    {
      "seq": 201,
      "type": "advance",
      "label": "21",
      "ts": 12082,
      "detail": {
        "headBefore": [
          -12,
          13
        ],
        "headAfter": [
          -13,
          13
        ],
        "tailBefore": [
          0,
          13
        ],
        "tailAfter": [
          -1,
          13
        ],
        "dir": "left"
      }
    },
    {
      "seq": 202,
      "type": "dispose",
      "label": "21",
      "ts": 12082,
      "detail": {}
    },
    {
      "seq": 203,
      "type": "advance",
      "label": "22",
      "ts": 12083,
      "detail": {
        "headBefore": [
          4,
          26
        ],
        "headAfter": [
          4,
          27
        ],
        "tailBefore": [
          7,
          19
        ],
        "tailAfter": [
          7,
          18
        ],
        "dir": "down"
      }
    },
    {
      "seq": 204,
      "type": "advance",
      "label": "22",
      "ts": 12133,
      "detail": {
        "headBefore": [
          4,
          27
        ],
        "headAfter": [
          4,
          28
        ],
        "tailBefore": [
          7,
          18
        ],
        "tailAfter": [
          8,
          18
        ],
        "dir": "down"
      }
    },
    {
      "seq": 205,
      "type": "advance",
      "label": "22",
      "ts": 12182,
      "detail": {
        "headBefore": [
          4,
          28
        ],
        "headAfter": [
          4,
          29
        ],
        "tailBefore": [
          8,
          18
        ],
        "tailAfter": [
          8,
          19
        ],
        "dir": "down"
      }
    },
    {
      "seq": 206,
      "type": "advance",
      "label": "22",
      "ts": 12233,
      "detail": {
        "headBefore": [
          4,
          29
        ],
        "headAfter": [
          4,
          30
        ],
        "tailBefore": [
          8,
          19
        ],
        "tailAfter": [
          8,
          20
        ],
        "dir": "down"
      }
    },
    {
      "seq": 207,
      "type": "advance",
      "label": "22",
      "ts": 12283,
      "detail": {
        "headBefore": [
          4,
          30
        ],
        "headAfter": [
          4,
          31
        ],
        "tailBefore": [
          8,
          20
        ],
        "tailAfter": [
          8,
          21
        ],
        "dir": "down"
      }
    },
    {
      "seq": 208,
      "type": "advance",
      "label": "22",
      "ts": 12333,
      "detail": {
        "headBefore": [
          4,
          31
        ],
        "headAfter": [
          4,
          32
        ],
        "tailBefore": [
          8,
          21
        ],
        "tailAfter": [
          7,
          21
        ],
        "dir": "down"
      }
    },
    {
      "seq": 209,
      "type": "advance",
      "label": "22",
      "ts": 12382,
      "detail": {
        "headBefore": [
          4,
          32
        ],
        "headAfter": [
          4,
          33
        ],
        "tailBefore": [
          7,
          21
        ],
        "tailAfter": [
          6,
          21
        ],
        "dir": "down"
      }
    },
    {
      "seq": 210,
      "type": "click",
      "label": "23",
      "ts": 12432,
      "detail": {}
    },
    {
      "seq": 211,
      "type": "advance",
      "label": "23",
      "ts": 12433,
      "detail": {
        "headBefore": [
          13,
          13
        ],
        "headAfter": [
          14,
          13
        ],
        "tailBefore": [
          9,
          11
        ],
        "tailAfter": [
          8,
          11
        ],
        "dir": "right"
      }
    },
    {
      "seq": 212,
      "type": "advance",
      "label": "22",
      "ts": 12433,
      "detail": {
        "headBefore": [
          4,
          33
        ],
        "headAfter": [
          4,
          34
        ],
        "tailBefore": [
          6,
          21
        ],
        "tailAfter": [
          5,
          21
        ],
        "dir": "down"
      }
    },
    {
      "seq": 213,
      "type": "advance",
      "label": "23",
      "ts": 12483,
      "detail": {
        "headBefore": [
          14,
          13
        ],
        "headAfter": [
          15,
          13
        ],
        "tailBefore": [
          8,
          11
        ],
        "tailAfter": [
          8,
          12
        ],
        "dir": "right"
      }
    },
    {
      "seq": 214,
      "type": "advance",
      "label": "22",
      "ts": 12484,
      "detail": {
        "headBefore": [
          4,
          34
        ],
        "headAfter": [
          4,
          35
        ],
        "tailBefore": [
          5,
          21
        ],
        "tailAfter": [
          4,
          21
        ],
        "dir": "down"
      }
    },
    {
      "seq": 215,
      "type": "advance",
      "label": "23",
      "ts": 12534,
      "detail": {
        "headBefore": [
          15,
          13
        ],
        "headAfter": [
          16,
          13
        ],
        "tailBefore": [
          8,
          12
        ],
        "tailAfter": [
          7,
          12
        ],
        "dir": "right"
      }
    },
    {
      "seq": 216,
      "type": "advance",
      "label": "22",
      "ts": 12534,
      "detail": {
        "headBefore": [
          4,
          35
        ],
        "headAfter": [
          4,
          36
        ],
        "tailBefore": [
          4,
          21
        ],
        "tailAfter": [
          4,
          22
        ],
        "dir": "down"
      }
    },
    {
      "seq": 217,
      "type": "advance",
      "label": "23",
      "ts": 12583,
      "detail": {
        "headBefore": [
          16,
          13
        ],
        "headAfter": [
          17,
          13
        ],
        "tailBefore": [
          7,
          12
        ],
        "tailAfter": [
          7,
          13
        ],
        "dir": "right"
      }
    },
    {
      "seq": 218,
      "type": "advance",
      "label": "22",
      "ts": 12584,
      "detail": {
        "headBefore": [
          4,
          36
        ],
        "headAfter": [
          4,
          37
        ],
        "tailBefore": [
          4,
          22
        ],
        "tailAfter": [
          4,
          23
        ],
        "dir": "down"
      }
    },
    {
      "seq": 219,
      "type": "advance",
      "label": "23",
      "ts": 12634,
      "detail": {
        "headBefore": [
          17,
          13
        ],
        "headAfter": [
          18,
          13
        ],
        "tailBefore": [
          7,
          13
        ],
        "tailAfter": [
          7,
          14
        ],
        "dir": "right"
      }
    },
    {
      "seq": 220,
      "type": "advance",
      "label": "22",
      "ts": 12634,
      "detail": {
        "headBefore": [
          4,
          37
        ],
        "headAfter": [
          4,
          38
        ],
        "tailBefore": [
          4,
          23
        ],
        "tailAfter": [
          4,
          24
        ],
        "dir": "down"
      }
    },
    {
      "seq": 221,
      "type": "dispose",
      "label": "22",
      "ts": 12634,
      "detail": {}
    },
    {
      "seq": 222,
      "type": "advance",
      "label": "23",
      "ts": 12683,
      "detail": {
        "headBefore": [
          18,
          13
        ],
        "headAfter": [
          19,
          13
        ],
        "tailBefore": [
          7,
          14
        ],
        "tailAfter": [
          8,
          14
        ],
        "dir": "right"
      }
    },
    {
      "seq": 223,
      "type": "advance",
      "label": "23",
      "ts": 12733,
      "detail": {
        "headBefore": [
          19,
          13
        ],
        "headAfter": [
          20,
          13
        ],
        "tailBefore": [
          8,
          14
        ],
        "tailAfter": [
          9,
          14
        ],
        "dir": "right"
      }
    },
    {
      "seq": 224,
      "type": "advance",
      "label": "23",
      "ts": 12783,
      "detail": {
        "headBefore": [
          20,
          13
        ],
        "headAfter": [
          21,
          13
        ],
        "tailBefore": [
          9,
          14
        ],
        "tailAfter": [
          9,
          13
        ],
        "dir": "right"
      }
    },
    {
      "seq": 225,
      "type": "advance",
      "label": "23",
      "ts": 12833,
      "detail": {
        "headBefore": [
          21,
          13
        ],
        "headAfter": [
          22,
          13
        ],
        "tailBefore": [
          9,
          13
        ],
        "tailAfter": [
          10,
          13
        ],
        "dir": "right"
      }
    },
    {
      "seq": 226,
      "type": "advance",
      "label": "23",
      "ts": 12884,
      "detail": {
        "headBefore": [
          22,
          13
        ],
        "headAfter": [
          23,
          13
        ],
        "tailBefore": [
          10,
          13
        ],
        "tailAfter": [
          10,
          12
        ],
        "dir": "right"
      }
    },
    {
      "seq": 227,
      "type": "click",
      "label": "24",
      "ts": 12932,
      "detail": {}
    },
    {
      "seq": 228,
      "type": "advance",
      "label": "24",
      "ts": 12933,
      "detail": {
        "headBefore": [
          3,
          23
        ],
        "headAfter": [
          3,
          24
        ],
        "tailBefore": [
          3,
          22
        ],
        "tailAfter": [
          3,
          23
        ],
        "dir": "down"
      }
    },
    {
      "seq": 229,
      "type": "advance",
      "label": "23",
      "ts": 12934,
      "detail": {
        "headBefore": [
          23,
          13
        ],
        "headAfter": [
          24,
          13
        ],
        "tailBefore": [
          10,
          12
        ],
        "tailAfter": [
          10,
          11
        ],
        "dir": "right"
      }
    },
    {
      "seq": 230,
      "type": "advance",
      "label": "24",
      "ts": 12983,
      "detail": {
        "headBefore": [
          3,
          24
        ],
        "headAfter": [
          3,
          25
        ],
        "tailBefore": [
          3,
          23
        ],
        "tailAfter": [
          3,
          24
        ],
        "dir": "down"
      }
    },
    {
      "seq": 231,
      "type": "dispose",
      "label": "24",
      "ts": 12983,
      "detail": {}
    },
    {
      "seq": 232,
      "type": "advance",
      "label": "23",
      "ts": 12984,
      "detail": {
        "headBefore": [
          24,
          13
        ],
        "headAfter": [
          25,
          13
        ],
        "tailBefore": [
          10,
          11
        ],
        "tailAfter": [
          10,
          10
        ],
        "dir": "right"
      }
    },
    {
      "seq": 233,
      "type": "advance",
      "label": "23",
      "ts": 13034,
      "detail": {
        "headBefore": [
          25,
          13
        ],
        "headAfter": [
          26,
          13
        ],
        "tailBefore": [
          10,
          10
        ],
        "tailAfter": [
          11,
          10
        ],
        "dir": "right"
      }
    },
    {
      "seq": 234,
      "type": "advance",
      "label": "23",
      "ts": 13083,
      "detail": {
        "headBefore": [
          26,
          13
        ],
        "headAfter": [
          27,
          13
        ],
        "tailBefore": [
          11,
          10
        ],
        "tailAfter": [
          11,
          11
        ],
        "dir": "right"
      }
    },
    {
      "seq": 235,
      "type": "advance",
      "label": "23",
      "ts": 13133,
      "detail": {
        "headBefore": [
          27,
          13
        ],
        "headAfter": [
          28,
          13
        ],
        "tailBefore": [
          11,
          11
        ],
        "tailAfter": [
          12,
          11
        ],
        "dir": "right"
      }
    },
    {
      "seq": 236,
      "type": "advance",
      "label": "23",
      "ts": 13184,
      "detail": {
        "headBefore": [
          28,
          13
        ],
        "headAfter": [
          29,
          13
        ],
        "tailBefore": [
          12,
          11
        ],
        "tailAfter": [
          12,
          12
        ],
        "dir": "right"
      }
    },
    {
      "seq": 237,
      "type": "advance",
      "label": "23",
      "ts": 13234,
      "detail": {
        "headBefore": [
          29,
          13
        ],
        "headAfter": [
          30,
          13
        ],
        "tailBefore": [
          12,
          12
        ],
        "tailAfter": [
          12,
          13
        ],
        "dir": "right"
      }
    },
    {
      "seq": 238,
      "type": "advance",
      "label": "23",
      "ts": 13284,
      "detail": {
        "headBefore": [
          30,
          13
        ],
        "headAfter": [
          31,
          13
        ],
        "tailBefore": [
          12,
          13
        ],
        "tailAfter": [
          13,
          13
        ],
        "dir": "right"
      }
    },
    {
      "seq": 239,
      "type": "advance",
      "label": "23",
      "ts": 13333,
      "detail": {
        "headBefore": [
          31,
          13
        ],
        "headAfter": [
          32,
          13
        ],
        "tailBefore": [
          13,
          13
        ],
        "tailAfter": [
          14,
          13
        ],
        "dir": "right"
      }
    },
    {
      "seq": 240,
      "type": "dispose",
      "label": "23",
      "ts": 13333,
      "detail": {}
    },
    {
      "seq": 241,
      "type": "click",
      "label": "25",
      "ts": 13433,
      "detail": {}
    },
    {
      "seq": 242,
      "type": "advance",
      "label": "25",
      "ts": 13433,
      "detail": {
        "headBefore": [
          13,
          17
        ],
        "headAfter": [
          14,
          17
        ],
        "tailBefore": [
          12,
          17
        ],
        "tailAfter": [
          13,
          17
        ],
        "dir": "right"
      }
    },
    {
      "seq": 243,
      "type": "advance",
      "label": "25",
      "ts": 13500,
      "detail": {
        "headBefore": [
          14,
          17
        ],
        "headAfter": [
          15,
          17
        ],
        "tailBefore": [
          13,
          17
        ],
        "tailAfter": [
          14,
          17
        ],
        "dir": "right"
      }
    },
    {
      "seq": 244,
      "type": "dispose",
      "label": "25",
      "ts": 13500,
      "detail": {}
    },
    {
      "seq": 245,
      "type": "click",
      "label": "26",
      "ts": 13933,
      "detail": {}
    },
    {
      "seq": 246,
      "type": "advance",
      "label": "26",
      "ts": 13934,
      "detail": {
        "headBefore": [
          0,
          4
        ],
        "headAfter": [
          -1,
          4
        ],
        "tailBefore": [
          0,
          2
        ],
        "tailAfter": [
          0,
          3
        ],
        "dir": "left"
      }
    },
    {
      "seq": 247,
      "type": "advance",
      "label": "26",
      "ts": 13984,
      "detail": {
        "headBefore": [
          -1,
          4
        ],
        "headAfter": [
          -2,
          4
        ],
        "tailBefore": [
          0,
          3
        ],
        "tailAfter": [
          1,
          3
        ],
        "dir": "left"
      }
    },
    {
      "seq": 248,
      "type": "advance",
      "label": "26",
      "ts": 14050,
      "detail": {
        "headBefore": [
          -2,
          4
        ],
        "headAfter": [
          -3,
          4
        ],
        "tailBefore": [
          1,
          3
        ],
        "tailAfter": [
          1,
          4
        ],
        "dir": "left"
      }
    },
    {
      "seq": 249,
      "type": "advance",
      "label": "26",
      "ts": 14100,
      "detail": {
        "headBefore": [
          -3,
          4
        ],
        "headAfter": [
          -4,
          4
        ],
        "tailBefore": [
          1,
          4
        ],
        "tailAfter": [
          0,
          4
        ],
        "dir": "left"
      }
    },
    {
      "seq": 250,
      "type": "advance",
      "label": "26",
      "ts": 14151,
      "detail": {
        "headBefore": [
          -4,
          4
        ],
        "headAfter": [
          -5,
          4
        ],
        "tailBefore": [
          0,
          4
        ],
        "tailAfter": [
          -1,
          4
        ],
        "dir": "left"
      }
    },
    {
      "seq": 251,
      "type": "dispose",
      "label": "26",
      "ts": 14151,
      "detail": {}
    },
    {
      "seq": 252,
      "type": "click",
      "label": "27",
      "ts": 14434,
      "detail": {}
    },
    {
      "seq": 253,
      "type": "advance",
      "label": "27",
      "ts": 14435,
      "detail": {
        "headBefore": [
          13,
          18
        ],
        "headAfter": [
          14,
          18
        ],
        "tailBefore": [
          8,
          17
        ],
        "tailAfter": [
          9,
          17
        ],
        "dir": "right"
      }
    },
    {
      "seq": 254,
      "type": "advance",
      "label": "27",
      "ts": 14485,
      "detail": {
        "headBefore": [
          14,
          18
        ],
        "headAfter": [
          15,
          18
        ],
        "tailBefore": [
          9,
          17
        ],
        "tailAfter": [
          9,
          18
        ],
        "dir": "right"
      }
    },
    {
      "seq": 255,
      "type": "advance",
      "label": "27",
      "ts": 14534,
      "detail": {
        "headBefore": [
          15,
          18
        ],
        "headAfter": [
          16,
          18
        ],
        "tailBefore": [
          9,
          18
        ],
        "tailAfter": [
          9,
          19
        ],
        "dir": "right"
      }
    },
    {
      "seq": 256,
      "type": "advance",
      "label": "27",
      "ts": 14585,
      "detail": {
        "headBefore": [
          16,
          18
        ],
        "headAfter": [
          17,
          18
        ],
        "tailBefore": [
          9,
          19
        ],
        "tailAfter": [
          10,
          19
        ],
        "dir": "right"
      }
    },
    {
      "seq": 257,
      "type": "advance",
      "label": "27",
      "ts": 14635,
      "detail": {
        "headBefore": [
          17,
          18
        ],
        "headAfter": [
          18,
          18
        ],
        "tailBefore": [
          10,
          19
        ],
        "tailAfter": [
          10,
          18
        ],
        "dir": "right"
      }
    },
    {
      "seq": 258,
      "type": "advance",
      "label": "27",
      "ts": 14685,
      "detail": {
        "headBefore": [
          18,
          18
        ],
        "headAfter": [
          19,
          18
        ],
        "tailBefore": [
          10,
          18
        ],
        "tailAfter": [
          11,
          18
        ],
        "dir": "right"
      }
    },
    {
      "seq": 259,
      "type": "advance",
      "label": "27",
      "ts": 14734,
      "detail": {
        "headBefore": [
          19,
          18
        ],
        "headAfter": [
          20,
          18
        ],
        "tailBefore": [
          11,
          18
        ],
        "tailAfter": [
          12,
          18
        ],
        "dir": "right"
      }
    },
    {
      "seq": 260,
      "type": "advance",
      "label": "27",
      "ts": 14785,
      "detail": {
        "headBefore": [
          20,
          18
        ],
        "headAfter": [
          21,
          18
        ],
        "tailBefore": [
          12,
          18
        ],
        "tailAfter": [
          13,
          18
        ],
        "dir": "right"
      }
    },
    {
      "seq": 261,
      "type": "advance",
      "label": "27",
      "ts": 14835,
      "detail": {
        "headBefore": [
          21,
          18
        ],
        "headAfter": [
          22,
          18
        ],
        "tailBefore": [
          13,
          18
        ],
        "tailAfter": [
          14,
          18
        ],
        "dir": "right"
      }
    },
    {
      "seq": 262,
      "type": "dispose",
      "label": "27",
      "ts": 14835,
      "detail": {}
    },
    {
      "seq": 263,
      "type": "click",
      "label": "28",
      "ts": 14935,
      "detail": {}
    },
    {
      "seq": 264,
      "type": "advance",
      "label": "28",
      "ts": 14935,
      "detail": {
        "headBefore": [
          10,
          23
        ],
        "headAfter": [
          10,
          24
        ],
        "tailBefore": [
          10,
          22
        ],
        "tailAfter": [
          10,
          23
        ],
        "dir": "down"
      }
    },
    {
      "seq": 265,
      "type": "advance",
      "label": "28",
      "ts": 14985,
      "detail": {
        "headBefore": [
          10,
          24
        ],
        "headAfter": [
          10,
          25
        ],
        "tailBefore": [
          10,
          23
        ],
        "tailAfter": [
          10,
          24
        ],
        "dir": "down"
      }
    },
    {
      "seq": 266,
      "type": "dispose",
      "label": "28",
      "ts": 14985,
      "detail": {}
    },
    {
      "seq": 267,
      "type": "click",
      "label": "29",
      "ts": 15434,
      "detail": {}
    },
    {
      "seq": 268,
      "type": "advance",
      "label": "29",
      "ts": 15435,
      "detail": {
        "headBefore": [
          3,
          0
        ],
        "headAfter": [
          3,
          -1
        ],
        "tailBefore": [
          3,
          1
        ],
        "tailAfter": [
          3,
          0
        ],
        "dir": "up"
      }
    },
    {
      "seq": 269,
      "type": "advance",
      "label": "29",
      "ts": 15486,
      "detail": {
        "headBefore": [
          3,
          -1
        ],
        "headAfter": [
          3,
          -2
        ],
        "tailBefore": [
          3,
          0
        ],
        "tailAfter": [
          3,
          -1
        ],
        "dir": "up"
      }
    },
    {
      "seq": 270,
      "type": "dispose",
      "label": "29",
      "ts": 15486,
      "detail": {}
    },
    {
      "seq": 271,
      "type": "click",
      "label": "30",
      "ts": 15935,
      "detail": {}
    },
    {
      "seq": 272,
      "type": "advance",
      "label": "30",
      "ts": 15936,
      "detail": {
        "headBefore": [
          13,
          12
        ],
        "headAfter": [
          13,
          13
        ],
        "tailBefore": [
          13,
          11
        ],
        "tailAfter": [
          13,
          12
        ],
        "dir": "down"
      }
    },
    {
      "seq": 273,
      "type": "advance",
      "label": "30",
      "ts": 15985,
      "detail": {
        "headBefore": [
          13,
          13
        ],
        "headAfter": [
          13,
          14
        ],
        "tailBefore": [
          13,
          12
        ],
        "tailAfter": [
          13,
          13
        ],
        "dir": "down"
      }
    },
    {
      "seq": 274,
      "type": "advance",
      "label": "30",
      "ts": 16036,
      "detail": {
        "headBefore": [
          13,
          14
        ],
        "headAfter": [
          13,
          15
        ],
        "tailBefore": [
          13,
          13
        ],
        "tailAfter": [
          13,
          14
        ],
        "dir": "down"
      }
    },
    {
      "seq": 275,
      "type": "advance",
      "label": "30",
      "ts": 16086,
      "detail": {
        "headBefore": [
          13,
          15
        ],
        "headAfter": [
          13,
          16
        ],
        "tailBefore": [
          13,
          14
        ],
        "tailAfter": [
          13,
          15
        ],
        "dir": "down"
      }
    },
    {
      "seq": 276,
      "type": "advance",
      "label": "30",
      "ts": 16136,
      "detail": {
        "headBefore": [
          13,
          16
        ],
        "headAfter": [
          13,
          17
        ],
        "tailBefore": [
          13,
          15
        ],
        "tailAfter": [
          13,
          16
        ],
        "dir": "down"
      }
    },
    {
      "seq": 277,
      "type": "advance",
      "label": "30",
      "ts": 16186,
      "detail": {
        "headBefore": [
          13,
          17
        ],
        "headAfter": [
          13,
          18
        ],
        "tailBefore": [
          13,
          16
        ],
        "tailAfter": [
          13,
          17
        ],
        "dir": "down"
      }
    },
    {
      "seq": 278,
      "type": "advance",
      "label": "30",
      "ts": 16236,
      "detail": {
        "headBefore": [
          13,
          18
        ],
        "headAfter": [
          13,
          19
        ],
        "tailBefore": [
          13,
          17
        ],
        "tailAfter": [
          13,
          18
        ],
        "dir": "down"
      }
    },
    {
      "seq": 279,
      "type": "advance",
      "label": "30",
      "ts": 16286,
      "detail": {
        "headBefore": [
          13,
          19
        ],
        "headAfter": [
          13,
          20
        ],
        "tailBefore": [
          13,
          18
        ],
        "tailAfter": [
          13,
          19
        ],
        "dir": "down"
      }
    },
    {
      "seq": 280,
      "type": "advance",
      "label": "30",
      "ts": 16336,
      "detail": {
        "headBefore": [
          13,
          20
        ],
        "headAfter": [
          13,
          21
        ],
        "tailBefore": [
          13,
          19
        ],
        "tailAfter": [
          13,
          20
        ],
        "dir": "down"
      }
    },
    {
      "seq": 281,
      "type": "advance",
      "label": "30",
      "ts": 16386,
      "detail": {
        "headBefore": [
          13,
          21
        ],
        "headAfter": [
          13,
          22
        ],
        "tailBefore": [
          13,
          20
        ],
        "tailAfter": [
          13,
          21
        ],
        "dir": "down"
      }
    },
    {
      "seq": 282,
      "type": "click",
      "label": "31",
      "ts": 16435,
      "detail": {}
    },
    {
      "seq": 283,
      "type": "advance",
      "label": "31",
      "ts": 16436,
      "detail": {
        "headBefore": [
          11,
          9
        ],
        "headAfter": [
          11,
          10
        ],
        "tailBefore": [
          11,
          8
        ],
        "tailAfter": [
          11,
          9
        ],
        "dir": "down"
      }
    },
    {
      "seq": 284,
      "type": "advance",
      "label": "30",
      "ts": 16436,
      "detail": {
        "headBefore": [
          13,
          22
        ],
        "headAfter": [
          13,
          23
        ],
        "tailBefore": [
          13,
          21
        ],
        "tailAfter": [
          13,
          22
        ],
        "dir": "down"
      }
    },
    {
      "seq": 285,
      "type": "advance",
      "label": "31",
      "ts": 16486,
      "detail": {
        "headBefore": [
          11,
          10
        ],
        "headAfter": [
          11,
          11
        ],
        "tailBefore": [
          11,
          9
        ],
        "tailAfter": [
          11,
          10
        ],
        "dir": "down"
      }
    },
    {
      "seq": 286,
      "type": "advance",
      "label": "30",
      "ts": 16487,
      "detail": {
        "headBefore": [
          13,
          23
        ],
        "headAfter": [
          13,
          24
        ],
        "tailBefore": [
          13,
          22
        ],
        "tailAfter": [
          13,
          23
        ],
        "dir": "down"
      }
    },
    {
      "seq": 287,
      "type": "collision",
      "label": "31",
      "ts": 16535,
      "detail": {
        "blocker": "55",
        "headCol": 11,
        "headRow": 12
      }
    },
    {
      "seq": 288,
      "type": "retreat",
      "label": "31",
      "ts": 16537,
      "detail": {
        "headBefore": [
          11,
          11
        ],
        "headAfter": [
          11,
          10
        ],
        "tailBefore": [
          11,
          10
        ],
        "tailAfter": [
          11,
          9
        ],
        "dir": "down"
      }
    },
    {
      "seq": 289,
      "type": "advance",
      "label": "30",
      "ts": 16537,
      "detail": {
        "headBefore": [
          13,
          24
        ],
        "headAfter": [
          13,
          25
        ],
        "tailBefore": [
          13,
          23
        ],
        "tailAfter": [
          13,
          24
        ],
        "dir": "down"
      }
    },
    {
      "seq": 290,
      "type": "dispose",
      "label": "30",
      "ts": 16537,
      "detail": {}
    },
    {
      "seq": 291,
      "type": "retreat",
      "label": "31",
      "ts": 16586,
      "detail": {
        "headBefore": [
          11,
          10
        ],
        "headAfter": [
          11,
          9
        ],
        "tailBefore": [
          11,
          9
        ],
        "tailAfter": [
          11,
          8
        ],
        "dir": "down"
      }
    },
    {
      "seq": 292,
      "type": "click",
      "label": "32",
      "ts": 16936,
      "detail": {}
    },
    {
      "seq": 293,
      "type": "advance",
      "label": "32",
      "ts": 16936,
      "detail": {
        "headBefore": [
          6,
          23
        ],
        "headAfter": [
          7,
          23
        ],
        "tailBefore": [
          5,
          23
        ],
        "tailAfter": [
          6,
          23
        ],
        "dir": "right"
      }
    },
    {
      "seq": 294,
      "type": "advance",
      "label": "32",
      "ts": 16987,
      "detail": {
        "headBefore": [
          7,
          23
        ],
        "headAfter": [
          8,
          23
        ],
        "tailBefore": [
          6,
          23
        ],
        "tailAfter": [
          7,
          23
        ],
        "dir": "right"
      }
    },
    {
      "seq": 295,
      "type": "advance",
      "label": "32",
      "ts": 17036,
      "detail": {
        "headBefore": [
          8,
          23
        ],
        "headAfter": [
          9,
          23
        ],
        "tailBefore": [
          7,
          23
        ],
        "tailAfter": [
          8,
          23
        ],
        "dir": "right"
      }
    },
    {
      "seq": 296,
      "type": "advance",
      "label": "32",
      "ts": 17086,
      "detail": {
        "headBefore": [
          9,
          23
        ],
        "headAfter": [
          10,
          23
        ],
        "tailBefore": [
          8,
          23
        ],
        "tailAfter": [
          9,
          23
        ],
        "dir": "right"
      }
    },
    {
      "seq": 297,
      "type": "advance",
      "label": "32",
      "ts": 17153,
      "detail": {
        "headBefore": [
          10,
          23
        ],
        "headAfter": [
          11,
          23
        ],
        "tailBefore": [
          9,
          23
        ],
        "tailAfter": [
          10,
          23
        ],
        "dir": "right"
      }
    },
    {
      "seq": 298,
      "type": "advance",
      "label": "32",
      "ts": 17203,
      "detail": {
        "headBefore": [
          11,
          23
        ],
        "headAfter": [
          12,
          23
        ],
        "tailBefore": [
          10,
          23
        ],
        "tailAfter": [
          11,
          23
        ],
        "dir": "right"
      }
    },
    {
      "seq": 299,
      "type": "advance",
      "label": "32",
      "ts": 17253,
      "detail": {
        "headBefore": [
          12,
          23
        ],
        "headAfter": [
          13,
          23
        ],
        "tailBefore": [
          11,
          23
        ],
        "tailAfter": [
          12,
          23
        ],
        "dir": "right"
      }
    },
    {
      "seq": 300,
      "type": "advance",
      "label": "32",
      "ts": 17304,
      "detail": {
        "headBefore": [
          13,
          23
        ],
        "headAfter": [
          14,
          23
        ],
        "tailBefore": [
          12,
          23
        ],
        "tailAfter": [
          13,
          23
        ],
        "dir": "right"
      }
    },
    {
      "seq": 301,
      "type": "advance",
      "label": "32",
      "ts": 17370,
      "detail": {
        "headBefore": [
          14,
          23
        ],
        "headAfter": [
          15,
          23
        ],
        "tailBefore": [
          13,
          23
        ],
        "tailAfter": [
          14,
          23
        ],
        "dir": "right"
      }
    },
    {
      "seq": 302,
      "type": "dispose",
      "label": "32",
      "ts": 17370,
      "detail": {}
    },
    {
      "seq": 303,
      "type": "click",
      "label": "33",
      "ts": 17436,
      "detail": {}
    },
    {
      "seq": 304,
      "type": "advance",
      "label": "33",
      "ts": 17437,
      "detail": {
        "headBefore": [
          13,
          4
        ],
        "headAfter": [
          13,
          5
        ],
        "tailBefore": [
          12,
          3
        ],
        "tailAfter": [
          13,
          3
        ],
        "dir": "down"
      }
    },
    {
      "seq": 305,
      "type": "advance",
      "label": "33",
      "ts": 17487,
      "detail": {
        "headBefore": [
          13,
          5
        ],
        "headAfter": [
          13,
          6
        ],
        "tailBefore": [
          13,
          3
        ],
        "tailAfter": [
          13,
          4
        ],
        "dir": "down"
      }
    },
    {
      "seq": 306,
      "type": "advance",
      "label": "33",
      "ts": 17537,
      "detail": {
        "headBefore": [
          13,
          6
        ],
        "headAfter": [
          13,
          7
        ],
        "tailBefore": [
          13,
          4
        ],
        "tailAfter": [
          13,
          5
        ],
        "dir": "down"
      }
    },
    {
      "seq": 307,
      "type": "advance",
      "label": "33",
      "ts": 17587,
      "detail": {
        "headBefore": [
          13,
          7
        ],
        "headAfter": [
          13,
          8
        ],
        "tailBefore": [
          13,
          5
        ],
        "tailAfter": [
          13,
          6
        ],
        "dir": "down"
      }
    },
    {
      "seq": 308,
      "type": "advance",
      "label": "33",
      "ts": 17654,
      "detail": {
        "headBefore": [
          13,
          8
        ],
        "headAfter": [
          13,
          9
        ],
        "tailBefore": [
          13,
          6
        ],
        "tailAfter": [
          13,
          7
        ],
        "dir": "down"
      }
    },
    {
      "seq": 309,
      "type": "advance",
      "label": "33",
      "ts": 17703,
      "detail": {
        "headBefore": [
          13,
          9
        ],
        "headAfter": [
          13,
          10
        ],
        "tailBefore": [
          13,
          7
        ],
        "tailAfter": [
          13,
          8
        ],
        "dir": "down"
      }
    },
    {
      "seq": 310,
      "type": "advance",
      "label": "33",
      "ts": 17754,
      "detail": {
        "headBefore": [
          13,
          10
        ],
        "headAfter": [
          13,
          11
        ],
        "tailBefore": [
          13,
          8
        ],
        "tailAfter": [
          13,
          9
        ],
        "dir": "down"
      }
    },
    {
      "seq": 311,
      "type": "advance",
      "label": "33",
      "ts": 17804,
      "detail": {
        "headBefore": [
          13,
          11
        ],
        "headAfter": [
          13,
          12
        ],
        "tailBefore": [
          13,
          9
        ],
        "tailAfter": [
          13,
          10
        ],
        "dir": "down"
      }
    },
    {
      "seq": 312,
      "type": "advance",
      "label": "33",
      "ts": 17854,
      "detail": {
        "headBefore": [
          13,
          12
        ],
        "headAfter": [
          13,
          13
        ],
        "tailBefore": [
          13,
          10
        ],
        "tailAfter": [
          13,
          11
        ],
        "dir": "down"
      }
    },
    {
      "seq": 313,
      "type": "advance",
      "label": "33",
      "ts": 17904,
      "detail": {
        "headBefore": [
          13,
          13
        ],
        "headAfter": [
          13,
          14
        ],
        "tailBefore": [
          13,
          11
        ],
        "tailAfter": [
          13,
          12
        ],
        "dir": "down"
      }
    },
    {
      "seq": 314,
      "type": "click",
      "label": "34",
      "ts": 17937,
      "detail": {}
    },
    {
      "seq": 315,
      "type": "advance",
      "label": "34",
      "ts": 17937,
      "detail": {
        "headBefore": [
          0,
          9
        ],
        "headAfter": [
          0,
          10
        ],
        "tailBefore": [
          0,
          6
        ],
        "tailAfter": [
          0,
          7
        ],
        "dir": "down"
      }
    },
    {
      "seq": 316,
      "type": "advance",
      "label": "33",
      "ts": 17954,
      "detail": {
        "headBefore": [
          13,
          14
        ],
        "headAfter": [
          13,
          15
        ],
        "tailBefore": [
          13,
          12
        ],
        "tailAfter": [
          13,
          13
        ],
        "dir": "down"
      }
    },
    {
      "seq": 317,
      "type": "advance",
      "label": "34",
      "ts": 17988,
      "detail": {
        "headBefore": [
          0,
          10
        ],
        "headAfter": [
          0,
          11
        ],
        "tailBefore": [
          0,
          7
        ],
        "tailAfter": [
          0,
          8
        ],
        "dir": "down"
      }
    },
    {
      "seq": 318,
      "type": "advance",
      "label": "33",
      "ts": 18004,
      "detail": {
        "headBefore": [
          13,
          15
        ],
        "headAfter": [
          13,
          16
        ],
        "tailBefore": [
          13,
          13
        ],
        "tailAfter": [
          13,
          14
        ],
        "dir": "down"
      }
    },
    {
      "seq": 319,
      "type": "advance",
      "label": "34",
      "ts": 18037,
      "detail": {
        "headBefore": [
          0,
          11
        ],
        "headAfter": [
          0,
          12
        ],
        "tailBefore": [
          0,
          8
        ],
        "tailAfter": [
          0,
          9
        ],
        "dir": "down"
      }
    },
    {
      "seq": 320,
      "type": "advance",
      "label": "33",
      "ts": 18054,
      "detail": {
        "headBefore": [
          13,
          16
        ],
        "headAfter": [
          13,
          17
        ],
        "tailBefore": [
          13,
          14
        ],
        "tailAfter": [
          13,
          15
        ],
        "dir": "down"
      }
    },
    {
      "seq": 321,
      "type": "advance",
      "label": "34",
      "ts": 18087,
      "detail": {
        "headBefore": [
          0,
          12
        ],
        "headAfter": [
          0,
          13
        ],
        "tailBefore": [
          0,
          9
        ],
        "tailAfter": [
          0,
          10
        ],
        "dir": "down"
      }
    },
    {
      "seq": 322,
      "type": "advance",
      "label": "33",
      "ts": 18104,
      "detail": {
        "headBefore": [
          13,
          17
        ],
        "headAfter": [
          13,
          18
        ],
        "tailBefore": [
          13,
          15
        ],
        "tailAfter": [
          13,
          16
        ],
        "dir": "down"
      }
    },
    {
      "seq": 323,
      "type": "advance",
      "label": "34",
      "ts": 18137,
      "detail": {
        "headBefore": [
          0,
          13
        ],
        "headAfter": [
          0,
          14
        ],
        "tailBefore": [
          0,
          10
        ],
        "tailAfter": [
          0,
          11
        ],
        "dir": "down"
      }
    },
    {
      "seq": 324,
      "type": "advance",
      "label": "33",
      "ts": 18154,
      "detail": {
        "headBefore": [
          13,
          18
        ],
        "headAfter": [
          13,
          19
        ],
        "tailBefore": [
          13,
          16
        ],
        "tailAfter": [
          13,
          17
        ],
        "dir": "down"
      }
    },
    {
      "seq": 325,
      "type": "advance",
      "label": "34",
      "ts": 18188,
      "detail": {
        "headBefore": [
          0,
          14
        ],
        "headAfter": [
          0,
          15
        ],
        "tailBefore": [
          0,
          11
        ],
        "tailAfter": [
          0,
          12
        ],
        "dir": "down"
      }
    },
    {
      "seq": 326,
      "type": "advance",
      "label": "33",
      "ts": 18204,
      "detail": {
        "headBefore": [
          13,
          19
        ],
        "headAfter": [
          13,
          20
        ],
        "tailBefore": [
          13,
          17
        ],
        "tailAfter": [
          13,
          18
        ],
        "dir": "down"
      }
    },
    {
      "seq": 327,
      "type": "advance",
      "label": "34",
      "ts": 18238,
      "detail": {
        "headBefore": [
          0,
          15
        ],
        "headAfter": [
          0,
          16
        ],
        "tailBefore": [
          0,
          12
        ],
        "tailAfter": [
          0,
          13
        ],
        "dir": "down"
      }
    },
    {
      "seq": 328,
      "type": "advance",
      "label": "33",
      "ts": 18254,
      "detail": {
        "headBefore": [
          13,
          20
        ],
        "headAfter": [
          13,
          21
        ],
        "tailBefore": [
          13,
          18
        ],
        "tailAfter": [
          13,
          19
        ],
        "dir": "down"
      }
    },
    {
      "seq": 329,
      "type": "advance",
      "label": "34",
      "ts": 18288,
      "detail": {
        "headBefore": [
          0,
          16
        ],
        "headAfter": [
          0,
          17
        ],
        "tailBefore": [
          0,
          13
        ],
        "tailAfter": [
          0,
          14
        ],
        "dir": "down"
      }
    },
    {
      "seq": 330,
      "type": "advance",
      "label": "33",
      "ts": 18304,
      "detail": {
        "headBefore": [
          13,
          21
        ],
        "headAfter": [
          13,
          22
        ],
        "tailBefore": [
          13,
          19
        ],
        "tailAfter": [
          13,
          20
        ],
        "dir": "down"
      }
    },
    {
      "seq": 331,
      "type": "advance",
      "label": "34",
      "ts": 18337,
      "detail": {
        "headBefore": [
          0,
          17
        ],
        "headAfter": [
          0,
          18
        ],
        "tailBefore": [
          0,
          14
        ],
        "tailAfter": [
          0,
          15
        ],
        "dir": "down"
      }
    },
    {
      "seq": 332,
      "type": "advance",
      "label": "33",
      "ts": 18354,
      "detail": {
        "headBefore": [
          13,
          22
        ],
        "headAfter": [
          13,
          23
        ],
        "tailBefore": [
          13,
          20
        ],
        "tailAfter": [
          13,
          21
        ],
        "dir": "down"
      }
    },
    {
      "seq": 333,
      "type": "advance",
      "label": "34",
      "ts": 18388,
      "detail": {
        "headBefore": [
          0,
          18
        ],
        "headAfter": [
          0,
          19
        ],
        "tailBefore": [
          0,
          15
        ],
        "tailAfter": [
          0,
          16
        ],
        "dir": "down"
      }
    },
    {
      "seq": 334,
      "type": "advance",
      "label": "33",
      "ts": 18404,
      "detail": {
        "headBefore": [
          13,
          23
        ],
        "headAfter": [
          13,
          24
        ],
        "tailBefore": [
          13,
          21
        ],
        "tailAfter": [
          13,
          22
        ],
        "dir": "down"
      }
    },
    {
      "seq": 335,
      "type": "click",
      "label": "35",
      "ts": 18437,
      "detail": {}
    },
    {
      "seq": 336,
      "type": "advance",
      "label": "35",
      "ts": 18437,
      "detail": {
        "headBefore": [
          2,
          4
        ],
        "headAfter": [
          2,
          5
        ],
        "tailBefore": [
          5,
          4
        ],
        "tailAfter": [
          4,
          4
        ],
        "dir": "down"
      }
    },
    {
      "seq": 337,
      "type": "advance",
      "label": "34",
      "ts": 18438,
      "detail": {
        "headBefore": [
          0,
          19
        ],
        "headAfter": [
          0,
          20
        ],
        "tailBefore": [
          0,
          16
        ],
        "tailAfter": [
          0,
          17
        ],
        "dir": "down"
      }
    },
    {
      "seq": 338,
      "type": "advance",
      "label": "33",
      "ts": 18455,
      "detail": {
        "headBefore": [
          13,
          24
        ],
        "headAfter": [
          13,
          25
        ],
        "tailBefore": [
          13,
          22
        ],
        "tailAfter": [
          13,
          23
        ],
        "dir": "down"
      }
    },
    {
      "seq": 339,
      "type": "advance",
      "label": "35",
      "ts": 18488,
      "detail": {
        "headBefore": [
          2,
          5
        ],
        "headAfter": [
          2,
          6
        ],
        "tailBefore": [
          4,
          4
        ],
        "tailAfter": [
          3,
          4
        ],
        "dir": "down"
      }
    },
    {
      "seq": 340,
      "type": "advance",
      "label": "34",
      "ts": 18488,
      "detail": {
        "headBefore": [
          0,
          20
        ],
        "headAfter": [
          0,
          21
        ],
        "tailBefore": [
          0,
          17
        ],
        "tailAfter": [
          0,
          18
        ],
        "dir": "down"
      }
    },
    {
      "seq": 341,
      "type": "advance",
      "label": "33",
      "ts": 18504,
      "detail": {
        "headBefore": [
          13,
          25
        ],
        "headAfter": [
          13,
          26
        ],
        "tailBefore": [
          13,
          23
        ],
        "tailAfter": [
          13,
          24
        ],
        "dir": "down"
      }
    },
    {
      "seq": 342,
      "type": "dispose",
      "label": "33",
      "ts": 18504,
      "detail": {}
    },
    {
      "seq": 343,
      "type": "advance",
      "label": "35",
      "ts": 18538,
      "detail": {
        "headBefore": [
          2,
          6
        ],
        "headAfter": [
          2,
          7
        ],
        "tailBefore": [
          3,
          4
        ],
        "tailAfter": [
          3,
          3
        ],
        "dir": "down"
      }
    },
    {
      "seq": 344,
      "type": "advance",
      "label": "34",
      "ts": 18538,
      "detail": {
        "headBefore": [
          0,
          21
        ],
        "headAfter": [
          0,
          22
        ],
        "tailBefore": [
          0,
          18
        ],
        "tailAfter": [
          0,
          19
        ],
        "dir": "down"
      }
    },
    {
      "seq": 345,
      "type": "advance",
      "label": "35",
      "ts": 18588,
      "detail": {
        "headBefore": [
          2,
          7
        ],
        "headAfter": [
          2,
          8
        ],
        "tailBefore": [
          3,
          3
        ],
        "tailAfter": [
          2,
          3
        ],
        "dir": "down"
      }
    },
    {
      "seq": 346,
      "type": "advance",
      "label": "34",
      "ts": 18588,
      "detail": {
        "headBefore": [
          0,
          22
        ],
        "headAfter": [
          0,
          23
        ],
        "tailBefore": [
          0,
          19
        ],
        "tailAfter": [
          0,
          20
        ],
        "dir": "down"
      }
    },
    {
      "seq": 347,
      "type": "advance",
      "label": "35",
      "ts": 18637,
      "detail": {
        "headBefore": [
          2,
          8
        ],
        "headAfter": [
          2,
          9
        ],
        "tailBefore": [
          2,
          3
        ],
        "tailAfter": [
          2,
          4
        ],
        "dir": "down"
      }
    },
    {
      "seq": 348,
      "type": "advance",
      "label": "34",
      "ts": 18638,
      "detail": {
        "headBefore": [
          0,
          23
        ],
        "headAfter": [
          0,
          24
        ],
        "tailBefore": [
          0,
          20
        ],
        "tailAfter": [
          0,
          21
        ],
        "dir": "down"
      }
    },
    {
      "seq": 349,
      "type": "advance",
      "label": "35",
      "ts": 18688,
      "detail": {
        "headBefore": [
          2,
          9
        ],
        "headAfter": [
          2,
          10
        ],
        "tailBefore": [
          2,
          4
        ],
        "tailAfter": [
          2,
          5
        ],
        "dir": "down"
      }
    },
    {
      "seq": 350,
      "type": "advance",
      "label": "34",
      "ts": 18688,
      "detail": {
        "headBefore": [
          0,
          24
        ],
        "headAfter": [
          0,
          25
        ],
        "tailBefore": [
          0,
          21
        ],
        "tailAfter": [
          0,
          22
        ],
        "dir": "down"
      }
    },
    {
      "seq": 351,
      "type": "advance",
      "label": "35",
      "ts": 18738,
      "detail": {
        "headBefore": [
          2,
          10
        ],
        "headAfter": [
          2,
          11
        ],
        "tailBefore": [
          2,
          5
        ],
        "tailAfter": [
          2,
          6
        ],
        "dir": "down"
      }
    },
    {
      "seq": 352,
      "type": "advance",
      "label": "34",
      "ts": 18739,
      "detail": {
        "headBefore": [
          0,
          25
        ],
        "headAfter": [
          0,
          26
        ],
        "tailBefore": [
          0,
          22
        ],
        "tailAfter": [
          0,
          23
        ],
        "dir": "down"
      }
    },
    {
      "seq": 353,
      "type": "advance",
      "label": "35",
      "ts": 18788,
      "detail": {
        "headBefore": [
          2,
          11
        ],
        "headAfter": [
          2,
          12
        ],
        "tailBefore": [
          2,
          6
        ],
        "tailAfter": [
          2,
          7
        ],
        "dir": "down"
      }
    },
    {
      "seq": 354,
      "type": "advance",
      "label": "34",
      "ts": 18788,
      "detail": {
        "headBefore": [
          0,
          26
        ],
        "headAfter": [
          0,
          27
        ],
        "tailBefore": [
          0,
          23
        ],
        "tailAfter": [
          0,
          24
        ],
        "dir": "down"
      }
    },
    {
      "seq": 355,
      "type": "dispose",
      "label": "34",
      "ts": 18788,
      "detail": {}
    },
    {
      "seq": 356,
      "type": "advance",
      "label": "35",
      "ts": 18838,
      "detail": {
        "headBefore": [
          2,
          12
        ],
        "headAfter": [
          2,
          13
        ],
        "tailBefore": [
          2,
          7
        ],
        "tailAfter": [
          2,
          8
        ],
        "dir": "down"
      }
    },
    {
      "seq": 357,
      "type": "collision",
      "label": "35",
      "ts": 18887,
      "detail": {
        "blocker": "41",
        "headCol": 2,
        "headRow": 14
      }
    },
    {
      "seq": 358,
      "type": "retreat",
      "label": "35",
      "ts": 18888,
      "detail": {
        "headBefore": [
          2,
          13
        ],
        "headAfter": [
          2,
          12
        ],
        "tailBefore": [
          2,
          8
        ],
        "tailAfter": [
          2,
          7
        ],
        "dir": "down"
      }
    },
    {
      "seq": 359,
      "type": "click",
      "label": "36",
      "ts": 18938,
      "detail": {}
    },
    {
      "seq": 360,
      "type": "advance",
      "label": "36",
      "ts": 18938,
      "detail": {
        "headBefore": [
          11,
          5
        ],
        "headAfter": [
          12,
          5
        ],
        "tailBefore": [
          9,
          3
        ],
        "tailAfter": [
          10,
          3
        ],
        "dir": "right"
      }
    },
    {
      "seq": 361,
      "type": "retreat",
      "label": "35",
      "ts": 18939,
      "detail": {
        "headBefore": [
          2,
          12
        ],
        "headAfter": [
          2,
          11
        ],
        "tailBefore": [
          2,
          7
        ],
        "tailAfter": [
          2,
          6
        ],
        "dir": "down"
      }
    },
    {
      "seq": 362,
      "type": "advance",
      "label": "36",
      "ts": 18988,
      "detail": {
        "headBefore": [
          12,
          5
        ],
        "headAfter": [
          13,
          5
        ],
        "tailBefore": [
          10,
          3
        ],
        "tailAfter": [
          10,
          4
        ],
        "dir": "right"
      }
    },
    {
      "seq": 363,
      "type": "retreat",
      "label": "35",
      "ts": 18989,
      "detail": {
        "headBefore": [
          2,
          11
        ],
        "headAfter": [
          2,
          10
        ],
        "tailBefore": [
          2,
          6
        ],
        "tailAfter": [
          2,
          5
        ],
        "dir": "down"
      }
    },
    {
      "seq": 364,
      "type": "advance",
      "label": "36",
      "ts": 19038,
      "detail": {
        "headBefore": [
          13,
          5
        ],
        "headAfter": [
          14,
          5
        ],
        "tailBefore": [
          10,
          4
        ],
        "tailAfter": [
          10,
          5
        ],
        "dir": "right"
      }
    },
    {
      "seq": 365,
      "type": "retreat",
      "label": "35",
      "ts": 19039,
      "detail": {
        "headBefore": [
          2,
          10
        ],
        "headAfter": [
          2,
          9
        ],
        "tailBefore": [
          2,
          5
        ],
        "tailAfter": [
          2,
          4
        ],
        "dir": "down"
      }
    },
    {
      "seq": 366,
      "type": "advance",
      "label": "36",
      "ts": 19088,
      "detail": {
        "headBefore": [
          14,
          5
        ],
        "headAfter": [
          15,
          5
        ],
        "tailBefore": [
          10,
          5
        ],
        "tailAfter": [
          11,
          5
        ],
        "dir": "right"
      }
    },
    {
      "seq": 367,
      "type": "retreat",
      "label": "35",
      "ts": 19088,
      "detail": {
        "headBefore": [
          2,
          9
        ],
        "headAfter": [
          2,
          8
        ],
        "tailBefore": [
          2,
          4
        ],
        "tailAfter": [
          2,
          3
        ],
        "dir": "down"
      }
    },
    {
      "seq": 368,
      "type": "advance",
      "label": "36",
      "ts": 19138,
      "detail": {
        "headBefore": [
          15,
          5
        ],
        "headAfter": [
          16,
          5
        ],
        "tailBefore": [
          11,
          5
        ],
        "tailAfter": [
          12,
          5
        ],
        "dir": "right"
      }
    },
    {
      "seq": 369,
      "type": "retreat",
      "label": "35",
      "ts": 19139,
      "detail": {
        "headBefore": [
          2,
          8
        ],
        "headAfter": [
          2,
          7
        ],
        "tailBefore": [
          2,
          3
        ],
        "tailAfter": [
          3,
          3
        ],
        "dir": "down"
      }
    },
    {
      "seq": 370,
      "type": "advance",
      "label": "36",
      "ts": 19188,
      "detail": {
        "headBefore": [
          16,
          5
        ],
        "headAfter": [
          17,
          5
        ],
        "tailBefore": [
          12,
          5
        ],
        "tailAfter": [
          13,
          5
        ],
        "dir": "right"
      }
    },
    {
      "seq": 371,
      "type": "retreat",
      "label": "35",
      "ts": 19189,
      "detail": {
        "headBefore": [
          2,
          7
        ],
        "headAfter": [
          2,
          6
        ],
        "tailBefore": [
          3,
          3
        ],
        "tailAfter": [
          3,
          4
        ],
        "dir": "left"
      }
    },
    {
      "seq": 372,
      "type": "advance",
      "label": "36",
      "ts": 19238,
      "detail": {
        "headBefore": [
          17,
          5
        ],
        "headAfter": [
          18,
          5
        ],
        "tailBefore": [
          13,
          5
        ],
        "tailAfter": [
          14,
          5
        ],
        "dir": "right"
      }
    },
    {
      "seq": 373,
      "type": "dispose",
      "label": "36",
      "ts": 19238,
      "detail": {}
    },
    {
      "seq": 374,
      "type": "retreat",
      "label": "35",
      "ts": 19239,
      "detail": {
        "headBefore": [
          2,
          6
        ],
        "headAfter": [
          2,
          5
        ],
        "tailBefore": [
          3,
          4
        ],
        "tailAfter": [
          4,
          4
        ],
        "dir": "up"
      }
    },
    {
      "seq": 375,
      "type": "retreat",
      "label": "35",
      "ts": 19288,
      "detail": {
        "headBefore": [
          2,
          5
        ],
        "headAfter": [
          2,
          4
        ],
        "tailBefore": [
          4,
          4
        ],
        "tailAfter": [
          5,
          4
        ],
        "dir": "left"
      }
    },
    {
      "seq": 376,
      "type": "click",
      "label": "37",
      "ts": 19438,
      "detail": {}
    },
    {
      "seq": 377,
      "type": "advance",
      "label": "37",
      "ts": 19439,
      "detail": {
        "headBefore": [
          9,
          5
        ],
        "headAfter": [
          9,
          6
        ],
        "tailBefore": [
          8,
          5
        ],
        "tailAfter": [
          7,
          5
        ],
        "dir": "down"
      }
    },
    {
      "seq": 378,
      "type": "advance",
      "label": "37",
      "ts": 19489,
      "detail": {
        "headBefore": [
          9,
          6
        ],
        "headAfter": [
          9,
          7
        ],
        "tailBefore": [
          7,
          5
        ],
        "tailAfter": [
          7,
          4
        ],
        "dir": "down"
      }
    },
    {
      "seq": 379,
      "type": "advance",
      "label": "37",
      "ts": 19539,
      "detail": {
        "headBefore": [
          9,
          7
        ],
        "headAfter": [
          9,
          8
        ],
        "tailBefore": [
          7,
          4
        ],
        "tailAfter": [
          8,
          4
        ],
        "dir": "down"
      }
    },
    {
      "seq": 380,
      "type": "advance",
      "label": "37",
      "ts": 19588,
      "detail": {
        "headBefore": [
          9,
          8
        ],
        "headAfter": [
          9,
          9
        ],
        "tailBefore": [
          8,
          4
        ],
        "tailAfter": [
          9,
          4
        ],
        "dir": "down"
      }
    },
    {
      "seq": 381,
      "type": "advance",
      "label": "37",
      "ts": 19639,
      "detail": {
        "headBefore": [
          9,
          9
        ],
        "headAfter": [
          9,
          10
        ],
        "tailBefore": [
          9,
          4
        ],
        "tailAfter": [
          9,
          5
        ],
        "dir": "down"
      }
    },
    {
      "seq": 382,
      "type": "advance",
      "label": "37",
      "ts": 19689,
      "detail": {
        "headBefore": [
          9,
          10
        ],
        "headAfter": [
          9,
          11
        ],
        "tailBefore": [
          9,
          5
        ],
        "tailAfter": [
          9,
          6
        ],
        "dir": "down"
      }
    },
    {
      "seq": 383,
      "type": "advance",
      "label": "37",
      "ts": 19739,
      "detail": {
        "headBefore": [
          9,
          11
        ],
        "headAfter": [
          9,
          12
        ],
        "tailBefore": [
          9,
          6
        ],
        "tailAfter": [
          9,
          7
        ],
        "dir": "down"
      }
    },
    {
      "seq": 384,
      "type": "advance",
      "label": "37",
      "ts": 19789,
      "detail": {
        "headBefore": [
          9,
          12
        ],
        "headAfter": [
          9,
          13
        ],
        "tailBefore": [
          9,
          7
        ],
        "tailAfter": [
          9,
          8
        ],
        "dir": "down"
      }
    },
    {
      "seq": 385,
      "type": "advance",
      "label": "37",
      "ts": 19839,
      "detail": {
        "headBefore": [
          9,
          13
        ],
        "headAfter": [
          9,
          14
        ],
        "tailBefore": [
          9,
          8
        ],
        "tailAfter": [
          9,
          9
        ],
        "dir": "down"
      }
    },
    {
      "seq": 386,
      "type": "collision",
      "label": "37",
      "ts": 19888,
      "detail": {
        "blocker": "52",
        "headCol": 9,
        "headRow": 15
      }
    },
    {
      "seq": 387,
      "type": "retreat",
      "label": "37",
      "ts": 19888,
      "detail": {
        "headBefore": [
          9,
          14
        ],
        "headAfter": [
          9,
          13
        ],
        "tailBefore": [
          9,
          9
        ],
        "tailAfter": [
          9,
          8
        ],
        "dir": "down"
      }
    },
    {
      "seq": 388,
      "type": "click",
      "label": "38",
      "ts": 19938,
      "detail": {}
    },
    {
      "seq": 389,
      "type": "advance",
      "label": "38",
      "ts": 19939,
      "detail": {
        "headBefore": [
          11,
          1
        ],
        "headAfter": [
          12,
          1
        ],
        "tailBefore": [
          10,
          1
        ],
        "tailAfter": [
          11,
          1
        ],
        "dir": "right"
      }
    },
    {
      "seq": 390,
      "type": "retreat",
      "label": "37",
      "ts": 19939,
      "detail": {
        "headBefore": [
          9,
          13
        ],
        "headAfter": [
          9,
          12
        ],
        "tailBefore": [
          9,
          8
        ],
        "tailAfter": [
          9,
          7
        ],
        "dir": "down"
      }
    },
    {
      "seq": 391,
      "type": "advance",
      "label": "38",
      "ts": 19989,
      "detail": {
        "headBefore": [
          12,
          1
        ],
        "headAfter": [
          13,
          1
        ],
        "tailBefore": [
          11,
          1
        ],
        "tailAfter": [
          12,
          1
        ],
        "dir": "right"
      }
    },
    {
      "seq": 392,
      "type": "retreat",
      "label": "37",
      "ts": 19989,
      "detail": {
        "headBefore": [
          9,
          12
        ],
        "headAfter": [
          9,
          11
        ],
        "tailBefore": [
          9,
          7
        ],
        "tailAfter": [
          9,
          6
        ],
        "dir": "down"
      }
    },
    {
      "seq": 393,
      "type": "advance",
      "label": "38",
      "ts": 20039,
      "detail": {
        "headBefore": [
          13,
          1
        ],
        "headAfter": [
          14,
          1
        ],
        "tailBefore": [
          12,
          1
        ],
        "tailAfter": [
          13,
          1
        ],
        "dir": "right"
      }
    },
    {
      "seq": 394,
      "type": "retreat",
      "label": "37",
      "ts": 20040,
      "detail": {
        "headBefore": [
          9,
          11
        ],
        "headAfter": [
          9,
          10
        ],
        "tailBefore": [
          9,
          6
        ],
        "tailAfter": [
          9,
          5
        ],
        "dir": "down"
      }
    },
    {
      "seq": 395,
      "type": "advance",
      "label": "38",
      "ts": 20089,
      "detail": {
        "headBefore": [
          14,
          1
        ],
        "headAfter": [
          15,
          1
        ],
        "tailBefore": [
          13,
          1
        ],
        "tailAfter": [
          14,
          1
        ],
        "dir": "right"
      }
    },
    {
      "seq": 396,
      "type": "dispose",
      "label": "38",
      "ts": 20089,
      "detail": {}
    },
    {
      "seq": 397,
      "type": "retreat",
      "label": "37",
      "ts": 20090,
      "detail": {
        "headBefore": [
          9,
          10
        ],
        "headAfter": [
          9,
          9
        ],
        "tailBefore": [
          9,
          5
        ],
        "tailAfter": [
          9,
          4
        ],
        "dir": "down"
      }
    },
    {
      "seq": 398,
      "type": "retreat",
      "label": "37",
      "ts": 20139,
      "detail": {
        "headBefore": [
          9,
          9
        ],
        "headAfter": [
          9,
          8
        ],
        "tailBefore": [
          9,
          4
        ],
        "tailAfter": [
          8,
          4
        ],
        "dir": "down"
      }
    },
    {
      "seq": 399,
      "type": "retreat",
      "label": "37",
      "ts": 20189,
      "detail": {
        "headBefore": [
          9,
          8
        ],
        "headAfter": [
          9,
          7
        ],
        "tailBefore": [
          8,
          4
        ],
        "tailAfter": [
          7,
          4
        ],
        "dir": "right"
      }
    },
    {
      "seq": 400,
      "type": "retreat",
      "label": "37",
      "ts": 20239,
      "detail": {
        "headBefore": [
          9,
          7
        ],
        "headAfter": [
          9,
          6
        ],
        "tailBefore": [
          7,
          4
        ],
        "tailAfter": [
          7,
          5
        ],
        "dir": "right"
      }
    },
    {
      "seq": 401,
      "type": "retreat",
      "label": "37",
      "ts": 20289,
      "detail": {
        "headBefore": [
          9,
          6
        ],
        "headAfter": [
          9,
          5
        ],
        "tailBefore": [
          7,
          5
        ],
        "tailAfter": [
          8,
          5
        ],
        "dir": "up"
      }
    },
    {
      "seq": 402,
      "type": "click",
      "label": "39",
      "ts": 20439,
      "detail": {}
    },
    {
      "seq": 403,
      "type": "advance",
      "label": "39",
      "ts": 20440,
      "detail": {
        "headBefore": [
          4,
          7
        ],
        "headAfter": [
          3,
          7
        ],
        "tailBefore": [
          5,
          6
        ],
        "tailAfter": [
          5,
          7
        ],
        "dir": "left"
      }
    },
    {
      "seq": 404,
      "type": "advance",
      "label": "39",
      "ts": 20489,
      "detail": {
        "headBefore": [
          3,
          7
        ],
        "headAfter": [
          2,
          7
        ],
        "tailBefore": [
          5,
          7
        ],
        "tailAfter": [
          4,
          7
        ],
        "dir": "left"
      }
    },
    {
      "seq": 405,
      "type": "advance",
      "label": "39",
      "ts": 20539,
      "detail": {
        "headBefore": [
          2,
          7
        ],
        "headAfter": [
          1,
          7
        ],
        "tailBefore": [
          4,
          7
        ],
        "tailAfter": [
          3,
          7
        ],
        "dir": "left"
      }
    },
    {
      "seq": 406,
      "type": "advance",
      "label": "39",
      "ts": 20589,
      "detail": {
        "headBefore": [
          1,
          7
        ],
        "headAfter": [
          0,
          7
        ],
        "tailBefore": [
          3,
          7
        ],
        "tailAfter": [
          2,
          7
        ],
        "dir": "left"
      }
    },
    {
      "seq": 407,
      "type": "advance",
      "label": "39",
      "ts": 20640,
      "detail": {
        "headBefore": [
          0,
          7
        ],
        "headAfter": [
          -1,
          7
        ],
        "tailBefore": [
          2,
          7
        ],
        "tailAfter": [
          1,
          7
        ],
        "dir": "left"
      }
    },
    {
      "seq": 408,
      "type": "advance",
      "label": "39",
      "ts": 20690,
      "detail": {
        "headBefore": [
          -1,
          7
        ],
        "headAfter": [
          -2,
          7
        ],
        "tailBefore": [
          1,
          7
        ],
        "tailAfter": [
          0,
          7
        ],
        "dir": "left"
      }
    },
    {
      "seq": 409,
      "type": "advance",
      "label": "39",
      "ts": 20740,
      "detail": {
        "headBefore": [
          -2,
          7
        ],
        "headAfter": [
          -3,
          7
        ],
        "tailBefore": [
          0,
          7
        ],
        "tailAfter": [
          -1,
          7
        ],
        "dir": "left"
      }
    },
    {
      "seq": 410,
      "type": "dispose",
      "label": "39",
      "ts": 20740,
      "detail": {}
    },
    {
      "seq": 411,
      "type": "click",
      "label": "40",
      "ts": 20939,
      "detail": {}
    },
    {
      "seq": 412,
      "type": "advance",
      "label": "40",
      "ts": 20939,
      "detail": {
        "headBefore": [
          4,
          8
        ],
        "headAfter": [
          3,
          8
        ],
        "tailBefore": [
          6,
          8
        ],
        "tailAfter": [
          5,
          8
        ],
        "dir": "left"
      }
    },
    {
      "seq": 413,
      "type": "advance",
      "label": "40",
      "ts": 20989,
      "detail": {
        "headBefore": [
          3,
          8
        ],
        "headAfter": [
          2,
          8
        ],
        "tailBefore": [
          5,
          8
        ],
        "tailAfter": [
          4,
          8
        ],
        "dir": "left"
      }
    },
    {
      "seq": 414,
      "type": "advance",
      "label": "40",
      "ts": 21040,
      "detail": {
        "headBefore": [
          2,
          8
        ],
        "headAfter": [
          1,
          8
        ],
        "tailBefore": [
          4,
          8
        ],
        "tailAfter": [
          3,
          8
        ],
        "dir": "left"
      }
    },
    {
      "seq": 415,
      "type": "advance",
      "label": "40",
      "ts": 21090,
      "detail": {
        "headBefore": [
          1,
          8
        ],
        "headAfter": [
          0,
          8
        ],
        "tailBefore": [
          3,
          8
        ],
        "tailAfter": [
          2,
          8
        ],
        "dir": "left"
      }
    },
    {
      "seq": 416,
      "type": "advance",
      "label": "40",
      "ts": 21140,
      "detail": {
        "headBefore": [
          0,
          8
        ],
        "headAfter": [
          -1,
          8
        ],
        "tailBefore": [
          2,
          8
        ],
        "tailAfter": [
          1,
          8
        ],
        "dir": "left"
      }
    },
    {
      "seq": 417,
      "type": "advance",
      "label": "40",
      "ts": 21189,
      "detail": {
        "headBefore": [
          -1,
          8
        ],
        "headAfter": [
          -2,
          8
        ],
        "tailBefore": [
          1,
          8
        ],
        "tailAfter": [
          0,
          8
        ],
        "dir": "left"
      }
    },
    {
      "seq": 418,
      "type": "advance",
      "label": "40",
      "ts": 21240,
      "detail": {
        "headBefore": [
          -2,
          8
        ],
        "headAfter": [
          -3,
          8
        ],
        "tailBefore": [
          0,
          8
        ],
        "tailAfter": [
          -1,
          8
        ],
        "dir": "left"
      }
    },
    {
      "seq": 419,
      "type": "dispose",
      "label": "40",
      "ts": 21240,
      "detail": {}
    },
    {
      "seq": 420,
      "type": "click",
      "label": "41",
      "ts": 21439,
      "detail": {}
    },
    {
      "seq": 421,
      "type": "advance",
      "label": "41",
      "ts": 21440,
      "detail": {
        "headBefore": [
          2,
          14
        ],
        "headAfter": [
          1,
          14
        ],
        "tailBefore": [
          3,
          10
        ],
        "tailAfter": [
          3,
          11
        ],
        "dir": "left"
      }
    },
    {
      "seq": 422,
      "type": "advance",
      "label": "41",
      "ts": 21490,
      "detail": {
        "headBefore": [
          1,
          14
        ],
        "headAfter": [
          0,
          14
        ],
        "tailBefore": [
          3,
          11
        ],
        "tailAfter": [
          4,
          11
        ],
        "dir": "left"
      }
    },
    {
      "seq": 423,
      "type": "advance",
      "label": "41",
      "ts": 21540,
      "detail": {
        "headBefore": [
          0,
          14
        ],
        "headAfter": [
          -1,
          14
        ],
        "tailBefore": [
          4,
          11
        ],
        "tailAfter": [
          4,
          12
        ],
        "dir": "left"
      }
    },
    {
      "seq": 424,
      "type": "advance",
      "label": "41",
      "ts": 21590,
      "detail": {
        "headBefore": [
          -1,
          14
        ],
        "headAfter": [
          -2,
          14
        ],
        "tailBefore": [
          4,
          12
        ],
        "tailAfter": [
          4,
          13
        ],
        "dir": "left"
      }
    },
    {
      "seq": 425,
      "type": "advance",
      "label": "41",
      "ts": 21640,
      "detail": {
        "headBefore": [
          -2,
          14
        ],
        "headAfter": [
          -3,
          14
        ],
        "tailBefore": [
          4,
          13
        ],
        "tailAfter": [
          3,
          13
        ],
        "dir": "left"
      }
    },
    {
      "seq": 426,
      "type": "advance",
      "label": "41",
      "ts": 21690,
      "detail": {
        "headBefore": [
          -3,
          14
        ],
        "headAfter": [
          -4,
          14
        ],
        "tailBefore": [
          3,
          13
        ],
        "tailAfter": [
          3,
          14
        ],
        "dir": "left"
      }
    },
    {
      "seq": 427,
      "type": "advance",
      "label": "41",
      "ts": 21740,
      "detail": {
        "headBefore": [
          -4,
          14
        ],
        "headAfter": [
          -5,
          14
        ],
        "tailBefore": [
          3,
          14
        ],
        "tailAfter": [
          2,
          14
        ],
        "dir": "left"
      }
    },
    {
      "seq": 428,
      "type": "advance",
      "label": "41",
      "ts": 21790,
      "detail": {
        "headBefore": [
          -5,
          14
        ],
        "headAfter": [
          -6,
          14
        ],
        "tailBefore": [
          2,
          14
        ],
        "tailAfter": [
          1,
          14
        ],
        "dir": "left"
      }
    },
    {
      "seq": 429,
      "type": "advance",
      "label": "41",
      "ts": 21840,
      "detail": {
        "headBefore": [
          -6,
          14
        ],
        "headAfter": [
          -7,
          14
        ],
        "tailBefore": [
          1,
          14
        ],
        "tailAfter": [
          0,
          14
        ],
        "dir": "left"
      }
    },
    {
      "seq": 430,
      "type": "advance",
      "label": "41",
      "ts": 21890,
      "detail": {
        "headBefore": [
          -7,
          14
        ],
        "headAfter": [
          -8,
          14
        ],
        "tailBefore": [
          0,
          14
        ],
        "tailAfter": [
          -1,
          14
        ],
        "dir": "left"
      }
    },
    {
      "seq": 431,
      "type": "dispose",
      "label": "41",
      "ts": 21890,
      "detail": {}
    },
    {
      "seq": 432,
      "type": "click",
      "label": "42",
      "ts": 21939,
      "detail": {}
    },
    {
      "seq": 433,
      "type": "advance",
      "label": "42",
      "ts": 21940,
      "detail": {
        "headBefore": [
          7,
          11
        ],
        "headAfter": [
          7,
          12
        ],
        "tailBefore": [
          5,
          11
        ],
        "tailAfter": [
          6,
          11
        ],
        "dir": "down"
      }
    },
    {
      "seq": 434,
      "type": "advance",
      "label": "42",
      "ts": 21990,
      "detail": {
        "headBefore": [
          7,
          12
        ],
        "headAfter": [
          7,
          13
        ],
        "tailBefore": [
          6,
          11
        ],
        "tailAfter": [
          6,
          10
        ],
        "dir": "down"
      }
    },
    {
      "seq": 435,
      "type": "advance",
      "label": "42",
      "ts": 22040,
      "detail": {
        "headBefore": [
          7,
          13
        ],
        "headAfter": [
          7,
          14
        ],
        "tailBefore": [
          6,
          10
        ],
        "tailAfter": [
          7,
          10
        ],
        "dir": "down"
      }
    },
    {
      "seq": 436,
      "type": "collision",
      "label": "42",
      "ts": 22090,
      "detail": {
        "blocker": "50",
        "headCol": 7,
        "headRow": 15
      }
    },
    {
      "seq": 437,
      "type": "retreat",
      "label": "42",
      "ts": 22091,
      "detail": {
        "headBefore": [
          7,
          14
        ],
        "headAfter": [
          7,
          13
        ],
        "tailBefore": [
          7,
          10
        ],
        "tailAfter": [
          6,
          10
        ],
        "dir": "down"
      }
    },
    {
      "seq": 438,
      "type": "retreat",
      "label": "42",
      "ts": 22140,
      "detail": {
        "headBefore": [
          7,
          13
        ],
        "headAfter": [
          7,
          12
        ],
        "tailBefore": [
          6,
          10
        ],
        "tailAfter": [
          6,
          11
        ],
        "dir": "right"
      }
    },
    {
      "seq": 439,
      "type": "retreat",
      "label": "42",
      "ts": 22191,
      "detail": {
        "headBefore": [
          7,
          12
        ],
        "headAfter": [
          7,
          11
        ],
        "tailBefore": [
          6,
          11
        ],
        "tailAfter": [
          5,
          11
        ],
        "dir": "up"
      }
    },
    {
      "seq": 440,
      "type": "click",
      "label": "43",
      "ts": 22440,
      "detail": {}
    },
    {
      "seq": 441,
      "type": "advance",
      "label": "43",
      "ts": 22441,
      "detail": {
        "headBefore": [
          8,
          10
        ],
        "headAfter": [
          8,
          11
        ],
        "tailBefore": [
          6,
          9
        ],
        "tailAfter": [
          7,
          9
        ],
        "dir": "down"
      }
    },
    {
      "seq": 442,
      "type": "advance",
      "label": "43",
      "ts": 22491,
      "detail": {
        "headBefore": [
          8,
          11
        ],
        "headAfter": [
          8,
          12
        ],
        "tailBefore": [
          7,
          9
        ],
        "tailAfter": [
          7,
          8
        ],
        "dir": "down"
      }
    },
    {
      "seq": 443,
      "type": "advance",
      "label": "43",
      "ts": 22541,
      "detail": {
        "headBefore": [
          8,
          12
        ],
        "headAfter": [
          8,
          13
        ],
        "tailBefore": [
          7,
          8
        ],
        "tailAfter": [
          8,
          8
        ],
        "dir": "down"
      }
    },
    {
      "seq": 444,
      "type": "advance",
      "label": "43",
      "ts": 22591,
      "detail": {
        "headBefore": [
          8,
          13
        ],
        "headAfter": [
          8,
          14
        ],
        "tailBefore": [
          8,
          8
        ],
        "tailAfter": [
          8,
          9
        ],
        "dir": "down"
      }
    },
    {
      "seq": 445,
      "type": "collision",
      "label": "43",
      "ts": 22640,
      "detail": {
        "blocker": "52",
        "headCol": 8,
        "headRow": 15
      }
    },
    {
      "seq": 446,
      "type": "retreat",
      "label": "43",
      "ts": 22641,
      "detail": {
        "headBefore": [
          8,
          14
        ],
        "headAfter": [
          8,
          13
        ],
        "tailBefore": [
          8,
          9
        ],
        "tailAfter": [
          8,
          8
        ],
        "dir": "down"
      }
    },
    {
      "seq": 447,
      "type": "retreat",
      "label": "43",
      "ts": 22691,
      "detail": {
        "headBefore": [
          8,
          13
        ],
        "headAfter": [
          8,
          12
        ],
        "tailBefore": [
          8,
          8
        ],
        "tailAfter": [
          7,
          8
        ],
        "dir": "down"
      }
    },
    {
      "seq": 448,
      "type": "retreat",
      "label": "43",
      "ts": 22741,
      "detail": {
        "headBefore": [
          8,
          12
        ],
        "headAfter": [
          8,
          11
        ],
        "tailBefore": [
          7,
          8
        ],
        "tailAfter": [
          7,
          9
        ],
        "dir": "right"
      }
    },
    {
      "seq": 449,
      "type": "retreat",
      "label": "43",
      "ts": 22791,
      "detail": {
        "headBefore": [
          8,
          11
        ],
        "headAfter": [
          8,
          10
        ],
        "tailBefore": [
          7,
          9
        ],
        "tailAfter": [
          6,
          9
        ],
        "dir": "up"
      }
    },
    {
      "seq": 450,
      "type": "click",
      "label": "44",
      "ts": 22941,
      "detail": {}
    },
    {
      "seq": 451,
      "type": "advance",
      "label": "44",
      "ts": 22941,
      "detail": {
        "headBefore": [
          3,
          9
        ],
        "headAfter": [
          2,
          9
        ],
        "tailBefore": [
          4,
          9
        ],
        "tailAfter": [
          3,
          9
        ],
        "dir": "left"
      }
    },
    {
      "seq": 452,
      "type": "advance",
      "label": "44",
      "ts": 22991,
      "detail": {
        "headBefore": [
          2,
          9
        ],
        "headAfter": [
          1,
          9
        ],
        "tailBefore": [
          3,
          9
        ],
        "tailAfter": [
          2,
          9
        ],
        "dir": "left"
      }
    },
    {
      "seq": 453,
      "type": "advance",
      "label": "44",
      "ts": 23041,
      "detail": {
        "headBefore": [
          1,
          9
        ],
        "headAfter": [
          0,
          9
        ],
        "tailBefore": [
          2,
          9
        ],
        "tailAfter": [
          1,
          9
        ],
        "dir": "left"
      }
    },
    {
      "seq": 454,
      "type": "advance",
      "label": "44",
      "ts": 23091,
      "detail": {
        "headBefore": [
          0,
          9
        ],
        "headAfter": [
          -1,
          9
        ],
        "tailBefore": [
          1,
          9
        ],
        "tailAfter": [
          0,
          9
        ],
        "dir": "left"
      }
    },
    {
      "seq": 455,
      "type": "advance",
      "label": "44",
      "ts": 23141,
      "detail": {
        "headBefore": [
          -1,
          9
        ],
        "headAfter": [
          -2,
          9
        ],
        "tailBefore": [
          0,
          9
        ],
        "tailAfter": [
          -1,
          9
        ],
        "dir": "left"
      }
    },
    {
      "seq": 456,
      "type": "dispose",
      "label": "44",
      "ts": 23141,
      "detail": {}
    },
    {
      "seq": 457,
      "type": "click",
      "label": "45",
      "ts": 23441,
      "detail": {}
    },
    {
      "seq": 458,
      "type": "advance",
      "label": "45",
      "ts": 23442,
      "detail": {
        "headBefore": [
          7,
          7
        ],
        "headAfter": [
          8,
          7
        ],
        "tailBefore": [
          6,
          7
        ],
        "tailAfter": [
          7,
          7
        ],
        "dir": "right"
      }
    },
    {
      "seq": 459,
      "type": "advance",
      "label": "45",
      "ts": 23492,
      "detail": {
        "headBefore": [
          8,
          7
        ],
        "headAfter": [
          9,
          7
        ],
        "tailBefore": [
          7,
          7
        ],
        "tailAfter": [
          8,
          7
        ],
        "dir": "right"
      }
    },
    {
      "seq": 460,
      "type": "advance",
      "label": "45",
      "ts": 23541,
      "detail": {
        "headBefore": [
          9,
          7
        ],
        "headAfter": [
          10,
          7
        ],
        "tailBefore": [
          8,
          7
        ],
        "tailAfter": [
          9,
          7
        ],
        "dir": "right"
      }
    },
    {
      "seq": 461,
      "type": "advance",
      "label": "45",
      "ts": 23591,
      "detail": {
        "headBefore": [
          10,
          7
        ],
        "headAfter": [
          11,
          7
        ],
        "tailBefore": [
          9,
          7
        ],
        "tailAfter": [
          10,
          7
        ],
        "dir": "right"
      }
    },
    {
      "seq": 462,
      "type": "advance",
      "label": "45",
      "ts": 23642,
      "detail": {
        "headBefore": [
          11,
          7
        ],
        "headAfter": [
          12,
          7
        ],
        "tailBefore": [
          10,
          7
        ],
        "tailAfter": [
          11,
          7
        ],
        "dir": "right"
      }
    },
    {
      "seq": 463,
      "type": "advance",
      "label": "45",
      "ts": 23691,
      "detail": {
        "headBefore": [
          12,
          7
        ],
        "headAfter": [
          13,
          7
        ],
        "tailBefore": [
          11,
          7
        ],
        "tailAfter": [
          12,
          7
        ],
        "dir": "right"
      }
    },
    {
      "seq": 464,
      "type": "advance",
      "label": "45",
      "ts": 23742,
      "detail": {
        "headBefore": [
          13,
          7
        ],
        "headAfter": [
          14,
          7
        ],
        "tailBefore": [
          12,
          7
        ],
        "tailAfter": [
          13,
          7
        ],
        "dir": "right"
      }
    },
    {
      "seq": 465,
      "type": "advance",
      "label": "45",
      "ts": 23791,
      "detail": {
        "headBefore": [
          14,
          7
        ],
        "headAfter": [
          15,
          7
        ],
        "tailBefore": [
          13,
          7
        ],
        "tailAfter": [
          14,
          7
        ],
        "dir": "right"
      }
    },
    {
      "seq": 466,
      "type": "dispose",
      "label": "45",
      "ts": 23791,
      "detail": {}
    },
    {
      "seq": 467,
      "type": "click",
      "label": "46",
      "ts": 23941,
      "detail": {}
    },
    {
      "seq": 468,
      "type": "advance",
      "label": "46",
      "ts": 23942,
      "detail": {
        "headBefore": [
          3,
          17
        ],
        "headAfter": [
          2,
          17
        ],
        "tailBefore": [
          4,
          16
        ],
        "tailAfter": [
          4,
          17
        ],
        "dir": "left"
      }
    },
    {
      "seq": 469,
      "type": "advance",
      "label": "46",
      "ts": 23992,
      "detail": {
        "headBefore": [
          2,
          17
        ],
        "headAfter": [
          1,
          17
        ],
        "tailBefore": [
          4,
          17
        ],
        "tailAfter": [
          3,
          17
        ],
        "dir": "left"
      }
    },
    {
      "seq": 470,
      "type": "advance",
      "label": "46",
      "ts": 24059,
      "detail": {
        "headBefore": [
          1,
          17
        ],
        "headAfter": [
          0,
          17
        ],
        "tailBefore": [
          3,
          17
        ],
        "tailAfter": [
          2,
          17
        ],
        "dir": "left"
      }
    },
    {
      "seq": 471,
      "type": "advance",
      "label": "46",
      "ts": 24108,
      "detail": {
        "headBefore": [
          0,
          17
        ],
        "headAfter": [
          -1,
          17
        ],
        "tailBefore": [
          2,
          17
        ],
        "tailAfter": [
          1,
          17
        ],
        "dir": "left"
      }
    },
    {
      "seq": 472,
      "type": "advance",
      "label": "46",
      "ts": 24159,
      "detail": {
        "headBefore": [
          -1,
          17
        ],
        "headAfter": [
          -2,
          17
        ],
        "tailBefore": [
          1,
          17
        ],
        "tailAfter": [
          0,
          17
        ],
        "dir": "left"
      }
    },
    {
      "seq": 473,
      "type": "advance",
      "label": "46",
      "ts": 24208,
      "detail": {
        "headBefore": [
          -2,
          17
        ],
        "headAfter": [
          -3,
          17
        ],
        "tailBefore": [
          0,
          17
        ],
        "tailAfter": [
          -1,
          17
        ],
        "dir": "left"
      }
    },
    {
      "seq": 474,
      "type": "dispose",
      "label": "46",
      "ts": 24209,
      "detail": {}
    },
    {
      "seq": 475,
      "type": "click",
      "label": "47",
      "ts": 24442,
      "detail": {}
    },
    {
      "seq": 476,
      "type": "advance",
      "label": "47",
      "ts": 24442,
      "detail": {
        "headBefore": [
          2,
          20
        ],
        "headAfter": [
          2,
          21
        ],
        "tailBefore": [
          2,
          19
        ],
        "tailAfter": [
          2,
          20
        ],
        "dir": "down"
      }
    },
    {
      "seq": 477,
      "type": "advance",
      "label": "47",
      "ts": 24492,
      "detail": {
        "headBefore": [
          2,
          21
        ],
        "headAfter": [
          2,
          22
        ],
        "tailBefore": [
          2,
          20
        ],
        "tailAfter": [
          2,
          21
        ],
        "dir": "down"
      }
    },
    {
      "seq": 478,
      "type": "advance",
      "label": "47",
      "ts": 24543,
      "detail": {
        "headBefore": [
          2,
          22
        ],
        "headAfter": [
          2,
          23
        ],
        "tailBefore": [
          2,
          21
        ],
        "tailAfter": [
          2,
          22
        ],
        "dir": "down"
      }
    },
    {
      "seq": 479,
      "type": "advance",
      "label": "47",
      "ts": 24592,
      "detail": {
        "headBefore": [
          2,
          23
        ],
        "headAfter": [
          2,
          24
        ],
        "tailBefore": [
          2,
          22
        ],
        "tailAfter": [
          2,
          23
        ],
        "dir": "down"
      }
    },
    {
      "seq": 480,
      "type": "advance",
      "label": "47",
      "ts": 24659,
      "detail": {
        "headBefore": [
          2,
          24
        ],
        "headAfter": [
          2,
          25
        ],
        "tailBefore": [
          2,
          23
        ],
        "tailAfter": [
          2,
          24
        ],
        "dir": "down"
      }
    },
    {
      "seq": 481,
      "type": "dispose",
      "label": "47",
      "ts": 24659,
      "detail": {}
    },
    {
      "seq": 482,
      "type": "click",
      "label": "48",
      "ts": 24942,
      "detail": {}
    },
    {
      "seq": 483,
      "type": "advance",
      "label": "48",
      "ts": 24943,
      "detail": {
        "headBefore": [
          5,
          20
        ],
        "headAfter": [
          6,
          20
        ],
        "tailBefore": [
          3,
          20
        ],
        "tailAfter": [
          4,
          20
        ],
        "dir": "right"
      }
    },
    {
      "seq": 484,
      "type": "advance",
      "label": "48",
      "ts": 24993,
      "detail": {
        "headBefore": [
          6,
          20
        ],
        "headAfter": [
          7,
          20
        ],
        "tailBefore": [
          4,
          20
        ],
        "tailAfter": [
          5,
          20
        ],
        "dir": "right"
      }
    },
    {
      "seq": 485,
      "type": "advance",
      "label": "48",
      "ts": 25042,
      "detail": {
        "headBefore": [
          7,
          20
        ],
        "headAfter": [
          8,
          20
        ],
        "tailBefore": [
          5,
          20
        ],
        "tailAfter": [
          6,
          20
        ],
        "dir": "right"
      }
    },
    {
      "seq": 486,
      "type": "advance",
      "label": "48",
      "ts": 25093,
      "detail": {
        "headBefore": [
          8,
          20
        ],
        "headAfter": [
          9,
          20
        ],
        "tailBefore": [
          6,
          20
        ],
        "tailAfter": [
          7,
          20
        ],
        "dir": "right"
      }
    },
    {
      "seq": 487,
      "type": "advance",
      "label": "48",
      "ts": 25143,
      "detail": {
        "headBefore": [
          9,
          20
        ],
        "headAfter": [
          10,
          20
        ],
        "tailBefore": [
          7,
          20
        ],
        "tailAfter": [
          8,
          20
        ],
        "dir": "right"
      }
    },
    {
      "seq": 488,
      "type": "advance",
      "label": "48",
      "ts": 25193,
      "detail": {
        "headBefore": [
          10,
          20
        ],
        "headAfter": [
          11,
          20
        ],
        "tailBefore": [
          8,
          20
        ],
        "tailAfter": [
          9,
          20
        ],
        "dir": "right"
      }
    },
    {
      "seq": 489,
      "type": "advance",
      "label": "48",
      "ts": 25243,
      "detail": {
        "headBefore": [
          11,
          20
        ],
        "headAfter": [
          12,
          20
        ],
        "tailBefore": [
          9,
          20
        ],
        "tailAfter": [
          10,
          20
        ],
        "dir": "right"
      }
    },
    {
      "seq": 490,
      "type": "advance",
      "label": "48",
      "ts": 25293,
      "detail": {
        "headBefore": [
          12,
          20
        ],
        "headAfter": [
          13,
          20
        ],
        "tailBefore": [
          10,
          20
        ],
        "tailAfter": [
          11,
          20
        ],
        "dir": "right"
      }
    },
    {
      "seq": 491,
      "type": "advance",
      "label": "48",
      "ts": 25343,
      "detail": {
        "headBefore": [
          13,
          20
        ],
        "headAfter": [
          14,
          20
        ],
        "tailBefore": [
          11,
          20
        ],
        "tailAfter": [
          12,
          20
        ],
        "dir": "right"
      }
    },
    {
      "seq": 492,
      "type": "advance",
      "label": "48",
      "ts": 25393,
      "detail": {
        "headBefore": [
          14,
          20
        ],
        "headAfter": [
          15,
          20
        ],
        "tailBefore": [
          12,
          20
        ],
        "tailAfter": [
          13,
          20
        ],
        "dir": "right"
      }
    },
    {
      "seq": 493,
      "type": "click",
      "label": "49",
      "ts": 25442,
      "detail": {}
    },
    {
      "seq": 494,
      "type": "advance",
      "label": "49",
      "ts": 25443,
      "detail": {
        "headBefore": [
          7,
          17
        ],
        "headAfter": [
          8,
          17
        ],
        "tailBefore": [
          5,
          17
        ],
        "tailAfter": [
          6,
          17
        ],
        "dir": "right"
      }
    },
    {
      "seq": 495,
      "type": "advance",
      "label": "48",
      "ts": 25443,
      "detail": {
        "headBefore": [
          15,
          20
        ],
        "headAfter": [
          16,
          20
        ],
        "tailBefore": [
          13,
          20
        ],
        "tailAfter": [
          14,
          20
        ],
        "dir": "right"
      }
    },
    {
      "seq": 496,
      "type": "dispose",
      "label": "48",
      "ts": 25443,
      "detail": {}
    },
    {
      "seq": 497,
      "type": "advance",
      "label": "49",
      "ts": 25493,
      "detail": {
        "headBefore": [
          8,
          17
        ],
        "headAfter": [
          9,
          17
        ],
        "tailBefore": [
          6,
          17
        ],
        "tailAfter": [
          7,
          17
        ],
        "dir": "right"
      }
    },
    {
      "seq": 498,
      "type": "collision",
      "label": "49",
      "ts": 25543,
      "detail": {
        "blocker": "52",
        "headCol": 10,
        "headRow": 17
      }
    },
    {
      "seq": 499,
      "type": "retreat",
      "label": "49",
      "ts": 25543,
      "detail": {
        "headBefore": [
          9,
          17
        ],
        "headAfter": [
          8,
          17
        ],
        "tailBefore": [
          7,
          17
        ],
        "tailAfter": [
          6,
          17
        ],
        "dir": "right"
      }
    },
    {
      "seq": 500,
      "type": "retreat",
      "label": "49",
      "ts": 25593,
      "detail": {
        "headBefore": [
          8,
          17
        ],
        "headAfter": [
          7,
          17
        ],
        "tailBefore": [
          6,
          17
        ],
        "tailAfter": [
          5,
          17
        ],
        "dir": "right"
      }
    },
    {
      "seq": 501,
      "type": "click",
      "label": "50",
      "ts": 25943,
      "detail": {}
    },
    {
      "seq": 502,
      "type": "advance",
      "label": "50",
      "ts": 25943,
      "detail": {
        "headBefore": [
          5,
          15
        ],
        "headAfter": [
          4,
          15
        ],
        "tailBefore": [
          5,
          16
        ],
        "tailAfter": [
          6,
          16
        ],
        "dir": "left"
      }
    },
    {
      "seq": 503,
      "type": "advance",
      "label": "50",
      "ts": 25994,
      "detail": {
        "headBefore": [
          4,
          15
        ],
        "headAfter": [
          3,
          15
        ],
        "tailBefore": [
          6,
          16
        ],
        "tailAfter": [
          7,
          16
        ],
        "dir": "left"
      }
    },
    {
      "seq": 504,
      "type": "advance",
      "label": "50",
      "ts": 26044,
      "detail": {
        "headBefore": [
          3,
          15
        ],
        "headAfter": [
          2,
          15
        ],
        "tailBefore": [
          7,
          16
        ],
        "tailAfter": [
          7,
          15
        ],
        "dir": "left"
      }
    },
    {
      "seq": 505,
      "type": "advance",
      "label": "50",
      "ts": 26094,
      "detail": {
        "headBefore": [
          2,
          15
        ],
        "headAfter": [
          1,
          15
        ],
        "tailBefore": [
          7,
          15
        ],
        "tailAfter": [
          6,
          15
        ],
        "dir": "left"
      }
    },
    {
      "seq": 506,
      "type": "advance",
      "label": "50",
      "ts": 26143,
      "detail": {
        "headBefore": [
          1,
          15
        ],
        "headAfter": [
          0,
          15
        ],
        "tailBefore": [
          6,
          15
        ],
        "tailAfter": [
          5,
          15
        ],
        "dir": "left"
      }
    },
    {
      "seq": 507,
      "type": "advance",
      "label": "50",
      "ts": 26194,
      "detail": {
        "headBefore": [
          0,
          15
        ],
        "headAfter": [
          -1,
          15
        ],
        "tailBefore": [
          5,
          15
        ],
        "tailAfter": [
          4,
          15
        ],
        "dir": "left"
      }
    },
    {
      "seq": 508,
      "type": "advance",
      "label": "50",
      "ts": 26243,
      "detail": {
        "headBefore": [
          -1,
          15
        ],
        "headAfter": [
          -2,
          15
        ],
        "tailBefore": [
          4,
          15
        ],
        "tailAfter": [
          3,
          15
        ],
        "dir": "left"
      }
    },
    {
      "seq": 509,
      "type": "advance",
      "label": "50",
      "ts": 26294,
      "detail": {
        "headBefore": [
          -2,
          15
        ],
        "headAfter": [
          -3,
          15
        ],
        "tailBefore": [
          3,
          15
        ],
        "tailAfter": [
          2,
          15
        ],
        "dir": "left"
      }
    },
    {
      "seq": 510,
      "type": "advance",
      "label": "50",
      "ts": 26344,
      "detail": {
        "headBefore": [
          -3,
          15
        ],
        "headAfter": [
          -4,
          15
        ],
        "tailBefore": [
          2,
          15
        ],
        "tailAfter": [
          1,
          15
        ],
        "dir": "left"
      }
    },
    {
      "seq": 511,
      "type": "advance",
      "label": "50",
      "ts": 26394,
      "detail": {
        "headBefore": [
          -4,
          15
        ],
        "headAfter": [
          -5,
          15
        ],
        "tailBefore": [
          1,
          15
        ],
        "tailAfter": [
          0,
          15
        ],
        "dir": "left"
      }
    },
    {
      "seq": 512,
      "type": "click",
      "label": "51",
      "ts": 26443,
      "detail": {}
    },
    {
      "seq": 513,
      "type": "advance",
      "label": "51",
      "ts": 26444,
      "detail": {
        "headBefore": [
          6,
          18
        ],
        "headAfter": [
          7,
          18
        ],
        "tailBefore": [
          3,
          19
        ],
        "tailAfter": [
          4,
          19
        ],
        "dir": "right"
      }
    },
    {
      "seq": 514,
      "type": "advance",
      "label": "50",
      "ts": 26445,
      "detail": {
        "headBefore": [
          -5,
          15
        ],
        "headAfter": [
          -6,
          15
        ],
        "tailBefore": [
          0,
          15
        ],
        "tailAfter": [
          -1,
          15
        ],
        "dir": "left"
      }
    },
    {
      "seq": 515,
      "type": "dispose",
      "label": "50",
      "ts": 26445,
      "detail": {}
    },
    {
      "seq": 516,
      "type": "advance",
      "label": "51",
      "ts": 26494,
      "detail": {
        "headBefore": [
          7,
          18
        ],
        "headAfter": [
          8,
          18
        ],
        "tailBefore": [
          4,
          19
        ],
        "tailAfter": [
          4,
          18
        ],
        "dir": "right"
      }
    },
    {
      "seq": 517,
      "type": "advance",
      "label": "51",
      "ts": 26544,
      "detail": {
        "headBefore": [
          8,
          18
        ],
        "headAfter": [
          9,
          18
        ],
        "tailBefore": [
          4,
          18
        ],
        "tailAfter": [
          5,
          18
        ],
        "dir": "right"
      }
    },
    {
      "seq": 518,
      "type": "advance",
      "label": "51",
      "ts": 26594,
      "detail": {
        "headBefore": [
          9,
          18
        ],
        "headAfter": [
          10,
          18
        ],
        "tailBefore": [
          5,
          18
        ],
        "tailAfter": [
          6,
          18
        ],
        "dir": "right"
      }
    },
    {
      "seq": 519,
      "type": "advance",
      "label": "51",
      "ts": 26644,
      "detail": {
        "headBefore": [
          10,
          18
        ],
        "headAfter": [
          11,
          18
        ],
        "tailBefore": [
          6,
          18
        ],
        "tailAfter": [
          7,
          18
        ],
        "dir": "right"
      }
    },
    {
      "seq": 520,
      "type": "advance",
      "label": "51",
      "ts": 26694,
      "detail": {
        "headBefore": [
          11,
          18
        ],
        "headAfter": [
          12,
          18
        ],
        "tailBefore": [
          7,
          18
        ],
        "tailAfter": [
          8,
          18
        ],
        "dir": "right"
      }
    },
    {
      "seq": 521,
      "type": "advance",
      "label": "51",
      "ts": 26744,
      "detail": {
        "headBefore": [
          12,
          18
        ],
        "headAfter": [
          13,
          18
        ],
        "tailBefore": [
          8,
          18
        ],
        "tailAfter": [
          9,
          18
        ],
        "dir": "right"
      }
    },
    {
      "seq": 522,
      "type": "advance",
      "label": "51",
      "ts": 26794,
      "detail": {
        "headBefore": [
          13,
          18
        ],
        "headAfter": [
          14,
          18
        ],
        "tailBefore": [
          9,
          18
        ],
        "tailAfter": [
          10,
          18
        ],
        "dir": "right"
      }
    },
    {
      "seq": 523,
      "type": "advance",
      "label": "51",
      "ts": 26844,
      "detail": {
        "headBefore": [
          14,
          18
        ],
        "headAfter": [
          15,
          18
        ],
        "tailBefore": [
          10,
          18
        ],
        "tailAfter": [
          11,
          18
        ],
        "dir": "right"
      }
    },
    {
      "seq": 524,
      "type": "advance",
      "label": "51",
      "ts": 26894,
      "detail": {
        "headBefore": [
          15,
          18
        ],
        "headAfter": [
          16,
          18
        ],
        "tailBefore": [
          11,
          18
        ],
        "tailAfter": [
          12,
          18
        ],
        "dir": "right"
      }
    },
    {
      "seq": 525,
      "type": "click",
      "label": "52",
      "ts": 26943,
      "detail": {}
    },
    {
      "seq": 526,
      "type": "advance",
      "label": "52",
      "ts": 26944,
      "detail": {
        "headBefore": [
          11,
          17
        ],
        "headAfter": [
          12,
          17
        ],
        "tailBefore": [
          8,
          16
        ],
        "tailAfter": [
          8,
          15
        ],
        "dir": "right"
      }
    },
    {
      "seq": 527,
      "type": "advance",
      "label": "51",
      "ts": 26944,
      "detail": {
        "headBefore": [
          16,
          18
        ],
        "headAfter": [
          17,
          18
        ],
        "tailBefore": [
          12,
          18
        ],
        "tailAfter": [
          13,
          18
        ],
        "dir": "right"
      }
    },
    {
      "seq": 528,
      "type": "advance",
      "label": "52",
      "ts": 26994,
      "detail": {
        "headBefore": [
          12,
          17
        ],
        "headAfter": [
          13,
          17
        ],
        "tailBefore": [
          8,
          15
        ],
        "tailAfter": [
          9,
          15
        ],
        "dir": "right"
      }
    },
    {
      "seq": 529,
      "type": "advance",
      "label": "51",
      "ts": 26994,
      "detail": {
        "headBefore": [
          17,
          18
        ],
        "headAfter": [
          18,
          18
        ],
        "tailBefore": [
          13,
          18
        ],
        "tailAfter": [
          14,
          18
        ],
        "dir": "right"
      }
    },
    {
      "seq": 530,
      "type": "dispose",
      "label": "51",
      "ts": 26994,
      "detail": {}
    },
    {
      "seq": 531,
      "type": "advance",
      "label": "52",
      "ts": 27044,
      "detail": {
        "headBefore": [
          13,
          17
        ],
        "headAfter": [
          14,
          17
        ],
        "tailBefore": [
          9,
          15
        ],
        "tailAfter": [
          10,
          15
        ],
        "dir": "right"
      }
    },
    {
      "seq": 532,
      "type": "advance",
      "label": "52",
      "ts": 27094,
      "detail": {
        "headBefore": [
          14,
          17
        ],
        "headAfter": [
          15,
          17
        ],
        "tailBefore": [
          10,
          15
        ],
        "tailAfter": [
          10,
          14
        ],
        "dir": "right"
      }
    },
    {
      "seq": 533,
      "type": "advance",
      "label": "52",
      "ts": 27144,
      "detail": {
        "headBefore": [
          15,
          17
        ],
        "headAfter": [
          16,
          17
        ],
        "tailBefore": [
          10,
          14
        ],
        "tailAfter": [
          11,
          14
        ],
        "dir": "right"
      }
    },
    {
      "seq": 534,
      "type": "advance",
      "label": "52",
      "ts": 27194,
      "detail": {
        "headBefore": [
          16,
          17
        ],
        "headAfter": [
          17,
          17
        ],
        "tailBefore": [
          11,
          14
        ],
        "tailAfter": [
          11,
          15
        ],
        "dir": "right"
      }
    },
    {
      "seq": 535,
      "type": "advance",
      "label": "52",
      "ts": 27245,
      "detail": {
        "headBefore": [
          17,
          17
        ],
        "headAfter": [
          18,
          17
        ],
        "tailBefore": [
          11,
          15
        ],
        "tailAfter": [
          11,
          16
        ],
        "dir": "right"
      }
    },
    {
      "seq": 536,
      "type": "advance",
      "label": "52",
      "ts": 27295,
      "detail": {
        "headBefore": [
          18,
          17
        ],
        "headAfter": [
          19,
          17
        ],
        "tailBefore": [
          11,
          16
        ],
        "tailAfter": [
          10,
          16
        ],
        "dir": "right"
      }
    },
    {
      "seq": 537,
      "type": "advance",
      "label": "52",
      "ts": 27344,
      "detail": {
        "headBefore": [
          19,
          17
        ],
        "headAfter": [
          20,
          17
        ],
        "tailBefore": [
          10,
          16
        ],
        "tailAfter": [
          10,
          17
        ],
        "dir": "right"
      }
    },
    {
      "seq": 538,
      "type": "advance",
      "label": "52",
      "ts": 27394,
      "detail": {
        "headBefore": [
          20,
          17
        ],
        "headAfter": [
          21,
          17
        ],
        "tailBefore": [
          10,
          17
        ],
        "tailAfter": [
          11,
          17
        ],
        "dir": "right"
      }
    },
    {
      "seq": 539,
      "type": "click",
      "label": "53",
      "ts": 27444,
      "detail": {}
    },
    {
      "seq": 540,
      "type": "advance",
      "label": "53",
      "ts": 27444,
      "detail": {
        "headBefore": [
          9,
          1
        ],
        "headAfter": [
          10,
          1
        ],
        "tailBefore": [
          8,
          1
        ],
        "tailAfter": [
          9,
          1
        ],
        "dir": "right"
      }
    },
    {
      "seq": 541,
      "type": "advance",
      "label": "52",
      "ts": 27445,
      "detail": {
        "headBefore": [
          21,
          17
        ],
        "headAfter": [
          22,
          17
        ],
        "tailBefore": [
          11,
          17
        ],
        "tailAfter": [
          12,
          17
        ],
        "dir": "right"
      }
    },
    {
      "seq": 542,
      "type": "advance",
      "label": "53",
      "ts": 27494,
      "detail": {
        "headBefore": [
          10,
          1
        ],
        "headAfter": [
          11,
          1
        ],
        "tailBefore": [
          9,
          1
        ],
        "tailAfter": [
          10,
          1
        ],
        "dir": "right"
      }
    },
    {
      "seq": 543,
      "type": "advance",
      "label": "52",
      "ts": 27495,
      "detail": {
        "headBefore": [
          22,
          17
        ],
        "headAfter": [
          23,
          17
        ],
        "tailBefore": [
          12,
          17
        ],
        "tailAfter": [
          13,
          17
        ],
        "dir": "right"
      }
    },
    {
      "seq": 544,
      "type": "advance",
      "label": "53",
      "ts": 27545,
      "detail": {
        "headBefore": [
          11,
          1
        ],
        "headAfter": [
          12,
          1
        ],
        "tailBefore": [
          10,
          1
        ],
        "tailAfter": [
          11,
          1
        ],
        "dir": "right"
      }
    },
    {
      "seq": 545,
      "type": "advance",
      "label": "52",
      "ts": 27545,
      "detail": {
        "headBefore": [
          23,
          17
        ],
        "headAfter": [
          24,
          17
        ],
        "tailBefore": [
          13,
          17
        ],
        "tailAfter": [
          14,
          17
        ],
        "dir": "right"
      }
    },
    {
      "seq": 546,
      "type": "dispose",
      "label": "52",
      "ts": 27545,
      "detail": {}
    },
    {
      "seq": 547,
      "type": "advance",
      "label": "53",
      "ts": 27595,
      "detail": {
        "headBefore": [
          12,
          1
        ],
        "headAfter": [
          13,
          1
        ],
        "tailBefore": [
          11,
          1
        ],
        "tailAfter": [
          12,
          1
        ],
        "dir": "right"
      }
    },
    {
      "seq": 548,
      "type": "advance",
      "label": "53",
      "ts": 27645,
      "detail": {
        "headBefore": [
          13,
          1
        ],
        "headAfter": [
          14,
          1
        ],
        "tailBefore": [
          12,
          1
        ],
        "tailAfter": [
          13,
          1
        ],
        "dir": "right"
      }
    },
    {
      "seq": 549,
      "type": "advance",
      "label": "53",
      "ts": 27695,
      "detail": {
        "headBefore": [
          14,
          1
        ],
        "headAfter": [
          15,
          1
        ],
        "tailBefore": [
          13,
          1
        ],
        "tailAfter": [
          14,
          1
        ],
        "dir": "right"
      }
    },
    {
      "seq": 550,
      "type": "dispose",
      "label": "53",
      "ts": 27695,
      "detail": {}
    },
    {
      "seq": 551,
      "type": "click",
      "label": "54",
      "ts": 27944,
      "detail": {}
    },
    {
      "seq": 552,
      "type": "advance",
      "label": "54",
      "ts": 27945,
      "detail": {
        "headBefore": [
          4,
          10
        ],
        "headAfter": [
          3,
          10
        ],
        "tailBefore": [
          5,
          9
        ],
        "tailAfter": [
          5,
          10
        ],
        "dir": "left"
      }
    },
    {
      "seq": 553,
      "type": "advance",
      "label": "54",
      "ts": 27995,
      "detail": {
        "headBefore": [
          3,
          10
        ],
        "headAfter": [
          2,
          10
        ],
        "tailBefore": [
          5,
          10
        ],
        "tailAfter": [
          4,
          10
        ],
        "dir": "left"
      }
    },
    {
      "seq": 554,
      "type": "advance",
      "label": "54",
      "ts": 28045,
      "detail": {
        "headBefore": [
          2,
          10
        ],
        "headAfter": [
          1,
          10
        ],
        "tailBefore": [
          4,
          10
        ],
        "tailAfter": [
          3,
          10
        ],
        "dir": "left"
      }
    },
    {
      "seq": 555,
      "type": "advance",
      "label": "54",
      "ts": 28112,
      "detail": {
        "headBefore": [
          1,
          10
        ],
        "headAfter": [
          0,
          10
        ],
        "tailBefore": [
          3,
          10
        ],
        "tailAfter": [
          2,
          10
        ],
        "dir": "left"
      }
    },
    {
      "seq": 556,
      "type": "advance",
      "label": "54",
      "ts": 28162,
      "detail": {
        "headBefore": [
          0,
          10
        ],
        "headAfter": [
          -1,
          10
        ],
        "tailBefore": [
          2,
          10
        ],
        "tailAfter": [
          1,
          10
        ],
        "dir": "left"
      }
    },
    {
      "seq": 557,
      "type": "advance",
      "label": "54",
      "ts": 28212,
      "detail": {
        "headBefore": [
          -1,
          10
        ],
        "headAfter": [
          -2,
          10
        ],
        "tailBefore": [
          1,
          10
        ],
        "tailAfter": [
          0,
          10
        ],
        "dir": "left"
      }
    },
    {
      "seq": 558,
      "type": "advance",
      "label": "54",
      "ts": 28262,
      "detail": {
        "headBefore": [
          -2,
          10
        ],
        "headAfter": [
          -3,
          10
        ],
        "tailBefore": [
          0,
          10
        ],
        "tailAfter": [
          -1,
          10
        ],
        "dir": "left"
      }
    },
    {
      "seq": 559,
      "type": "dispose",
      "label": "54",
      "ts": 28262,
      "detail": {}
    },
    {
      "seq": 560,
      "type": "click",
      "label": "55",
      "ts": 28445,
      "detail": {}
    },
    {
      "seq": 561,
      "type": "advance",
      "label": "55",
      "ts": 28446,
      "detail": {
        "headBefore": [
          11,
          13
        ],
        "headAfter": [
          11,
          14
        ],
        "tailBefore": [
          11,
          12
        ],
        "tailAfter": [
          11,
          13
        ],
        "dir": "down"
      }
    },
    {
      "seq": 562,
      "type": "advance",
      "label": "55",
      "ts": 28512,
      "detail": {
        "headBefore": [
          11,
          14
        ],
        "headAfter": [
          11,
          15
        ],
        "tailBefore": [
          11,
          13
        ],
        "tailAfter": [
          11,
          14
        ],
        "dir": "down"
      }
    },
    {
      "seq": 563,
      "type": "advance",
      "label": "55",
      "ts": 28562,
      "detail": {
        "headBefore": [
          11,
          15
        ],
        "headAfter": [
          11,
          16
        ],
        "tailBefore": [
          11,
          14
        ],
        "tailAfter": [
          11,
          15
        ],
        "dir": "down"
      }
    },
    {
      "seq": 564,
      "type": "advance",
      "label": "55",
      "ts": 28612,
      "detail": {
        "headBefore": [
          11,
          16
        ],
        "headAfter": [
          11,
          17
        ],
        "tailBefore": [
          11,
          15
        ],
        "tailAfter": [
          11,
          16
        ],
        "dir": "down"
      }
    },
    {
      "seq": 565,
      "type": "advance",
      "label": "55",
      "ts": 28662,
      "detail": {
        "headBefore": [
          11,
          17
        ],
        "headAfter": [
          11,
          18
        ],
        "tailBefore": [
          11,
          16
        ],
        "tailAfter": [
          11,
          17
        ],
        "dir": "down"
      }
    },
    {
      "seq": 566,
      "type": "advance",
      "label": "55",
      "ts": 28712,
      "detail": {
        "headBefore": [
          11,
          18
        ],
        "headAfter": [
          11,
          19
        ],
        "tailBefore": [
          11,
          17
        ],
        "tailAfter": [
          11,
          18
        ],
        "dir": "down"
      }
    },
    {
      "seq": 567,
      "type": "advance",
      "label": "55",
      "ts": 28762,
      "detail": {
        "headBefore": [
          11,
          19
        ],
        "headAfter": [
          11,
          20
        ],
        "tailBefore": [
          11,
          18
        ],
        "tailAfter": [
          11,
          19
        ],
        "dir": "down"
      }
    },
    {
      "seq": 568,
      "type": "advance",
      "label": "55",
      "ts": 28812,
      "detail": {
        "headBefore": [
          11,
          20
        ],
        "headAfter": [
          11,
          21
        ],
        "tailBefore": [
          11,
          19
        ],
        "tailAfter": [
          11,
          20
        ],
        "dir": "down"
      }
    },
    {
      "seq": 569,
      "type": "advance",
      "label": "55",
      "ts": 28862,
      "detail": {
        "headBefore": [
          11,
          21
        ],
        "headAfter": [
          11,
          22
        ],
        "tailBefore": [
          11,
          20
        ],
        "tailAfter": [
          11,
          21
        ],
        "dir": "down"
      }
    },
    {
      "seq": 570,
      "type": "advance",
      "label": "55",
      "ts": 28913,
      "detail": {
        "headBefore": [
          11,
          22
        ],
        "headAfter": [
          11,
          23
        ],
        "tailBefore": [
          11,
          21
        ],
        "tailAfter": [
          11,
          22
        ],
        "dir": "down"
      }
    },
    {
      "seq": 571,
      "type": "advance",
      "label": "55",
      "ts": 28962,
      "detail": {
        "headBefore": [
          11,
          23
        ],
        "headAfter": [
          11,
          24
        ],
        "tailBefore": [
          11,
          22
        ],
        "tailAfter": [
          11,
          23
        ],
        "dir": "down"
      }
    },
    {
      "seq": 572,
      "type": "advance",
      "label": "55",
      "ts": 29029,
      "detail": {
        "headBefore": [
          11,
          24
        ],
        "headAfter": [
          11,
          25
        ],
        "tailBefore": [
          11,
          23
        ],
        "tailAfter": [
          11,
          24
        ],
        "dir": "down"
      }
    },
    {
      "seq": 573,
      "type": "dispose",
      "label": "55",
      "ts": 29029,
      "detail": {}
    }
  ],
  "currentState": {
    "totalLines": 55,
    "solvable": true,
    "lines": [
      {
        "index": 0,
        "label": "55",
        "round": "1-9-1",
        "flyDir": "down",
        "headCol": 11,
        "headRow": 25,
        "tailCol": 11,
        "tailRow": 12,
        "stepCount": 0,
        "path": "down×1",
        "disposed": true
      },
      {
        "index": 1,
        "label": "54",
        "round": "1-8-1",
        "flyDir": "left",
        "headCol": -3,
        "headRow": 10,
        "tailCol": 5,
        "tailRow": 9,
        "stepCount": 0,
        "path": "down×1 → left×1",
        "disposed": true
      },
      {
        "index": 2,
        "label": "53",
        "round": "1-7-1",
        "flyDir": "right",
        "headCol": 15,
        "headRow": 1,
        "tailCol": 8,
        "tailRow": 1,
        "stepCount": 0,
        "path": "right×1",
        "disposed": true
      },
      {
        "index": 3,
        "label": "52",
        "round": "1-9",
        "flyDir": "right",
        "headCol": 24,
        "headRow": 17,
        "tailCol": 8,
        "tailRow": 16,
        "stepCount": 0,
        "path": "up×1 → right×2 → up×1 → right×1 → down×2 → left×1 → down×1 → right×1",
        "disposed": true
      },
      {
        "index": 4,
        "label": "51",
        "round": "1-9",
        "flyDir": "right",
        "headCol": 18,
        "headRow": 18,
        "tailCol": 3,
        "tailRow": 19,
        "stepCount": 0,
        "path": "right×1 → up×1 → right×2",
        "disposed": true
      },
      {
        "index": 5,
        "label": "50",
        "round": "1-9",
        "flyDir": "left",
        "headCol": -6,
        "headRow": 15,
        "tailCol": 5,
        "tailRow": 16,
        "stepCount": 0,
        "path": "right×2 → up×1 → left×2",
        "disposed": true
      },
      {
        "index": 6,
        "label": "49",
        "round": "1-9",
        "flyDir": "right",
        "headCol": 7,
        "headRow": 17,
        "tailCol": 5,
        "tailRow": 17,
        "stepCount": 2,
        "path": "right×2",
        "disposed": false
      },
      {
        "index": 7,
        "label": "48",
        "round": "1-9",
        "flyDir": "right",
        "headCol": 16,
        "headRow": 20,
        "tailCol": 3,
        "tailRow": 20,
        "stepCount": 0,
        "path": "right×2",
        "disposed": true
      },
      {
        "index": 8,
        "label": "47",
        "round": "1-9",
        "flyDir": "down",
        "headCol": 2,
        "headRow": 25,
        "tailCol": 2,
        "tailRow": 19,
        "stepCount": 0,
        "path": "down×1",
        "disposed": true
      },
      {
        "index": 9,
        "label": "46",
        "round": "1-9",
        "flyDir": "left",
        "headCol": -3,
        "headRow": 17,
        "tailCol": 4,
        "tailRow": 16,
        "stepCount": 0,
        "path": "down×1 → left×1",
        "disposed": true
      },
      {
        "index": 10,
        "label": "45",
        "round": "1-8",
        "flyDir": "right",
        "headCol": 15,
        "headRow": 7,
        "tailCol": 6,
        "tailRow": 7,
        "stepCount": 0,
        "path": "right×1",
        "disposed": true
      },
      {
        "index": 11,
        "label": "44",
        "round": "1-8",
        "flyDir": "left",
        "headCol": -2,
        "headRow": 9,
        "tailCol": 4,
        "tailRow": 9,
        "stepCount": 0,
        "path": "left×1",
        "disposed": true
      },
      {
        "index": 12,
        "label": "43",
        "round": "1-8",
        "flyDir": "down",
        "headCol": 8,
        "headRow": 10,
        "tailCol": 6,
        "tailRow": 9,
        "stepCount": 5,
        "path": "right×1 → up×1 → right×1 → down×2",
        "disposed": false
      },
      {
        "index": 13,
        "label": "42",
        "round": "1-8",
        "flyDir": "down",
        "headCol": 7,
        "headRow": 11,
        "tailCol": 5,
        "tailRow": 11,
        "stepCount": 4,
        "path": "right×1 → up×1 → right×1 → down×1",
        "disposed": false
      },
      {
        "index": 14,
        "label": "41",
        "round": "1-8",
        "flyDir": "left",
        "headCol": -8,
        "headRow": 14,
        "tailCol": 3,
        "tailRow": 10,
        "stepCount": 0,
        "path": "down×1 → right×1 → down×2 → left×1 → down×1 → left×1",
        "disposed": true
      },
      {
        "index": 15,
        "label": "40",
        "round": "1-8",
        "flyDir": "left",
        "headCol": -3,
        "headRow": 8,
        "tailCol": 6,
        "tailRow": 8,
        "stepCount": 0,
        "path": "left×2",
        "disposed": true
      },
      {
        "index": 16,
        "label": "39",
        "round": "1-8",
        "flyDir": "left",
        "headCol": -3,
        "headRow": 7,
        "tailCol": 5,
        "tailRow": 6,
        "stepCount": 0,
        "path": "down×1 → left×1",
        "disposed": true
      },
      {
        "index": 17,
        "label": "38",
        "round": "1-7",
        "flyDir": "right",
        "headCol": 15,
        "headRow": 1,
        "tailCol": 10,
        "tailRow": 1,
        "stepCount": 0,
        "path": "right×1",
        "disposed": true
      },
      {
        "index": 18,
        "label": "37",
        "round": "1-7",
        "flyDir": "down",
        "headCol": 9,
        "headRow": 5,
        "tailCol": 8,
        "tailRow": 5,
        "stepCount": 5,
        "path": "left×1 → up×1 → right×2 → down×1",
        "disposed": false
      },
      {
        "index": 19,
        "label": "36",
        "round": "1-7",
        "flyDir": "right",
        "headCol": 18,
        "headRow": 5,
        "tailCol": 9,
        "tailRow": 3,
        "stepCount": 0,
        "path": "right×1 → down×2 → right×1",
        "disposed": true
      },
      {
        "index": 20,
        "label": "35",
        "round": "1-6",
        "flyDir": "down",
        "headCol": 2,
        "headRow": 4,
        "tailCol": 5,
        "tailRow": 4,
        "stepCount": 5,
        "path": "left×2 → up×1 → left×1 → down×1",
        "disposed": false
      },
      {
        "index": 21,
        "label": "34",
        "round": "1-5",
        "flyDir": "down",
        "headCol": 0,
        "headRow": 27,
        "tailCol": 0,
        "tailRow": 6,
        "stepCount": 0,
        "path": "down×3",
        "disposed": true
      },
      {
        "index": 22,
        "label": "33",
        "round": "1-4",
        "flyDir": "down",
        "headCol": 13,
        "headRow": 26,
        "tailCol": 12,
        "tailRow": 3,
        "stepCount": 0,
        "path": "right×1 → down×1",
        "disposed": true
      },
      {
        "index": 23,
        "label": "32",
        "round": "1-3",
        "flyDir": "right",
        "headCol": 15,
        "headRow": 23,
        "tailCol": 5,
        "tailRow": 23,
        "stepCount": 0,
        "path": "right×1",
        "disposed": true
      },
      {
        "index": 24,
        "label": "31",
        "round": "1-2",
        "flyDir": "down",
        "headCol": 11,
        "headRow": 9,
        "tailCol": 11,
        "tailRow": 8,
        "stepCount": 1,
        "path": "down×1",
        "disposed": false
      },
      {
        "index": 25,
        "label": "30",
        "round": "1-1",
        "flyDir": "down",
        "headCol": 13,
        "headRow": 25,
        "tailCol": 13,
        "tailRow": 11,
        "stepCount": 0,
        "path": "down×1",
        "disposed": true
      },
      {
        "index": 26,
        "label": "29",
        "round": "1",
        "flyDir": "up",
        "headCol": 3,
        "headRow": -2,
        "tailCol": 3,
        "tailRow": 1,
        "stepCount": 0,
        "path": "up×1",
        "disposed": true
      },
      {
        "index": 27,
        "label": "28",
        "round": "1",
        "flyDir": "down",
        "headCol": 10,
        "headRow": 25,
        "tailCol": 10,
        "tailRow": 22,
        "stepCount": 0,
        "path": "down×1",
        "disposed": true
      },
      {
        "index": 28,
        "label": "27",
        "round": "1",
        "flyDir": "right",
        "headCol": 22,
        "headRow": 18,
        "tailCol": 8,
        "tailRow": 17,
        "stepCount": 0,
        "path": "right×1 → down×2 → right×1 → up×1 → right×3",
        "disposed": true
      },
      {
        "index": 29,
        "label": "26",
        "round": "1",
        "flyDir": "left",
        "headCol": -5,
        "headRow": 4,
        "tailCol": 0,
        "tailRow": 2,
        "stepCount": 0,
        "path": "down×1 → right×1 → down×1 → left×1",
        "disposed": true
      },
      {
        "index": 30,
        "label": "25",
        "round": "1",
        "flyDir": "right",
        "headCol": 15,
        "headRow": 17,
        "tailCol": 12,
        "tailRow": 17,
        "stepCount": 0,
        "path": "right×1",
        "disposed": true
      },
      {
        "index": 31,
        "label": "24",
        "round": "1",
        "flyDir": "down",
        "headCol": 3,
        "headRow": 25,
        "tailCol": 3,
        "tailRow": 22,
        "stepCount": 0,
        "path": "down×1",
        "disposed": true
      },
      {
        "index": 32,
        "label": "23",
        "round": "1",
        "flyDir": "right",
        "headCol": 32,
        "headRow": 13,
        "tailCol": 9,
        "tailRow": 11,
        "stepCount": 0,
        "path": "left×1 → down×1 → left×1 → down×2 → right×2 → up×1 → right×1 → up×3 → right×1 → down×1 → right×1 → down×2 → right×1",
        "disposed": true
      },
      {
        "index": 33,
        "label": "22",
        "round": "1",
        "flyDir": "down",
        "headCol": 4,
        "headRow": 38,
        "tailCol": 7,
        "tailRow": 20,
        "stepCount": 0,
        "path": "left×1 → up×1 → right×1 → up×1 → right×1 → down×3 → left×4 → down×2",
        "disposed": true
      },
      {
        "index": 34,
        "label": "21",
        "round": "1",
        "flyDir": "left",
        "headCol": -13,
        "headRow": 13,
        "tailCol": 3,
        "tailRow": 8,
        "stepCount": 0,
        "path": "up×2 → left×1 → down×7 → left×2",
        "disposed": true
      },
      {
        "index": 35,
        "label": "20",
        "round": "1",
        "flyDir": "down",
        "headCol": 8,
        "headRow": 27,
        "tailCol": 9,
        "tailRow": 23,
        "stepCount": 0,
        "path": "up×1 → left×1 → down×1",
        "disposed": true
      },
      {
        "index": 36,
        "label": "19",
        "round": "1",
        "flyDir": "left",
        "headCol": -4,
        "headRow": 11,
        "tailCol": 0,
        "tailRow": 12,
        "stepCount": 0,
        "path": "right×1 → up×1 → left×1",
        "disposed": true
      },
      {
        "index": 37,
        "label": "18",
        "round": "1",
        "flyDir": "left",
        "headCol": -16,
        "headRow": 17,
        "tailCol": 6,
        "tailRow": 12,
        "stepCount": 0,
        "path": "left×1 → down×1 → right×1 → down×1 → left×2 → down×1 → left×1 → down×1 → left×1 → down×2 → left×1 → up×1 → left×1",
        "disposed": true
      },
      {
        "index": 38,
        "label": "17",
        "round": "1",
        "flyDir": "left",
        "headCol": -6,
        "headRow": 23,
        "tailCol": 3,
        "tailRow": 21,
        "stepCount": 0,
        "path": "left×1 → down×2 → left×2",
        "disposed": true
      },
      {
        "index": 39,
        "label": "16",
        "round": "1",
        "flyDir": "left",
        "headCol": -7,
        "headRow": 22,
        "tailCol": 1,
        "tailRow": 19,
        "stepCount": 0,
        "path": "left×1 → down×1 → right×1 → down×2 → left×1",
        "disposed": true
      },
      {
        "index": 40,
        "label": "15",
        "round": "1",
        "flyDir": "left",
        "headCol": -3,
        "headRow": 14,
        "tailCol": 1,
        "tailRow": 15,
        "stepCount": 0,
        "path": "up×1 → left×1",
        "disposed": true
      },
      {
        "index": 41,
        "label": "14",
        "round": "1",
        "flyDir": "right",
        "headCol": 21,
        "headRow": 19,
        "tailCol": 10,
        "tailRow": 21,
        "stepCount": 0,
        "path": "left×1 → up×1 → right×2 → up×1 → right×2",
        "disposed": true
      },
      {
        "index": 42,
        "label": "13",
        "round": "1",
        "flyDir": "down",
        "headCol": 13,
        "headRow": 28,
        "tailCol": 12,
        "tailRow": 20,
        "stepCount": 0,
        "path": "down×1 → right×1 → down×2",
        "disposed": true
      },
      {
        "index": 43,
        "label": "12",
        "round": "1",
        "flyDir": "left",
        "headCol": -5,
        "headRow": 10,
        "tailCol": 1,
        "tailRow": 7,
        "stepCount": 0,
        "path": "down×3 → left×1",
        "disposed": true
      },
      {
        "index": 44,
        "label": "11",
        "round": "1",
        "flyDir": "left",
        "headCol": -2,
        "headRow": 0,
        "tailCol": 1,
        "tailRow": 0,
        "stepCount": 0,
        "path": "left×1",
        "disposed": true
      },
      {
        "index": 45,
        "label": "10",
        "round": "1",
        "flyDir": "down",
        "headCol": 7,
        "headRow": 26,
        "tailCol": 6,
        "tailRow": 22,
        "stepCount": 0,
        "path": "right×1 → down×1",
        "disposed": true
      },
      {
        "index": 46,
        "label": "9",
        "round": "1",
        "flyDir": "left",
        "headCol": -2,
        "headRow": 16,
        "tailCol": 1,
        "tailRow": 16,
        "stepCount": 0,
        "path": "left×1",
        "disposed": true
      },
      {
        "index": 47,
        "label": "8",
        "round": "1",
        "flyDir": "right",
        "headCol": 37,
        "headRow": 5,
        "tailCol": 9,
        "tailRow": 2,
        "stepCount": 0,
        "path": "left×1 → down×1 → left×1 → up×2 → left×1 → up×1 → right×7 → down×1 → left×1 → down×1 → left×1 → down×2 → right×1 → down×1 → right×1",
        "disposed": true
      },
      {
        "index": 48,
        "label": "7",
        "round": "1",
        "flyDir": "right",
        "headCol": 15,
        "headRow": 16,
        "tailCol": 12,
        "tailRow": 16,
        "stepCount": 0,
        "path": "right×1",
        "disposed": true
      },
      {
        "index": 49,
        "label": "6",
        "round": "1",
        "flyDir": "down",
        "headCol": 12,
        "headRow": 26,
        "tailCol": 11,
        "tailRow": 22,
        "stepCount": 0,
        "path": "right×1 → down×1",
        "disposed": true
      },
      {
        "index": 50,
        "label": "5",
        "round": "1",
        "flyDir": "left",
        "headCol": -6,
        "headRow": 5,
        "tailCol": 5,
        "tailRow": 5,
        "stepCount": 0,
        "path": "left×5",
        "disposed": true
      },
      {
        "index": 51,
        "label": "4",
        "round": "1",
        "flyDir": "right",
        "headCol": 26,
        "headRow": 10,
        "tailCol": 9,
        "tailRow": 10,
        "stepCount": 0,
        "path": "up×1 → right×1 → up×2 → right×3 → down×1 → left×1 → down×2 → right×1",
        "disposed": true
      },
      {
        "index": 52,
        "label": "3",
        "round": "1",
        "flyDir": "right",
        "headCol": 25,
        "headRow": 6,
        "tailCol": 6,
        "tailRow": 4,
        "stepCount": 0,
        "path": "down×2 → right×2 → down×1 → right×1 → up×1 → right×4",
        "disposed": true
      },
      {
        "index": 53,
        "label": "2",
        "round": "1",
        "flyDir": "left",
        "headCol": -15,
        "headRow": 1,
        "tailCol": 4,
        "tailRow": 3,
        "stepCount": 0,
        "path": "right×2 → up×1 → left×1 → up×2 → left×1 → down×2 → left×2 → up×1 → left×2",
        "disposed": true
      },
      {
        "index": 54,
        "label": "1",
        "round": "1",
        "flyDir": "right",
        "headCol": 16,
        "headRow": 15,
        "tailCol": 12,
        "tailRow": 14,
        "stepCount": 0,
        "path": "down×1 → right×1",
        "disposed": true
      }
    ],
    "dependencies": {
      "0": null,
      "1": null,
      "2": null,
      "3": null,
      "4": null,
      "5": null,
      "6": null,
      "7": null,
      "8": null,
      "9": null,
      "10": null,
      "11": null,
      "12": null,
      "13": null,
      "14": null,
      "15": null,
      "16": null,
      "17": null,
      "18": 6,
      "19": null,
      "20": null,
      "21": null,
      "22": null,
      "23": null,
      "24": null,
      "25": null,
      "26": null,
      "27": null,
      "28": null,
      "29": null,
      "30": null,
      "31": null,
      "32": null,
      "33": null,
      "34": null,
      "35": null,
      "36": null,
      "37": null,
      "38": null,
      "39": null,
      "40": null,
      "41": null,
      "42": null,
      "43": null,
      "44": null,
      "45": null,
      "46": null,
      "47": null,
      "48": null,
      "49": null,
      "50": null,
      "51": null,
      "52": null,
      "53": null,
      "54": null
    },
    "cycles": []
  }
}